news,news,news,other,datetime,other,other,other
"Arriva l'engagement report, Netflix ora dà i numeri - Ultima ora - Ansa.it","Arriva l'engagement report, Netflix ora dà i numeri","Arriva l'engagement report, Netflix ora dà i numeri",Esce primo rapporto per ore di visione globale su prima parte 2023,",
                          13 dicembre 2023, 10:29","Dopo anni di segretezza e una prima apertura nel 2021 con la pubblicazione delle top ten, Netflix arriva a quella che il co-CEO di Netflix Ted Sarandos definisce in una conferenza stampa in remoto ""una pietra miliare per la nostra industria"" e annuncia che da oggi verranno divulgati i numeri dei titoli con piu' ore di visione globale.","""Negli ultimi 16 anni di streaming una costante e' stata la richiesta di avere piu' informazioni sui numeri delle visioni - spiega Sarandos -.",
Papa: ho preparato la mia tomba in Santa Maria Maggiore - Ultima ora - Ansa.it,Papa: ho preparato la mia tomba in Santa Maria Maggiore,Papa: ho preparato la mia tomba in Santa Maria Maggiore,"'Mai pensati di dimettermi, Milei mi ha invitato in Argentina'",",
                          13 dicembre 2023, 01:57","In un'intervista esclusiva con
l'emittente messicana N+, papa Francesco ""ha rivelato di aver
preparato la sua tomba nella Basilica di Santa Maria Maggiore
per la grande devozione che ha verso la Vergine Salus Populi
Romani e che sta semplificando il rito dei funerali papali"".","Lo
rende noto su X la giornalista Valentina Alazraki, che ha
realizzato l'intervista.","Il pontefice ha spiegato che ""quando
arrivano la vecchiaia e i limiti bisogna prepararsi"" e ""per
questo ha incontrato il cerimoniere per semplificare i funerali
papali, che saranno molto più semplici"". ""Lancerò il nuovo
rituale"", ha detto ""con umorismo"" papa Francesco, scrive la
corrispondente messicana in Vaticano."
"Borsa: l'Europa termina poco mossa, Francoforte -0,02% - Ultima ora - Ansa.it","Borsa: l'Europa termina poco mossa, Francoforte -0,02%","Borsa: l'Europa termina poco mossa, Francoforte -0,02%","Parigi cede lo 0 ,11%",",
                          12 dicembre 2023, 17:55",,,
Augusto Barbera è il nuovo presidente della Consulta - Ultima ora - Ansa.it,Augusto Barbera è il nuovo presidente della Consulta,Augusto Barbera è il nuovo presidente della Consulta,Da novembre guidava la Corte come facente funzioni,",
                          12 dicembre 2023, 11:27","Augusto Barbera è il nuovo presidente
della Corte costituzionale.","Professore emerito di diritto
costituzionale all'Università di Bologna, Barbera era dal mese
scorso il presidente facente funzioni della Corte .","Eletto dal
Parlamento giudice costituzionale nel 2015 su indicazione del
Pd, Barbera è stato parlamentare fra il 1976 e il 1994, prima
con il Pci e poi con il Pds. Nominato ministro per i Rapporti
con il Parlamento nel governo Ciampi,  si dimise con altri tre
esponenti della sinistra 24 ore dopo il giuramento per il no
della Camera all'autorizzazione a procedere per Bettino Craxi."
"Mattarella, essere orgogliosi della nostra agricoltura - Ultima ora - Ansa.it","Mattarella, essere orgogliosi della nostra agricoltura","Mattarella, essere orgogliosi della nostra agricoltura",Per il livello di qualità e di produzione di ricchezza raggiunti,",
                          12 dicembre 2023, 10:57","""L'immane dimensione del passo in
avanti, fatto in questi 75 anni che ci introduce in un altro
mondo.","Un mondo che le riforme e le politiche della Repubblica e
quelle della Unione Europea hanno sollecitato e che le imprese
agricole hanno plasmato.","Dovete, dobbiamo, esserne orgogliosi! 
Per il livello di qualità e di produzione di ricchezza
raggiunti, per la profonda rivoluzione sociale che, anche nelle
campagne, ha reso effettivi i principi di eguaglianza sanciti
nei primi articoli della nostra Carta"". Lo ha detto il
presidente della Repubblica, Sergio Mattarella, parlando all'
Assemblea generale di Confagricoltura."
"Capo dell'Unrwa, 'a Gaza c'è l'inferno in terra' - Ultima ora - Ansa.it","Capo dell'Unrwa, 'a Gaza c'è l'inferno in terra'","Capo dell'Unrwa, 'a Gaza c'è l'inferno in terra'","Lazzarini, 'la nostra agenzia affronta situazione impossibile'",",
                          12 dicembre 2023, 12:36","Il capo dell'agenzia delle Nazioni
Unite per i rifugiati palestinesi (Unrwa) Philippe Lazzarini ha
affermato, al termine di una visita notturna nella Striscia di
Gaza, che i civili stanno vivendo ""l'inferno in terra"".      
				   ""A Gaza, una tragedia che si aggrava senza fine.",,
"Lollobrigida,prorogata Carta Dedicata a te e cresce fondo - Ultima ora - Ansa.it","Lollobrigida,prorogata Carta Dedicata a te e cresce fondo","Lollobrigida,prorogata Carta Dedicata a te e cresce fondo",Da 500 a 600 milioni le risorse per gli acquisti alimentari,",
                          12 dicembre 2023, 09:56","Prorogati i termini per l'attivazione
della Carta 'dedicata a te'.","Le famiglie, che non erano riuscite
a ritirare la carta per gli acquisti alimentari o a effettuare
la prima transazione entro lo scorso 15 settembre, potranno
attivare la card e disporre, dal 15 dicembre prossimo, di 382,50
euro, somma alla quale ora si aggiungono i 77,20 euro da
destinare all'acquisto di beni alimentari o di carburante"".","Lo
annuncia il Ministro dell'Agricoltura Francesco Lollobrigida,
dopo la pubblicazione del decreto Masaf-Mimit-Mef che potenzia
lo strumento con un aumento di risorse di 100 milioni, passando
così da 500 a 600 milioni di euro."
"Il Papa ribadisce, totale inconciliabilità tra mafia e Vangelo - Ultima ora - Ansa.it","Il Papa ribadisce, totale inconciliabilità tra mafia e Vangelo","Il Papa ribadisce, totale inconciliabilità tra mafia e Vangelo",Messaggio per un evento alla Lumsa dedicato a don Puglisi,",
                          12 dicembre 2023, 17:45","Il Papa ha inviato un
messaggio alla Lumsa, per un evento in memoria di don Pino
Puglisi, e ha ribadito ""la totale inconciliabilità tra ogni
organizzazione criminale, mafia, camorra o 'ndrangheta, e il
Vangelo"".      
				    Papa Francesco ha ricordato che don Puglisi è stato ucciso
perché  ""voleva togliere la sua gente, soprattutto i giovani,
dalle grinfie della mafia"".",,"Quella pace che manca a tanti nostri
fratelli e sorelle che portiamo nel cuore, come le popolazioni
dell'Ucraina, di Israele e di Palestina. Non stanchiamoci di
pregare per loro""."
"Conte a Meloni, basta con questo degrado istituzionale - Ultima ora - Ansa.it","Conte a Meloni, basta con questo degrado istituzionale","Conte a Meloni, basta con questo degrado istituzionale",Adotti i provvedimenti contro i suoi ministri,",
                          12 dicembre 2023, 21:10","Il leader del M5S Giuseppe Conte,
intervenendo nell'Aula della Camera in dichiarazione di voto
dopo le comunicazioni della premier sul Consiglio europeo,
invita la premier Giorgia Meloni ad ""adottare i provvedimenti
nei confronti dei suoi ministri come Santanchè, Delmastro,
Sgarbi"" coinvolti in vicende giudiziarie.","""Basta con questo
degrado istituzionale"", dichiara.","Degli incarichi all'interno
del suo partito, aggiunge Conte, può parlarne con i suoi come
dice lei, ""ora è Natale e ne parlerà in famiglia con sua sorella
e suo cognato"". Ma ""per gli incarichi di governo - grida Conte
tra gli applausi dei suoi - deve risponderne all'Italia intera""."
"Wafa, 4 palestinesi uccisi da drone Israele in Cisgiordania - Ultima ora - Ansa.it","Wafa, 4 palestinesi uccisi da drone Israele in Cisgiordania","Wafa, 4 palestinesi uccisi da drone Israele in Cisgiordania","Fonti sicurezza, soldati attaccati da uomini armati",",
                          12 dicembre 2023, 10:07","Quattro palestinesi sono stati
uccisi a Jenin in un ""attacco con un drone"" israeliano in un
quartiere della città nel nord della Cisgiordania.",,"Contro i militari -
ha proseguito - sono stati tirati numerosi esplosivi. Haaretz ha
riferito che i palestinesi erano miliziani del gruppo armato
Battaglione di Jenin."
"Il prezzo del gas chiude in calo ad Amsterdam a 34,7 euro - Ultima ora - Ansa.it","Il prezzo del gas chiude in calo ad Amsterdam a 34,7 euro","Il prezzo del gas chiude in calo ad Amsterdam a 34,7 euro","La flessione del contratto Ttf è pari al 3,9%",",
                          12 dicembre 2023, 18:16","Il prezzo del gas chiude la seduta
in calo ad Amsterdam.","Il contratto Ttf ha concluso in ribasso
del 3,9% a 34,7 euro al megawattora.",
"Usb, nessuno stop, avanti con lo sciopero di venerdì - Ultima ora - Ansa.it","Usb, nessuno stop, avanti con lo sciopero di venerdì","Usb, nessuno stop, avanti con lo sciopero di venerdì","'Con Salvini nulla di fatto, ricorreremo al Tar'",",
                          12 dicembre 2023, 19:27","L'incontro con il ministro dei
Trasporti ""si è concluso con un nulla di fatto"" e di fronte
all'ordinanza di Salvini di ridurre la mobilitazione da 24 a 4
ore, Usb ""conferma lo sciopero di tutta la giornata"".","Lo si
legge in una nota dei sindacati di base.","Il diritto di sciopero,
scrivono, ""è un diritto garantito dalla nostra Costituzione"" e
Usb Lavoro Privato ha comunicato direttamente a Salvini che
""provvederà a richiedere al Tar di competenza la sospensiva
dell'ordinanza ma, in ogni caso, disobbedirà alla riduzione
imposta dal ministro, confermando lo sciopero nazionale di 24
ore"" del prossimo 15 dicembre."
"Cremlino, 'incontro Biden-Zelensky non cambierà nulla' - Ultima ora - Ansa.it","Cremlino, 'incontro Biden-Zelensky non cambierà nulla'","Cremlino, 'incontro Biden-Zelensky non cambierà nulla'",Lo ha detto il portavoce Peskov,",
                          12 dicembre 2023, 10:49","Dall'incontro tra i presidenti
americano Joe Biden e ucraino Volodymyr Zelensky non uscirà
nulla che possa ""cambiare la situazione sul campo di battaglia"".      
				Lo ha detto il portavoce del Cremlino, Dmitry Peskov, citato
dalla Tass.      
				""Le decine di miliardi di dollari pompati in Ucraina non hanno
aiutato a raggiungere alcun successo sul campo di battaglia"", ha
affermato Peskov.",,"Non può cambiare la situazione sul campo di battaglia
e non può fermare nemmeno i progressi dell'operazione militare
speciale""."
"Ucraina, missili nella notte su Kiev: almeno 45 feriti - Ultima ora - Ansa.it","Ucraina, missili nella notte su Kiev: almeno 45 feriti","Ucraina, missili nella notte su Kiev: almeno 45 feriti","Zelensky in Usa trova muro repubblicano, Biden: regalo a Putin",,E' arrivato ad almeno 45 feriti il bilancio dell'attacco missilistico russo che ha preso di mira il quartiere Dniprovskyi di Kiev nelle prime ore di oggi.,"Lo riportano i media locali, specificando che a causare i danni sono stati i detriti degli obiettivi abbattuti dalle difese aeree della capitale ucraina.",
"Helsinki, 'apriremo 2 valichi di frontiera con la Russia' - Ultima ora - Ansa.it","Helsinki, 'apriremo 2 valichi di frontiera con la Russia'","Helsinki, 'apriremo 2 valichi di frontiera con la Russia'",Petteri Orpo: 'Manterremo chiuso il confine orientale',",
                          12 dicembre 2023, 14:14","La Finlandia riaprirà due valichi
di frontiera con la Russia,.","Lo ha dichiarato il primo ministro
Petteri Orpo, dopo che a novembre Helsinki aveva chiuso il
confine, accusando Mosca di aver orchestrato un'ondata di
migranti.","""Il governo ha deciso oggi di mantenere chiuso il
confine orientale, ad eccezione di due valichi di frontiera"", ha
dichiarato il primo ministro."
Gb: governo Sunak si salva sul piano Ruanda - Ultima ora - Ansa.it,Gb: governo Sunak si salva sul piano Ruanda,Gb: governo Sunak si salva sul piano Ruanda,Primo ok a cruciale legge su immigrazione malgrado fronda Tory,",
                          12 dicembre 2023, 20:33","Il governo di Rishi Sunak si è
salvato stasera alla Camera dei Comuni nel voto introduttivo (ad
alto rischio) sulla cruciale proposta di legge attuativa del
cosiddetto piano Ruanda bis per il contestato trasferimento a
pagamento nel Paese africano di quote di richiedenti asilo
sbarcati illegalmente nel Regno Unito: testo presentato dal
premier e dalla sua compagine come un'iniziativa simbolo - anche
in chiave pre-elettorale - del promesso rilancio della linea
dura contro l'immigrazione.","La proposta è passata, almeno in
prima battuta, con 313 sì e 279 no, ma non senza divisioni
interne alla maggioranza Tory.",
"Meloni,partita per Patto è ancora aperta perché l'Italia è seria - Ultima ora - Ansa.it","Meloni,partita per Patto è ancora aperta perché l'Italia è seria","Meloni,partita per Patto è ancora aperta perché l'Italia è seria",Bruxelles ce lo riconosce. La trattativa è difficilissima,",
                          12 dicembre 2023, 16:17",,,
"Barelli, sul Superbonus serve una proroga,governo ne tenga conto - Ultima ora - Ansa.it","Barelli, sul Superbonus serve una proroga,governo ne tenga conto","Barelli, sul Superbonus serve una proroga,governo ne tenga conto","Perseguire chi ha truffato, ma aiutare chi è in difficoltà",",
                          12 dicembre 2023, 14:56","""Va perseguito in modo duro chi ha
abusato di questo strumento e addirittura ha truffato lo Stato.      
				Ma al contempo FI ritiene che i cittadini e le aziende oneste
che ora sono in difficoltà debbano poter avere una proroga,
seppur contenuta, del superbonus"".","Lo stop del Mef? ""Io ritengo
che il governo debba tenere in considerazione la necessità di
cittadini, condomini e aziende oneste di poter completare le
opere"".","Così il capogruppo di FI alla Camera, Paolo Barelli,
interpellato dall'ANSA, sulle modifiche al Superbonus nella
manovra."
Cop28 approva'Global stocktake' su impegni e azioni clima - Ultima ora - Ansa.it,Cop28 approva'Global stocktake' su impegni e azioni clima,Cop28 approva'Global stocktake' su impegni e azioni clima,Accolto con un applauso dai 198 Paesi,",
                          13 dicembre 2023, 08:25","I 198 delegati alla Cop28, la
Conferenza delle Nazioni Uniote sui cambiamenti climatici hanno
approvato il 'Global Stocktake', il bilancio degli impegni e che
comprende le azioni per ridurre le emissioni di gas serra.      
				L'approvazione è avvenuta subito dopo l'apertura della plenaria
ed è stata accolta con un applauso.",,
"Confagricoltura, serve un piano straordinario per il settore - Ultima ora - Ansa.it","Confagricoltura, serve un piano straordinario per il settore","Confagricoltura, serve un piano straordinario per il settore",Assemblea 2023. 'Investire in innovazione e ricerca',",
                          12 dicembre 2023, 10:56","Nell'ambito della nuova geopolitica
del cibo, pensiamo al Brasile, alla Cina, alle nuove
coltivazioni in Arabia Saudita ""l'agricoltura italiana deve
continuare a investire e investire sull'innovazione e per fare
questo ci vuole un piano straordinario per l'agricoltura e il
2024 deve essere l'anno per costruire questo piano"".","Lo ha
detto il presidente di Confagricoltura, Massimiliano Giansanti,
a margine dell'Assemblea della Confederazione che si è aperta a
Roma, all'Auditorium, alla presenza del presidente della
Repubblica, Sergio Mattarella.","""L'allargamento a est ci
preoccupa un po' - ha detto - ma dall'altra parte serve un
ripensamento generale delle regole europee, per garantire la
capacità competitiva dei singoli Stati"".    Per l'Italia,
occorrono dunque ""politiche di incentivo e di investimento per
chi vuole innovare e soprattutto diventa fondamentale promuovere
la ricerca"".    Oggi obiettivo dell'Assemblea è quello di ""una
maggiore consapevolezza su quello che è il valore
dell'agricoltura italiana, che è tutto ciò che stiamo portando
nel mondo e che tutti ci riconoscono"", ha concluso Giansanti."
"Tusk, 'una Ue forte rafforza la Polonia' - Ultima ora - Ansa.it","Tusk, 'una Ue forte rafforza la Polonia'","Tusk, 'una Ue forte rafforza la Polonia'",'Serve una piena mobilitazione per aiutare l'Ucraina',",
                          12 dicembre 2023, 11:28","Un'unione europea forte rende la
Polonia ""più forte"".",,"La precedente amministrazione di destra ha avuto
frequenti conflitti con Bruxelles. Tusk ha anche sollecitato la
""piena mobilitazione"" del mondo per aiutare l'Ucraina."
"Nessuna proroga del Superbonus, si studia Sal straordinaria - Ultima ora - Ansa.it","Nessuna proroga del Superbonus, si studia Sal straordinaria","Nessuna proroga del Superbonus, si studia Sal straordinaria","Più tempo per la documentazione, presentazione entro 10 gennaio",",
                          12 dicembre 2023, 12:20","Sul Superbonus è allo studio un
emendamento da parte dei relatori ""non in termini di proroga ma
di Sal (stato di avanzamento lavori) straordinaria"" al 31
dicembre.","Lo ha spiegato il relatore della manovra Guido Liris
(FdI).","L'emendamento che non è oneroso, ha spiegato, ""fissa la
possibilità di arrivare ai primi 10 giorni di gennaio 2024 con
tutta la documentazione per salvaguardare l'agevolazione sui
lavori fatti entro fine anno"". ""E' utile per il completamento
dei lavori"", ha aggiunto."
"Arriva emendamento a manovra sul Ponte, rimodulati i fondi - Ultima ora - Ansa.it","Arriva emendamento a manovra sul Ponte, rimodulati i fondi","Arriva emendamento a manovra sul Ponte, rimodulati i fondi",Meno oneri per lo Stato. Niente sul superbonus,",
                          12 dicembre 2023, 17:27","Arriva il quarto emendamento
annunciato dal governo sulla manovra.","La proposta di modifica
rimodula i fondi stanziati per il Ponte sullo Stretto prevedendo
una riduzione degli oneri a carico dello Stato di 2,3 miliardi
(su un totale di circa 11,6 miliardi al 2032).","Le risorse
risparmiate dallo Stato vengono recuperate dal Fondo di sviluppo
e coesione: 718 milioni arrivano dalla quota del fondo destinata
alle amministrazioni centrali e 1.600 dalla quota destinata alle
regioni Calabria e Sicilia."
"Salvini, 'firmata l'ordinanza per evitare 24 ore di sciopero' - Ultima ora - Ansa.it","Salvini, 'firmata l'ordinanza per evitare 24 ore di sciopero'","Salvini, 'firmata l'ordinanza per evitare 24 ore di sciopero'",'Avrebbe paralizzato l'Italia venerdì prossimo',",
                          12 dicembre 2023, 21:58","""Ho firmato per evitare lo sciopero
di 24 ore del sciopero del trasporto pubblico che avrebbe
paralizzato l'Italia venerdì prossimo"".",,"Quindi ho il
diritto, anzi il dovere garantire la mobilità e l'utilizzo dei
mezzi pubblici a 20 milioni di lavoratrici e lavoratori italiani
e sono orgoglioso di averlo fatto""."
"Suicidio moglie era femminicidio, lo incastra disegno figlia - Ultima ora - Ansa.it","Suicidio moglie era femminicidio, lo incastra disegno figlia","Suicidio moglie era femminicidio, lo incastra disegno figlia","Uomo arrestato, vessava continuamente la donna",",
                          12 dicembre 2023, 15:36","I carabinieri hanno arrestato un
uomo di 44 anni, Ahmed Mustak, accusato di avere ucciso la
moglie e di avere fatto passare la morte della donna, Sharmin
Sultana, di 32 anni, come un suicidio.","L'uomo, sostiene
l'accusa, è stato scoperto anche grazie a un disegno fatto dalla
figlia più grande.","Secondo quanto ricostruito dagli
investigatori, coordinati dal sostituto procuratore Marcello
Maresca, l'uomo vessava continuamente la donna. La morte era
avvenuta lo scorso marzo nel quartiere di Sestri Ponente a
Genova. In un primo momento si era pensato a un suicidio ma
anche i familiari della donna avevano espresso dubbi sul marito."
"Meloni,partita per Patto è ancora aperta perché l'Italia è seria - Ultima ora - Ansa.it","Meloni,partita per Patto è ancora aperta perché l'Italia è seria","Meloni,partita per Patto è ancora aperta perché l'Italia è seria",Bruxelles ce lo riconosce. La trattativa è difficilissima,",
                          12 dicembre 2023, 16:17",,,
"Borsa: Milano chiude in ribasso (-0,28%) - Ultima ora - Ansa.it","Borsa: Milano chiude in ribasso (-0,28%)","Borsa: Milano chiude in ribasso (-0,28%)",L'indice Ftse Mib a 30.342 punti,",
                          12 dicembre 2023, 17:42","Piazza Affari ha chiuso in ribasso.      
				L'indice Ftse Mib ha perso lo 0,28% a 30.342 punti.",,
"L'inflazione rallenta negli Usa, prezzi salgono del 3,1% - Ultima ora - Ansa.it","L'inflazione rallenta negli Usa, prezzi salgono del 3,1%","L'inflazione rallenta negli Usa, prezzi salgono del 3,1%","Il dato di novembre. Su base mensile +0,1%",",
                          12 dicembre 2023, 14:45","L'inflazione rallenta negli
Stati Uniti in novembre, per il secondo mese consecutivo.","I
prezzi al consumo su base annuale frenano al 3,1%, come si
attendevano gli analisti (3,2  in ottobre).","Su base mensile i
prezzi sono cresciuti dello 0,1% mentre  gli osservatori 
scommettevano su una percentuale invariata."
"Borsa: Milano debole, Banco Bpm sale con il piano, giù Mps - Ultima ora - Ansa.it","Borsa: Milano debole, Banco Bpm sale con il piano, giù Mps","Borsa: Milano debole, Banco Bpm sale con il piano, giù Mps","Ftse Mib -0,22%, in luce Amplifon e Azimut",",
                          12 dicembre 2023, 18:05","Seduta debole a Piazza Affari
(-0,28%) mentre gli altri listini europei hanno chiuso poco
sotto la parità con gli indici di Wall Street incerti alla
vigilia della decisione della Fed che dovrebbe, secondo le
attese, mantenere ancora per un po' di tempo i tassi invariati,
rinviando al prossimo anno un taglio.",,"L'istituto guidato da Alberto Castagna ha
reagito in modo positivo al nuovo piano ma ha ridotto il
guadagno finale all'1,23%. In cima al podio si sono piazzate
alla Amplifon (+2,47%) e Azimut (+1,33%)."
"Ucraina, missili nella notte su Kiev: almeno 45 feriti - Ultima ora - Ansa.it","Ucraina, missili nella notte su Kiev: almeno 45 feriti","Ucraina, missili nella notte su Kiev: almeno 45 feriti","Zelensky in Usa trova muro repubblicano, Biden: regalo a Putin",,E' arrivato ad almeno 45 feriti il bilancio dell'attacco missilistico russo che ha preso di mira il quartiere Dniprovskyi di Kiev nelle prime ore di oggi.,"Lo riportano i media locali, specificando che a causare i danni sono stati i detriti degli obiettivi abbattuti dalle difese aeree della capitale ucraina.",
"Borsa: Tokyo, apertura in rialzo (+0,42%) - Ultima ora - Ansa.it","Borsa: Tokyo, apertura in rialzo (+0,42%)","Borsa: Tokyo, apertura in rialzo (+0,42%)","Fiducia imprese in Giappone migliora oltre attese, yen stabile",",
                          13 dicembre 2023, 01:26","La Borsa di Tokyo inizia la seduta
in rialzo, in scia al consolidamento degli indici azionari Usa e
dopo il miglioramento oltre le attese della fiducia delle
imprese in Giappone, segnalato dall'indice Tankan della Bank of
Japan.      
				   In apertura l'indice di riferimento Nikkei avanza dello 0,42%
a quota 32.980,54, segnando un progresso di 136 punti.","Sul
fronte valutario lo yen tratta a un valore di 145,30 sul dollaro
e poco sotto a 157 sull'euro.",
Treno travolge e uccide un uomo e una donna nel Mantovano - Ultima ora - Ansa.it,Treno travolge e uccide un uomo e una donna nel Mantovano,Treno travolge e uccide un uomo e una donna nel Mantovano,Indagini per stabilire se doppio suicidio o incidente,",
                          12 dicembre 2023, 09:10","Un uomo e una donna sono morti
travolti da un treno in aperta campagna.",,"Sono
in corso le indagini per chiarire la dinamica dell'accaduto e
per stabilire se si è trattato di un gesto volontario, come
sembra essere più probabile, o di un incidente.Il convoglio
passeggeri proveniva da Milano ed era diretto a Mantova."
"Harvard non silura la rettrice, salvata dal cda - Ultima ora - Ansa.it","Harvard non silura la rettrice, salvata dal cda","Harvard non silura la rettrice, salvata dal cda",Sostegno unanime a Claudine Gay,",
                          12 dicembre 2023, 14:36","Il consiglio di amministrazione
di Harvard ha votato all'unanimità a favore della rettrice
Claudine Gay, finita nella bufera assieme ad altre due colleghe,
per una serie di frasi controverse sull'antisemitismo.      
				    ""In questo momento tumultuoso e difficile, sosteniamo
all'unanimità la presidente Gay"", ha affermato il consiglio di
amministrazione di Harvard in una nota.",,
"Il prezzo del gas scende a 35 euro, su un anno -54% - Ultima ora - Ansa.it","Il prezzo del gas scende a 35 euro, su un anno -54%","Il prezzo del gas scende a 35 euro, su un anno -54%","Ad Amsterdam quotazioni cedono il 2,5%. Minimi da dicembre 2021",",
                          12 dicembre 2023, 13:39","Il prezzo del gas scende a 35 euro
e aggiorna i minimi a dicembre del 2021.",,"Su
un anno la flessione è del 54%."
"Wsj, Israele inizia a pompare acqua di mare in tunnel a Gaza - Ultima ora - Ansa.it","Wsj, Israele inizia a pompare acqua di mare in tunnel a Gaza","Wsj, Israele inizia a pompare acqua di mare in tunnel a Gaza",'Intenso sforzo per distruggere l'infrastruttura sotterranea',",
                          12 dicembre 2023, 20:14","L'esercito israeliano ha
iniziato a pompare acqua di mare nel vasto complesso di tunnel
di Hamas a Gaza, parte di un intenso sforzo per distruggere
l'infrastruttura sotterranea che ha sostenuto le operazioni del
gruppo: lo scrive in esclusiva il Wall Street Journal, citando
dirigenti Usa informati sulle operazioni dell'esercito
israeliano.",,
"Berlinale, Tricia Tuttle sarà la nuova direttrice - Ultima ora - Ansa.it","Berlinale, Tricia Tuttle sarà la nuova direttrice","Berlinale, Tricia Tuttle sarà la nuova direttrice",Presentata la statunitense già a capo del Festival londinese Bfi,",
                          12 dicembre 2023, 12:30","La statunitense Tricia Tuttle sarà
in futuro al timone della Berlinale.","La ministra della Cultura
della città-regione Berlino, Claudia Roth, ha presentato nella
capitale tedesca l'ex capo del ""London Film Festival"" (Bfi) come
nuova direttrice del festival cinematografico berlinese.","Lo
riferisce l'agenzia Dpa."
"Borsa: Milano apre poco sopra la parità (+0,05%) - Ultima ora - Ansa.it","Borsa: Milano apre poco sopra la parità (+0,05%)","Borsa: Milano apre poco sopra la parità (+0,05%)",Indice Ftse Mib a 30.356 punti,",
                          13 dicembre 2023, 09:08","La Borsa di Milano ha aperto poco
sopra la parità.","L'indice Ftse Mib ha segnato un guadagno
inziale dello 0,05% a 30.356 punti.",
"Cremlino, 'inammissibili interferenze Usa su Navalny' - Ultima ora - Ansa.it","Cremlino, 'inammissibili interferenze Usa su Navalny'","Cremlino, 'inammissibili interferenze Usa su Navalny'",Ieri Washington ha manifestato la sua preoccupazione,",
                          12 dicembre 2023, 10:50","Le interferenze degli Usa in merito
all'oppositore russo Alexei Navalny sono ""inammissibili"", ha
affermato oggi il portavoce del Cremlino, Dmitry Peskov.      
				   ""Qui stiamo parlando di un detenuto che è stato giudicato
colpevole e sta scontando la sua pena, e ogni interferenza da
parte di chiunque, compresi gli Stati Uniti, è inammissibile"",
ha detto Peskov, citato dall'agenzia Interfax, dopo che ieri
Washington aveva manifestato preoccupazione per Navalny, che
sarebbe stato trasferito in un nuovo carcere.",,
"Mef, niente Imu per immobili occupati abusivamente - Ultima ora - Ansa.it","Mef, niente Imu per immobili occupati abusivamente","Mef, niente Imu per immobili occupati abusivamente",Deve essere stata presentata denuncia all'autorità giudiziaria,",
                          12 dicembre 2023, 14:59","Entro il 18 dicembre i contribuenti
dovranno pagare il saldo Imu.","In proposito, il Mef fa presente
che l'imposta non va versata per gli immobili abusivamente
occupati, per i quali sia stata presentata denuncia all'autorità
giudiziaria per i reati previsti dagli artt.","614, secondo comma,
e 633 c.p., o per i quali sia stata presentata denuncia o
iniziata azione giudiziaria penale. L'esenzione spetta anche se
non è stato ancora adottato il decreto di attuazione, che
riguarda solo il modello dichiarativo. I contribuenti che
fruiscono dell'esenzione dovranno poi presentare la
dichiarazione Imu in via telematica, entro il 30 giugno 2024."
"La laurea in memoria di Giulia,il 2 febbraio consegna a famiglia - Ultima ora - Ansa.it","La laurea in memoria di Giulia,il 2 febbraio consegna a famiglia","La laurea in memoria di Giulia,il 2 febbraio consegna a famiglia",Lo ha deciso il Senato accademico dell'Università di Padova,",
                          12 dicembre 2023, 18:38","Sarà consegnato ai familiari il 2
febbraio 2024 il diploma di laurea di Giulia Cecchettin, la
22enne di Vigonovo vittima di femminicidio.","Lo ha deciso oggi il
Senato Accademico dell'Università di Padova, approvando la
delibera che conferisce a Giulia la laurea alla memoria in
Ingegneria Biomedica.","Com'è noto, la ragazza di Vigonovo, era
stata uccisa pochi giorni prima della discussione della tesi."
Insulta arbitro donna 'Devi fare fine di quella di Vigonovo' - Ultima ora - Ansa.it,Insulta arbitro donna 'Devi fare fine di quella di Vigonovo',Insulta arbitro donna 'Devi fare fine di quella di Vigonovo',"Durante partita basket under 17, si prende Daspo di 5 anni",",
                          12 dicembre 2023, 11:13","Un Daspo che gli vieterà ogni
manifestazione sportiva per 5 anni è stato inflitto nei
confronti di 50enne, padre di un giovane giocatore di basket,
che durante una partita ha insultato l'arbitro donna
dell'incontro, urlandole, tra le altre, ""devi fare la stessa
fine di quella di Vigonovo"", c riferimento al femminicidio di
Giulia Cecchettin.      
				    Il provvedimento è stato emesso dal questore di Padova,
Marco Odorisio.","Contro l'arbitro, una 17enne, l'uomo aveva
rivolto altrri insulti di tipo sessista.","Il fatto era avvenuto
il  dicembre scorso, durante la partita di pallacanestro under
17 maschile tra  le squadre Camin e Cittadella Brenta Gunners."
"Meloni, politica estera non è fare foto con Macron e Scholz - Ultima ora - Ansa.it","Meloni, politica estera non è fare foto con Macron e Scholz","Meloni, politica estera non è fare foto con Macron e Scholz","Ue è a 27, io parlo con tutti, con Francia, Germania e Ungheria",",
                          12 dicembre 2023, 20:54","""Mi ha molto colpito che si sia fatto
riferimento al grande gesto da statista del mio predecessore
Mario Draghi e la foto in treno verso Kiev con Macron e Scholz.      
				Per alcuni la politica estera è stata farsi foto con Francia e
Germania quando non si portava a casa niente.","L'Europa non è a
tre ma a 27, bisogna parlare con tutti: io parlo con la
Germania, la Francia e pure con l'Ungheria, questo è fare bene
il mio mestiere"".","Lo ha detto la premier Giorgia Meloni nella
replica alla Camera, rispondendo alla dem Lia Quartapelle."
"Champions: Inter pareggia 0-0 con R.Sociedad, seconda nel girone - Ultima ora - Ansa.it","Champions: Inter pareggia 0-0 con R.Sociedad, seconda nel girone","Champions: Inter pareggia 0-0 con R.Sociedad, seconda nel girone",Nerazzurri a 12 punti ma dietro per la differenza reti,",
                          12 dicembre 2023, 23:11","L'Inter non va oltre lo 0-0 a San
Siro con Real Sociedad e chiude al secondo posto del girone D di
Champions League.",,
Primo braccialetto 'd'urgenza' per stalking con nuovo Ddl - Ultima ora - Ansa.it,Primo braccialetto 'd'urgenza' per stalking con nuovo Ddl,Primo braccialetto 'd'urgenza' per stalking con nuovo Ddl,Proposto dal questore di Monza per un trentenne brianzolo,",
                          13 dicembre 2023, 08:12","Il braccialetto elettronico
""d'urgenza"" è stato applicato a un trentenne italiano residente
in provincia di Monza, già condannato per stalking, su proposta
del questore di Monza Salvatore Barilaro.",,"In
caso di manomissione l'uomo potrà essere arrestato anche fuori
flagranza di reato."
"Zelensky, dal Congresso Usa 'segnali positivi' - Ultima ora - Ansa.it","Zelensky, dal Congresso Usa 'segnali positivi'","Zelensky, dal Congresso Usa 'segnali positivi'",'Ma aspettiamo i risultati',",
                          12 dicembre 2023, 23:51","Nei suoi incontri al Congresso
americano Volodymyr Zelensky ha avuto ""segnali positivi"" sui
nuovi aiuti all'Ucraina.","Lo ha detto lui stesso in una
conferenza stampa alla Casa Bianca con Joe Biden sottolineando
tuttavia di voler aspettare i ""risultati"".",
"Mattarella, lucidità e lungimiranza per le prossime elezioni Ue - Ultima ora - Ansa.it","Mattarella, lucidità e lungimiranza per le prossime elezioni Ue","Mattarella, lucidità e lungimiranza per le prossime elezioni Ue",Eurocamera massimo organo rappresentativo volontà cittadini,",
                          12 dicembre 2023, 13:14","""Il 2024 sarà caratterizzato da un
grande esercizio di democrazia: il popolo europeo sarà chiamato
a eleggere il Parlamento d'Europa, massimo organismo
rappresentativo delle volontà dei cittadini del continente.      
				Occorreranno lucidità di giudizio e consapevole lungimiranza per
essere all'altezza delle sfide che ci riguardano.","Le strutture
dell'Unione hanno bisogno di essere rafforzate in numerosi
ambiti, dalla difesa all'agricoltura"".","Lo ha detto il Presidente
della Repubblica, Sergio Mattarella, parlando all'Assemblea
generale di Confagricoltura."
"Hamas, 'Israele ha assaltato ospedale a nord di Gaza' - Ultima ora - Ansa.it","Hamas, 'Israele ha assaltato ospedale a nord di Gaza'","Hamas, 'Israele ha assaltato ospedale a nord di Gaza'",'Sono entrati nella struttura di Kamal Adwan',",
                          12 dicembre 2023, 10:52","Le forze israeliane hanno assaltato
l'ospedale Kamal Adwan, nel nord di Gaza.",Lo riporta Afp.,"Il
ministero della Sanità, gestito da Hamas, come scritto da Al
Jazeera, ha riferito che l'attacco è avvenuto dopo che al
struttura era stata assediata e bombardato per giorni."
"Gaza: Onu, 'in forte aumento le malattie trasmissibili' - Ultima ora - Ansa.it","Gaza: Onu, 'in forte aumento le malattie trasmissibili'","Gaza: Onu, 'in forte aumento le malattie trasmissibili'",In rifugi Unrwa numero sfollati interni 9 volte più del previsto,",
                          12 dicembre 2023, 10:05","Il sovraffollamento e le pessime
condizioni igieniche nei rifugi dell'agenzia Onu per i rifugiati
palestinesi (Unrwa) nel sud della Striscia di Gaza, hanno
provocato un aumento significativo di alcune malattie e
condizioni trasmissibili come la diarrea, le infezioni
respiratorie acute, le infezioni della pelle e condizioni legate
all'igiene come i pidocchi: lo rende noto l'Ufficio per gli
affari umanitari dell'Onu (Ocha) nel suo aggiornamento
quotidiano.",Lo riporta il Guardian.,"In media, aggiunge l'Ocha, i
rifugi dell'Unrwa situati nelle aree centrali e meridionali
ospitano 9 volte il numero di sfollati interni rispetto al
previsto."
"La Cop28 va ai supplementari, rush finale per l'accordo - Ultima ora - Ansa.it","La Cop28 va ai supplementari, rush finale per l'accordo","La Cop28 va ai supplementari, rush finale per l'accordo","Si tratta nella notte, verso una nuova bozza di compromesso",",
                          12 dicembre 2023, 20:18","A Dubai la Cop28 doveva
ufficialmente essersi già chiusa.","E invece si va ai tempi
supplementari, alla ricerca di un accordo di compromesso su una
nuova bozza che sia meno 'deludente' della precedente.","Almeno
secondo la maggior parte dei 197 Paesi più l'Unione europea che
dal 30 novembre stanno partecipando ai negoziati. L'inviato Usa
per il clima, John Kerry, è tra coloro che ammettono progressi
nelle ultime ore."
,,,,,,,
"Borsa: l'Europa apre in rialzo, Francoforte +0,17% - Ultima ora - Ansa.it","Borsa: l'Europa apre in rialzo, Francoforte +0,17%","Borsa: l'Europa apre in rialzo, Francoforte +0,17%","Più cauta Parigi (+0,08%), Londra +0,33%",",
                          12 dicembre 2023, 09:19","Avvio con il segno più per le Borse
europee che guardano all'inflazione Usa, attesa in giornata, ma
soprattutto alle banche centrale e alle mosse per il 2024 per
invertire la politica sui tassi.      
				Parigi segna un marginale +0,08% con il Cac 40 a 7.557 punti.      
				Più convinta Francoforte (+0,17% con il Dax a 16.823 punti) in
attesa dell'indice Zew.","Si allinea anche Londra (+0,33%, Ftse
100 a 7.507 punti).",
"Mattarella, c'è interesse pubblico a sviluppo agricoltura - Ultima ora - Ansa.it","Mattarella, c'è interesse pubblico a sviluppo agricoltura","Mattarella, c'è interesse pubblico a sviluppo agricoltura",Capo dello Stato ad Assemblea generale di Confagricoltura,",
                          12 dicembre 2023, 12:26","""l'obiettivo primario della
previsione costituzionale era quello di accrescere la quantità
della produzione agricola per soddisfare i bisogni della
popolazione, uscita stremata dalla guerra.","Indicando l'obbligo
di coltivare la terra.","Anche per questo l'art. 47 dispone che
""la Repubblica favorisce l'accesso alla proprietà diretto
coltivatrice"". In nome di un più alto interesse generale, che
travalica le normali relazioni economiche bilaterali.  In
Costituzione viene definito l'interesse pubblico allo sviluppo
razionale delle coltivazioni agricole, ritenuto degno di
tutela"". Lo ha detto il presidente della Repubblica, Sergio
Mattarella, parlando all' Assemblea generale di Confagricoltura."
Meloni incontra capigruppo maggioranza alla Camera sulla Manovra - Ultima ora - Ansa.it,Meloni incontra capigruppo maggioranza alla Camera sulla Manovra,Meloni incontra capigruppo maggioranza alla Camera sulla Manovra,Riunione prima delle comunicazioni della premier,",
                          12 dicembre 2023, 15:52","La presidente del Consiglio Giorgia
Meloni è alla Camera, per un incontro con i capogruppo di
maggioranza sull'iter della manovra che è in corso.","A seguire,
alle 16, in Aula a Montecitorio sono previste le comunicazioni
della premier in vista del Consiglio europeo.","Alla riunione
sulla manovra, nella Sala del governo, partecipano fra gli altri
il sottosegretario alla Presidenza del Consiglio Alfredo
Mantovano, il ministro per i Rapporti con il Parlamento Luca
Ciriani, i capigruppo Tommaso Foti (FdI), Paolo Barelli (FI),
Riccardo Molinari (Lega) e il leader di Noi moderati Maurizio
Lupi."
"Gaza, Hamas: rispettare la richiesta di tregua dell'Onu - Ultima ora - Ansa.it","Gaza, Hamas: rispettare la richiesta di tregua dell'Onu","Gaza, Hamas: rispettare la richiesta di tregua dell'Onu",'In corso genocidio e pulizia etnica' contro palestinesi,",
                          13 dicembre 2023, 02:39","Hamas ha accolto con favore la
richiesta dell'Assemblea generale delle Nazioni Unite di un
cessate il fuoco immediato a Gaza, riportano i media arabi.      
				   Izzat Al-Rishq, membro dell'Ufficio politico del movimento
islamista palestinese, ""ha esortato la comunità internazionale a
continuare a esercitare pressioni"" su quelle che ha definito le
""forze di occupazione"" e ha chiesto ""il rispetto"" della
decisione dell'Onu.","In un breve comunicato, Al-Rishq ha anche
condannato ""la guerra di genocidio e pulizia etnica"" contro il
popolo della Striscia di Gaza.",
"Gaza: morti altri 8 soldati israeliani, totale sale a 112 - Ultima ora - Ansa.it","Gaza: morti altri 8 soldati israeliani, totale sale a 112","Gaza: morti altri 8 soldati israeliani, totale sale a 112",La maggior parte uccisi in un unico incidente,",
                          13 dicembre 2023, 06:21","Otto soldati israeliani sono rimasti
uccisi ieri nel nord di Gaza, ha reso noto oggi l'esercito di
Israele.",,"Tra i morti c'è
anche un comandante di battaglione."
"Pil Regno Unito cala a sopresa dello 0,3% a ottobre - Ultima ora - Ansa.it","Pil Regno Unito cala a sopresa dello 0,3% a ottobre","Pil Regno Unito cala a sopresa dello 0,3% a ottobre",Risultato peggiore delle stime degli analisti,",
                          13 dicembre 2023, 08:17","Calo, a sorpresa, del Pil del Regno
Unito a ottobre.","Secondo i dati diffusi dall'ufficio nazionale
di statistica, l'economia britannica ha perso lo 0,3%.","Le stime
degli analisti oscillavano da un +0,1% a -0,2%. Il calo ha
interessato tutti i comparti: servizi, industria e costruzioni."
"Meloni, agricoltura strategica anche per economia e identità - Ultima ora - Ansa.it","Meloni, agricoltura strategica anche per economia e identità","Meloni, agricoltura strategica anche per economia e identità",Sa trasformare le produzioni primarie in eccellenze assolute,",
                          12 dicembre 2023, 11:21","""Voglio salutare, ovviamente, il
presidente Mattarella: la sua presenza è il segnale più forte
dell'importanza e dell'attenzione che le Istituzioni
attribuiscono alla nostra agricoltura, un comparto strategico
non solo in termini economici ma anche in termini culturali,
sociali, identitari"".","Lo ha detto la presidente del Consiglio
Giorgia Meloni, in apertura del videomessaggio inviato
all'Assemblea invernale di Confagricoltura.","""Permettetemi di farvi i complimenti per il video
promozionale che avete realizzato per l'assemblea di oggi. È una
descrizione molto efficace del connubio che l'agricoltura
italiana incarna e che la rende grande e apprezzata a livello
interno e a livello internazionale - ha aggiunto la premier -."
"Champions: 2-0 al Braga, Napoli agli ottavi - Ultima ora - Ansa.it","Champions: 2-0 al Braga, Napoli agli ottavi","Champions: 2-0 al Braga, Napoli agli ottavi",Partenopei chiudono il girone al secondo posto,",
                          12 dicembre 2023, 22:55","Il Napoli batte 2-0 il Braga
nell'ultima giornata del girone C di Champions League e si
qualifica agli ottavi di finale.","Hanno deciso il match una
autorete di Saatci al 9' del primo tempo e un gol di Osimhen al
33'.","Il Napoli chiude il girone al secondo posto alle spalle del
Real Madrid."
"Ministero Sanità Gaza, bilancio morti sale a 18.412 - Ultima ora - Ansa.it","Ministero Sanità Gaza, bilancio morti sale a 18.412","Ministero Sanità Gaza, bilancio morti sale a 18.412",Più di 50mila i feriti,",
                          12 dicembre 2023, 14:17","Il ministero della Sanità di Gaza,
controllato da Hamas, ha annunciato che il nuovo bilancio dei
morti nella Striscia è di 18.412.",,
"Netanyahu avverte, 'a Gaza non ci sarà né Hamas né Fatah' - Ultima ora - Ansa.it","Netanyahu avverte, 'a Gaza non ci sarà né Hamas né Fatah'","Netanyahu avverte, 'a Gaza non ci sarà né Hamas né Fatah'",'Divergenze con gli Usa ma non ripeteremo l'errore fatto a Oslo',",
                          12 dicembre 2023, 15:58","""Gaza non sarà un Hamastan e
nemmeno un Fatahstan"".","Lo ha detto il premier israeliano
Benyamin Netanyahu riferendosi al futuro della Striscia e alle
""divergenze d'opinione con gli Usa"" su questo tema.","""Non
permetterò che Israele ripeta l'errore di Oslo, non consentirò
che dopo l'enorme sacrificio compiuto dai nostri combattenti
entri a Gaza chi educa al terrore, chi lo sostiene, chi lo
finanzia"", ha aggiunto."
"Biden,Kiev uscirà libera dalla guerra se non la abbandoniamo - Ultima ora - Ansa.it","Biden,Kiev uscirà libera dalla guerra se non la abbandoniamo","Biden,Kiev uscirà libera dalla guerra se non la abbandoniamo",Il presidente americano: i repubblicani fanno il gioco di Putin,",
                          12 dicembre 2023, 23:49","""L'Ucraina uscira' libera e
forte dal conflitto con la Russia, a meno che non la
abbandoniamo"": lo ha detto Joe Biden nella conferenza stampa
congiunta con Volodymyr Zelensky dopo il loro incontro nello
studio Ovale, sostenendo che ""e' gia' una vittoria"" che Kiev
abbia resistito all'invasione russa e che il presidente ucraino
""sia qui dopo due anni"".      
				   Biden ha ammonito che i repubblicani fanno il gioco di Putin
bloccando gli aiuti Usa a Kiev.",,"Per noi
è un bene"", ha ricordato. ""Se vieni celebrato dai propagandisti
russi, potrebbe essere il momento di ripensare a quello che stai
facendo. La storia… giudicherà severamente"", ha aggiunto."
"Meloni, sul Patto aperte tutte opzioni, vedremo alla fine - Ultima ora - Ansa.it","Meloni, sul Patto aperte tutte opzioni, vedremo alla fine","Meloni, sul Patto aperte tutte opzioni, vedremo alla fine",Preferisco essere accusata di isolamento che di svendere Paese,",
                          12 dicembre 2023, 20:57","""La trattativa è serrata, si parte da
posizioni che sono tra loro molto distanti: la posizione
definitiva dell'Italia andrà presa quando sapremo esattamente
dove si è fermata la trattativa"".","Così la presidente del
Consiglio Giorgia Meloni sul Patto di Stabilità nella replica
dopo il dibattito sulle comunicazioni alla Camera in vista del
Consiglio Ue.","L'Italia ha ""un approccio costruttivo e pragmatico
ma dobbiamo tenere aperte tutte le opzioni: non sono disposta a
dare mio assenso a un Patto che, non questo governo, ma nessun
governo potrebbe rispettare"". ""Preferisco, come si sa da una
vita, di essere accusata di essere isolata piuttosto che di
svendere l'Italia, come è accaduto per anni"", ha concluso."
Morta donna triestina che aveva chiesto suicidio assistito - Ultima ora - Ansa.it,Morta donna triestina che aveva chiesto suicidio assistito,Morta donna triestina che aveva chiesto suicidio assistito,"Ass. Coscioni, 'la prima in Italia con assistenza diretta Ssn'",",
                          12 dicembre 2023, 13:46","La donna triestina di 55 anni
affetta da sclerosi multipla secondariamente progressiva, che
aveva chiesto di accedere al suicidio assistito, è morta il 28
novembre a casa sua, a Trieste, a seguito
dell'autosomministrazione di un farmaco letale.",,"È la terza persona seguita dall'associazione ad
accedere alla morte volontaria assistita in Italia, la quinta ad
aver avuto il via libera. La prima in Fvg."
"Il petrolio chiude in forte calo a New York a 68,64 dollari - Ultima ora - Ansa.it","Il petrolio chiude in forte calo a New York a 68,64 dollari","Il petrolio chiude in forte calo a New York a 68,64 dollari","Quotazioni perdono il 3,76%",",
                          12 dicembre 2023, 20:42","Il petrolio chiude in forte
calo a New York, dove le quotazioni perdono il 3,76% a 68,64
dollari al barile.",,
"Meloni, l'Italia è nazione virtuosa, lo spread è sotto controllo - Ultima ora - Ansa.it","Meloni, l'Italia è nazione virtuosa, lo spread è sotto controllo","Meloni, l'Italia è nazione virtuosa, lo spread è sotto controllo",Lo dimostra sistema pensionistico fra i più equilibrati d'Europa,",
                          12 dicembre 2023, 16:19","""L'Italia è una nazione virtuosa, lo
testimonia l'avanzo primario, lo dimostra il sistema
pensionistico fra i più equilibrati d'Europa.","Il tutto
accompagnato da dati macroeconomico stabili, soddisfacenti, da
un mercato del lavoro che sta registrando dati record, da una
borsa che dal 2023 sta facendo registrare la maggiore
performance d'Europa, dallo spread sotto controllo"".","Lo ha detto
la presidente del Consiglio Giorgia Meloni nelle comunicazioni
alla Camera in vista della riunione del Consiglio europeo del 14
e 15 dicembre."
"Metsola, Sakharov è tributo a donne Iran, non siete sole - Ultima ora - Ansa.it","Metsola, Sakharov è tributo a donne Iran, non siete sole","Metsola, Sakharov è tributo a donne Iran, non siete sole",'Jina Mahsa Amini ha dato la vita per difendere la libertà',",
                          12 dicembre 2023, 11:30","""Jina Mahsa Amini ha dato la
vita per difendere le donne in Iran e oggi ricordiamo il suo
sacrificio.","Il Premio Sakharov è un tributo a tutte le donne e
uomini coraggiosi che nonostante la repressione continuando a
lottare per un cambiamento.","Non siete sole, siamo con voi"". Lo
ha detto la presidente dell'Eurocamera, Roberta Metsola, durante
una conferenza stampa a Strasburgo sull'assegnazione del Premio
Sacharov alle attiviste iraniane del movimento Donna Vita
Libertà e l'avvocato di Jina Mahsa Amini, l'attivista iraniana
uccisa dal regime poiché non voleva indossare il velo."
"Tumori: ondata di casi post-pandemia, 395mila stimati nel 2023 - Ultima ora - Ansa.it","Tumori: ondata di casi post-pandemia, 395mila stimati nel 2023","Tumori: ondata di casi post-pandemia, 395mila stimati nel 2023","Censimento Aiom,crollano screening. In 13 anni 268000 vite salve",",
                          12 dicembre 2023, 10:00","Un'ondata di casi di tumore ha
caratterizzato il post-pandemia in Italia.","In tre anni,
l'incremento è stato infatti di 18.400 diagnosi: erano 376.600
nel 2020 e nel 2023 sono stimate 395.000 nuove diagnosi (208.000
negli uomini e 187.000 nelle donne).","Al contempo è calata in
modo preoccupante l'adesione agli screening di prevenzione, ma i
passi avanti della ricerca hanno consentito di salvare 268mila
vita in 13 anni."
Calcio: 'viaggio più bello mia vita' Chiellini annuncia ritiro - Ultima ora - Ansa.it,Calcio: 'viaggio più bello mia vita' Chiellini annuncia ritiro,Calcio: 'viaggio più bello mia vita' Chiellini annuncia ritiro,L'ex Juve: 'è il momento di aprire nuovi capitoli',",
                          12 dicembre 2023, 16:14","""Sei stato il viaggio più bello e
intenso della mia vita.",Sei stato il mio tutto.,"Con te ho
percorso un cammino unico e indimenticabile"". Con una storia su
Instagram corredata da un video dal sapore amarcord l'ex
difensore della Juventus e della Nazionale, Giorgio Chiellini,
annuncia il ritiro dal calcio professionistico. ""Ma ora -
aggiunge - è il momento di aprire nuovi capitoli e scrivere
altre pagine importanti ed entusiasmanti""."
Gb: morto un migrante a bordo del barcone alloggio - Ultima ora - Ansa.it,Gb: morto un migrante a bordo del barcone alloggio,Gb: morto un migrante a bordo del barcone alloggio,Bibby Stockholm finito al centro di polemiche per la sicurezza,",
                          12 dicembre 2023, 12:37","E' morto un migrante a bordo del
Bibby Stockholm, il mega barcone alloggio attraccato per
iniziativa del governo britannico nel Dorset, Inghilterra
meridionale, al fine di ospitare i richiedenti asilo.","Ne dà
notizia Sky News secondo cui al momento non sono note le cause
del decesso.","Il mega barcone era stato al centro di polemiche
per la sicurezza ed era stato riaperto dopo un periodo di
chiusura seguita al ritrovamento a bordo di tracce del batterio
della legionella."
Gli houthi rivendicano attacco a petroliera nel Mar Rosso - Ultima ora - Ansa.it,Gli houthi rivendicano attacco a petroliera nel Mar Rosso,Gli houthi rivendicano attacco a petroliera nel Mar Rosso,Nave norvegese che trasportava carburante in Israele,",
                          12 dicembre 2023, 10:11","I ribelli houthi dello Yemen hanno
rivendicato oggi la responsabilità dell'attacco missilistico di
ieri che ha colpito una petroliera battente bandiera norvegese
nel Mar Rosso.      
				   ""Unità navali delle forze armate yemenite hanno preso di mira
una petroliera norvegese, la Strinda, che trasportava carburante
per Israele"", ha detto un portavoce militare degli houthi, Yahya
Saree.",,
"Borsa: Hong Kong negativa, apre a -0,38% - Ultima ora - Ansa.it","Borsa: Hong Kong negativa, apre a -0,38%","Borsa: Hong Kong negativa, apre a -0,38%","Shanghai perde lo 0,20%, Shenzhen cede lo 0,18%",",
                          13 dicembre 2023, 03:16","La Borsa di Hong Kong apre la
seduta in territorio negativo: l'indice Hang Seng cede nelle
prime battute lo 0,38%, attestandosi a 16.311,71 punti.","Il
Composite di Shanghai perde lo 0,20% a 2.997,34, mentre quello
di Shenzhen cede lo 0,18% e si attesta a quota 1.864,78.",
"Biden, 'Netanyahu non vuole una soluzione a due Stati' - Ultima ora - Ansa.it","Biden, 'Netanyahu non vuole una soluzione a due Stati'","Biden, 'Netanyahu non vuole una soluzione a due Stati'",'Israele sta cominciando a perdere sostegno in tutto il mondo',",
                          12 dicembre 2023, 19:04","""Netanyahu non vuole una
soluzione a due Stati"".",,
Beppe Grillo ricoverato a Cecina per controlli - Ultima ora - Ansa.it,Beppe Grillo ricoverato a Cecina per controlli,Beppe Grillo ricoverato a Cecina per controlli,"In osservazione, condizioni generali buone. Presto dimissioni",",
                          12 dicembre 2023, 13:11","Il fondatore dei 5 stelle Beppe
Grillo è ricoverato da domenica  all'ospedale di Cecina, in
provincia di Livorno.",,"Tant'è che in giornata
potrebbe essere dimesso."
"Lo spread Btp-Bund si restringe e chiude a 177,3 punti - Ultima ora - Ansa.it","Lo spread Btp-Bund si restringe e chiude a 177,3 punti","Lo spread Btp-Bund si restringe e chiude a 177,3 punti",Ridisceso sotto la soglia del 4% il rendimento del bond italiano,",
                          12 dicembre 2023, 18:07","Lo spread tra Btp e Bund tedesco
termina la giornata in calo a 177,3 punti base dai 179 punti
segnati in chiusura lunedì.","Il rendimento del decennale italiano
è in flessione sotto la soglia del 4%, al 3,99% dal 4,058% di
ieri.",
"Pakistan: attacco suicida a base esercito, 23 morti - Ultima ora - Ansa.it","Pakistan: attacco suicida a base esercito, 23 morti","Pakistan: attacco suicida a base esercito, 23 morti",Rivendicazione di militanti affiliati ai talebani pachistani,",
                          12 dicembre 2023, 10:09","Almeno 23 persone sono state
uccise questa mattina in un attentato suicida in una base
militare del Pakistan: lo ha reso noto un funzionario.",,
"Meloni, nel patto con Tirana pieno rispetto del diritto - Ultima ora - Ansa.it","Meloni, nel patto con Tirana pieno rispetto del diritto","Meloni, nel patto con Tirana pieno rispetto del diritto",Destinato a diventare importante strumento contro i trafficanti,",
                          12 dicembre 2023, 17:50","""L'accordo con Tirana è destinato a
diventare un importante strumento per combattere i trafficanti e
per permettere l'ingresso sul territorio europeo solo a coloro
che hanno diritto alla protezione internazionale.","C'è un
costante dialogo con la Commissione europea sull'accordo per
sostanziare l'impegno al pieno rispetto del diritto dell'Ue,
nazionale e internazionale"".","Lo ha detto la presidente del
Consiglio Giorgia Meloni nelle comunicazioni alla Camera in
vista della riunione del Consiglio europeo del 14 e 15 dicembre."
"La Biblioteca dei sentimenti, su Raitre un Natale di libri - Ultima ora - Ansa.it","La Biblioteca dei sentimenti, su Raitre un Natale di libri","La Biblioteca dei sentimenti, su Raitre un Natale di libri","Dal 18 dicembre con de Giovanni e Mauro, 15 puntate per le feste",",
                          12 dicembre 2023, 12:57","Un Natale di libri per tutti: andrà
in onda su Raitre dal 18 dicembre tutti i giorni per quindici
puntate 'La Biblioteca dei sentimenti', il nuovo format prodotto
da Rai Intrattenimento Day Time presso il Centro produzione di
Napoli, appuntamento che accompagnerà il periodo delle festività
dal lunedì al venerdì, alle 15.20 per 40 minuti.",,"Ogni giorno verranno analizzati
tre testi; un grande classico, un romanzo contemporaneo e saggio
e interverranno tre personalità tra scrittori, saggisti,
filosofi, opinionisti. In apertura si ascolterà un monologo
originale di de Giovanni sul sentimento di puntata. Al via con
la felicità, ospiti Franco Arminio, Carmine Abate, Cristina
Dall'Acqua. Libri scelti ""Siddharta"" Hermann Hesse, ""Un paese
felice'' di Carmine Abate, ""De vita beata'' di Seneca."
Assemblea Onu approva bozza che chiede cessate fuoco Gaza - Ultima ora - Ansa.it,Assemblea Onu approva bozza che chiede cessate fuoco Gaza,Assemblea Onu approva bozza che chiede cessate fuoco Gaza,"Usa e Israele votano no, Italia e Germania si astengono",",
                          12 dicembre 2023, 22:36","L'Assemblea Generale dell'Onu ha
approvato la risoluzione che chiede un ""cessate il fuoco
umanitario immediato a Gaza.","Nella bozza si esprime anche la
""grave preoccupazione per la catastrofica situazione umanitaria
a Gaza"", sulla scia del testo bocciato venerdì in Consiglio di
Sicurezza a causa del veto Usa.","La risoluzione ha ottenuto 153
voti a favore, 10 contrari (tra cui Austria, Usa, Israele), e 23
astenuti, tra cui Germania e Italia, mentre la Francia ha votato
a favore."
Biden firma altri aiuti a Kiev per 200 milioni di dollari - Ultima ora - Ansa.it,Biden firma altri aiuti a Kiev per 200 milioni di dollari,Biden firma altri aiuti a Kiev per 200 milioni di dollari,L'annuncio durante la visita di Zelensky,",
                          12 dicembre 2023, 22:28","Joe Biden ha firmato ""un altro
pacchetto di aiuti per 200 milioni di dollari di aiuti
all'Ucraina"": lo ha annunciato il presidente Usa nel suo
incontro con Volodymyr Zelensky nello studio Ovale.",,
"Vaticano, ok a parte ceneri defunti in luoghi del cuore - Ultima ora - Ansa.it","Vaticano, ok a parte ceneri defunti in luoghi del cuore","Vaticano, ok a parte ceneri defunti in luoghi del cuore",Sì anche a sepolture comuni come per ossari,",
                          12 dicembre 2023, 13:21","Le ceneri di un defunto
possono essere deposte in ""un luogo sacro"" anche comune, come
accade per gli ossari.",,"Lo afferma il Dicastero per la Dottrina
della Fede in un documento controfirmato dal Papa."
