sports equipment,webpage,Fitness equipment,sports_brand,other,rating,number of reviews,performance,sportswear,size,size,age,comfortable shoes,Apparel,sportswear,Other,sportswear,Fitness Equipment,sports equipment
5,8,71,80,81,97,99,101.0,103,116,117,118,395,415,416,425,426,435,738
Bici Mtb All Mountain AM 100 S ROCKRIDER | DECATHLON,"@..}@.page-header
      .stack
      .vtmn-navbar
      .vtmn-navbar_left-navigation
      .}@}@}....
..............@..............}@}@.}
.
..@}@}@}@}
..@.}
@}

.......................@......}.
.
.........@..}@..}
@}.@}.................@}.........

.....@}........@@}}@}
..@}@.}.
.@}
@}....@.}@}..
......@.}
@:....................................@.....}
..
.
....
@}....
..
....@.}
..............@}@..}@}
.........@}
.#
.....
#informativeComponent.pdp-special-modal header, #informativeComponent.pdp-special-modal
    ###.......@}
..
.
........@.}
............
.##..@}.
....[...........
............@}
............
.
.......@}.........
......@..}
.......@}.........
...................@##}##############@....#####}


.@.}.@.sidebar.popin-cross-sell
      .product-carousel-wrapper
      .product-carousel
      > .slides
      > .}
..........@.....}
@}
..@.}@.}@}}@}}
.@....}
.@.}
...@.}
....@}@......}@}
...@}........@}@}@}@}
..@}
@}@}[.....@..}@}
.@..}
........@}@}@}
...@}........@}@}@}@}..........
........@.}
.......@}.
#
...@}
......@..........}@...}",MTB All mountain,ROCKRIDER,Bici Mtb All Mountain AM 100 S,4.3/5,Leggi le 453 recensioni,8586941.0,"Questa MTB full suspended è stata ideata per scoprire la pratica dell'All Mountain. È particolarmente adatta per guidare velocemente divertendosi al massimo!   L'ideale per divertirsi nei single tecnici ed accidentati! La geometria specifica e le ruote da 29' favoriscono la velocità e la stabilità, non ti resta che esprimere il tuo flow ;)",S - 155-164CM,M - 165-174CM,L - 175-184CM,"Controllo traiettoria   Guida: Angolo sterzo 66°, stem corto, guarnitura bassa, reggisella telescopico.          Ammortizzamento   Nuova forcella Rockshox 35 150mm, ammortizzatore MANITOU McLeod 140 mm.          Forza della frenata   Freni SRAM LEVEL T 4 pistoni/180mm davanti e 2 pistoni/160mm dietro.          Aderenza   Copertoni HUTCHINSON Tubeless Ready TAIPAN 29' x 2,35 e TORO 29' x 2,25.",Peso,,Telaio,,Trasmissione,Bici mtb cross country race 720 sram nx eagle telaio alluminio marrone 29' rockrider     Bici mtb cross country rockrider xc 900 s 29'' carbonio full suspended rockrider     Bici mtb cross country front rockrider xc 120 29'' sram nx eagle rockrider     Mtb all mountain feel 900 s telaio carbonio rockrider     Bici da corsa fcr ultegra di2 van rysel
Giacca invernale running uomo KIPRUN WARM REGUL azzurro KIPRUN | DECATHLON,"@..}@.page-header
      .stack
      .vtmn-navbar
      .vtmn-navbar_left-navigation
      .}@}@}....
..............@..............}@}@.}
.
..@}@}@}@}
..@.}
@}

.......................@......}.
.
.........@..}@..}
@}.@}.................@}.........

.....@}........@@}}@}
..@}@.}.
.@}
@}....@.}@}..
......@.}
@:....................................@.....}
..
.
....
@}....
..
....@.}
..............@}@..}@}
.........@}
.#
@####.#@}@}@}@}
#informativeComponent.pdp-special-modal header, #informativeComponent.pdp-special-modal
    ###.......@}
..
.
........@.}
............
.##..@}.
....[...........
............@}
............
.
.......@}.........
......@..}
.......@}.........
...................@##}##############@....#####}


.@.}.@.sidebar.popin-cross-sell
      .product-carousel-wrapper
      .product-carousel
      > .slides
      > .}
..........@.....}
@}
..@.}@.}@}}@}}
.@....}
.@.}
...@.}

....@}@......}@}
...@}........@}@}@}@}
.@..}
........@}@}@}
...@}........@}@}@}@}..........
........@.}
.......@}.
..@}
@}@}[.....@..}@}
#
...@}
......@..........}@...}",,,,,,,,,,,,,,,,,
Pantaloni uomo fitness ADIDAS misto cotone neri ADIDAS | DECATHLON,"@..}@.page-header
      .stack
      .vtmn-navbar
      .vtmn-navbar_left-navigation
      .}@}@}....
..............@..............}@}@.}
.
..@}@}@}@}
..@.}
@}

.......................@......}.
.
.........@..}@..}
@}.@}.................@}.........

.....@}........@@}}@}
..@}@.}.
.@}
@}....@.}@}..
......@.}
@:....................................@.....}
..
@}....
..
....@.}
..............@}@..}@}
.........@}
.#
@####.#@}@}@}@}
#informativeComponent.pdp-special-modal header, #informativeComponent.pdp-special-modal
    ###.......@}
..
.
........@.}
............
.##..@}.
....[...........
............@}
............
.
.......@}.........
......@..}
.......@}.........
...................@##}##############@....#####}


.@.}.@.sidebar.popin-cross-sell
      .product-carousel-wrapper
      .product-carousel
      > .slides
      > .}
..........@.....}
@}
..@.}@.}@}}@}}
.@....}
.@.}
...@.}
.@..}
........@}@}@}
...@}........@}@}@}@}..........
........@.}
.......@}.
..@}
@}@}[.....@..}@}
#
...@}
......@..........}@...}",Pantaloni,ADIDAS,Pantaloni uomo fitness ADIDAS misto cotone neri,,Leggi le 43 recensioni,8770126.0,,XS,S,M,"Morbidezza   Principalmente in cotone, fibra naturalmente morbida e confortevole.          Stretch   Il taglio garantisce libertà di movimento e comfort.",Colore,nero.,Taglio,Standard.,Dettagli,Tuta donna fitness adidas energize misto cotone nera adidas     Tuta donna fitness adidas energize misto cotone grigia adidas     Borsa fitness adidas rosa adidas     Leggings donna fitness adidas modellanti cotone neri adidas     Borsa fitness adidas duffel nera adidas     Volano domyos     Gilet caccia resistente e pluritasche steppe 500 solognac     Racchetta tennis adulto babolat pure aero giallo-nero babolat     Tenda campeggio 2 seconds - 2 posti quechua
Gilet running uomo RUN WIND KALENJI | DECATHLON,,Giacche e gilet antivento,KALENJI,Gilet running uomo RUN WIND giallo fluo,,Leggi le 2706 recensioni,8605063.0,,S,M,L,Antivento   Mentre si corre si è protetti dal vento.          Traspirabilità   Componente traspirante e aerazioni sulla schiena.          Tasche   Tasca con zip per i guanti o le chiavi.,Taglia del modello/della modella,Lambert indossa una taglia L ed è alto 1m90.,Peso,,Traspirabilità,Giacca antivento running donna wind bianca kalenji     Giacca antivento running uomo run wind kalenji     Coprilegno nero inesis     Grip golf standard taglia 2 nero inesis     Grip golf undersize taglia 1 nero inesis     Maglia ciclismo donna grvl 900 rossa riverside     Racchetta tennis adulto babolat pure aero giallo-nero babolat     Polo barca uomo dry 500 nera tribord
Maglia termica sci bambino 100 nera WEDZE | DECATHLON,"@..}@.page-header
      .stack
      .vtmn-navbar
      .vtmn-navbar_left-navigation
      .}@}@}....
..............@..............}@}@.}
.
..@}@}@}@}
..@.}
@}

.......................@......}.
.
.........@..}@..}
@}.@}.................@}.........

.....@}........@@}}@}
..@}@.}.
.@}
@}....@.}@}..
......@.}
@:....................................@.....}
..
@}....
..
....@.}
..............@}@..}@}
.........@}
.#
#informativeComponent.pdp-special-modal header, #informativeComponent.pdp-special-modal
    ###.......@}
..
.
........@.}
............
.##..@}.
....[...........
............@}
............
.
.......@}.........
......@..}
.......@}.........
...................@##}##############@....#####}


.@.}.@.sidebar.popin-cross-sell
      .product-carousel-wrapper
      .product-carousel
      > .slides
      > .}
..........@.....}
@}
..@.}@.}@}}@}}
.@....}
.@.}
...@.}

.@..}
........@}@}@}
...@}........@}@}@}@}..........
........@.}
.......@}.
.
....
..@}
@}@}[.....@..}@}
#
...@}
......@..........}@...}",Idee Regalo Sci,WEDZE,Maglia termica sci bambino 100 nera,,Leggi le 6713 recensioni,8343744.0,"La nostra squadra ha ideato questo intimo da sci per i bambini. Garantirà loro il calore necessario per una buona giornata di sci.   Un intimo per lo sci caldo e comodo grazie al tessuto smerigliato, alle cuciture piatte e alla maglia estensibile.",4 ANNI,6 ANNI,8 ANNI,,Qual è il taglio della maglia termica 100?,,Cosa offre il poliestere?,"Il poliestere è la fibra più utilizzata per l'intimo termico, perché è relativamente economica e offre prestazioni eccellenti: inoltre, le fibre possono essere lavorate a maglia per ottenere un tessuto molto leggero e resistente. Assorbe attivamente l'umidità ma non si asciuga particolarmente bene quando è bagnata. È limitato nella sua capacità di ridurre gli odori.",Come vestire i bambini per farli stare al caldo sulle piste?,Casco sci bambino 500 wedze wedze     Giacca sci bambina 100 viola wedze wedze     Pantaloni sci bambina 500 pnf verdi wedze     Fascette sci wedze     Fascette portasci sci di fondo xc s 150 inovik     Scegliere la giusta misura di sci e bastoncini     Come vestire bene un bambino per lo sci?     Come scegliere l'attrezzatura da sci di fondo skating
Gambali a compressione running 900 KIPRUN | DECATHLON,"@..}@.page-header
      .stack
      .vtmn-navbar
      .vtmn-navbar_left-navigation
      .}@}@}....
..............@..............}@}@.}
.
..@}@}@}@}
..@.}
@}

.......................@......}.
.
.........@..}@..}
@}.@}.................@}.........

.....@}........@@}}@}
..@}@.}.
.@}
@}....@.}@}..
......@.}
@:....................................@.....}
..
.
....
@}....
..
....@.}
..............@}@..}@}
.........@}
.#
#informativeComponent.pdp-special-modal header, #informativeComponent.pdp-special-modal
    ###.......@}
..
.
........@.}
............
.##..@}.
....[...........
............@}
............
.
.......@}.........
......@..}
.......@}.........
...................@##}##############@....#####}


.@.}.@.sidebar.popin-cross-sell
      .product-carousel-wrapper
      .product-carousel
      > .slides
      > .}
..........@.....}
@}
..@.}@.}@}}@}}
.@....}
.@.}
...@.}

.@..}
........@}@}@}
...@}........@}@}@}@}..........
........@.}
.......@}.
..@}
@}@}[.....@..}@}
#
...@}
......@..........}@...}",Orienteering,KIPRUN,Gambali compressivi running 900,4.5/5,Leggi le 163 recensioni,8783983.0,"Le nostre equipe di ideazione hanno sviluppato questi gambali compressivi per permetterti di migliorare le tue performance di running.   Perché comprimere il polpaccio? Per migliorare il flusso sanguigno, ridurre le vibrazioni dei tessuti, migliorare i parametri biomeccanici del runner.",S,M,L,Supporto muscolare   I gambali aiutano a migliorare le performance di running.,Compressione - Miglioramento delle performance,,Filo specifico,"Rinvigorisci, tonifica e migliora le tue performance grazie al filo specifico presente nei gambali compressivi 900. Il minerale naturale incorporato permanentemente nelle fibre riflette l'energia termica del corpo per dinamizzare delicatamente le cellule, migliorare l'elasticità muscolare e l'aspetto della pelle. I risultati dei test su questo filo specifico dimostrano che questi tessuti incredibili permettono di ottenere sia performance atletiche sia vantaggi in termini estetici.",Efficacia della compressione / taglie,Maglia running uomo kiprun care rossa - limited edition kiprun     Pantaloncini running uomo kiprun light neri kiprun     Maglia termica running donna kiprun skincare kiprun     Cosciali running uomo kiprun neri kiprun     Maglia running uomo kiprun light nera kiprun     Maglia ciclismo donna grvl 900 rossa riverside
Top sportivo donna palestra traspirante sostegno leggero DOMYOS | DECATHLON,,"Top, reggiseni",,Top sportivo donna palestra 100 traspirante sostegno leggero grigio melange,4.5/5,Leggi le 4728 recensioni,8549008.0,"Questo top sportivo sostegno leggero completerà il tuo outfit per praticare sport con impatti deboli: rafforzamento muscolare, Pilates, ecc...   Poliestere ed elastan: la combinazione vincente per il comfort! Il primo è traspirante, per lasciarti all'asciutto. Il secondo rende il tessuto più estensibile, per facilitare i movimenti.",XS,S,M,,Per quali tipi di attività è adatto questo top con retro vogatore e sostegno leggero?,"Il top con retro vogatore sostegno leggero è l'ideale per praticare sport con imbatti deboli, come Pilates, stretching, rafforzamento musculare, yoga... Il livello di sostegno è particolarmente adatto per i seni piccoli.",Perché il top retro vogatore sostegno leggero facilita la pratica sportiva?,"Che sia per pratiacre yoga, bodybuilding o Pilates, è importante poter avere libertà di movimento per apprezzare la pratica. Abbiamo ideato questo top proprio in quest'ottica. Il tessuto contiene elastan. Questo materiale aggiunge estensibilità al componente del top. Potrai essere certa che seguirà tutti i tuoi movimenti, senza mai darti fastidio.",Come fa il top retro vogatore sostegno leggero a lasciare all'asciutto?,
Scarpe camminata urbana uomo PW 100 grigie NEWFEEL | DECATHLON,"@..}@.page-header
      .stack
      .vtmn-navbar
      .vtmn-navbar_left-navigation
      .}@}@}....
..............@..............}@}@.}
.
..@}@}@}@}
..@.}
@}

.......................@......}.
.
.........@..}@..}
@}.@}.................@}.........

.....@}........@@}}@}
..@}@.}.
.@}
@}....@.}@}..
......@.}
@:....................................@.....}
..
.
....
@}....
..
....@.}
..............@}@..}@}
.........@}
.#
#informativeComponent.pdp-special-modal header, #informativeComponent.pdp-special-modal
    ###.......@}
..
.
........@.}
............
.##..@}.
....[...........
............@}
............
.
.......@}.........
......@..}
.......@}.........
...................@##}##############@....#####}


.@.}.@.sidebar.popin-cross-sell
      .product-carousel-wrapper
      .product-carousel
      > .slides
      > .}
..........@.....}
@}
..@.}@.}@}}@}}
.@....}
.@.}
...@.}
....@}@......}@}
...@}........@}@}@}@}
.@..}
........@}@}@}
...@}........@}@}@}@}..........
........@.}
.......@}.
..@}
@}@}[.....@..}@}
#
...@}
......@..........}@...}",Scarpe camminata Uomo,NEWFEEL,Scarpe camminata urbana uomo PW 100 grigie,4.5/5,Leggi le 11135 recensioni,8486177.0,"Comfort e leggerezza per le uscite in città.   Lasciati trasportare dalla sua leggerezza. I componenti, morbidi e traspiranti, offrono un eccellente rapporto qualità/prezzo. Questa è la PW100.",38,39,40,Flessibilità   Le scanalature di flessione Flex-H rendono la suola più morbida.          Leggerezza   Camminare è facile con questa scarpa leggera: 190 g il n° 43.          Traspirabilità   Il tessuto mesh aerato 3D offre una buona aerazione.,Perché scegliere una scarpa specifica per la camminata urbana?,"A ogni sport, la sua scarpa! Nella camminata sportiva e urbana il piede rulla completamente dal tallone alla punte delle dita, fase in cui si flette maggiormente.Per accompagnare questo movimento alla perfezione, le scarpe da camminata devono essere molto morbide!",Cos’è il Concept Flex-H?,Il Concept Flex-H è un sistema di tre scanalature a forma di H all’avampiede e garantisce una flessibilità ottimale quando si dà la spinta in avanti.,Soletta interna amovibile,Solette walk leather newfeel     Ballerine camminata donna pw 160 br’easy bianche newfeel     Scarpe uomo klnj be essential nere kalenji     Scarpe uomo klnj be fresh kalenji     Scaldacollo fondo xcs500 inovik     T-shirt crop top donna fitness misto cotone domyos
Leggings donna fitness 500 modellanti neri DOMYOS | DECATHLON,,,,Leggings donna fitness 500 modellanti rosa,4.4/5,Leggi le 4928 recensioni,8774586.0,"Leggings vita alta indispensabili e fondamentali, semplicemente perfetti per tutte le ore di sport, con frequenza occasionale o intensiva!   Vita alta per il massimo comfort, tessuto traspirante ed estensibile, effetto modellante che valorizza le curve e una tasca per il telefono... Non potrai più farne a meno!",,S / W28 L31,M / W30 L31,,Leggings in tessuto modellante per valorizzare la silhouette durante l'attività sportiva!,A proprio agio con i leggings... anche durante l'attività! Il tessuto modellante di questi leggings vita alta segue la linea e valorizza le curve. Sotto con il fitness!,Leggings vita alta,"Pratica il tuo sport con la massima serenità! La vita alta ed estensibile assicura un buon sostegno senza arrotolarsi, anche durante le attività più intense.",Dimenticati delle irritazioni!,
Borsa fitness ADIDAS DUFFEL nera ADIDAS | DECATHLON,"@..}@.page-header
      .stack
      .vtmn-navbar
      .vtmn-navbar_left-navigation
      .}@}@}....
..............@..............}@}@.}
.
..@}@}@}@}
..@.}
@}

.......................@......}.
.
.........@..}@..}
@}.@}.................@}.........

.....@}........@@}}@}
..@}@.}.
.@}
@}....@.}@}..
......@.}
@:....................................@.....}
..
.
....
@}....
..
....@.}
..............@}@..}@}
.........@}
.#
#informativeComponent.pdp-special-modal header, #informativeComponent.pdp-special-modal
    ###.......@}
..
.
........@.}
............
.##..@}.
.......@}.........
............@}
............
...
.
.......@}.........
......@..}
...................@##}##############@....#####}


.@.}.@.sidebar.popin-cross-sell
      .product-carousel-wrapper
      .product-carousel
      > .slides
      > .}
..........@.....}
@}
..@.}@.}@}}@}}
.@....}
.@.}
.@..}
........@}@}@}
...@}........@}@}@}@}..........
........@.}
.......@}.
..@}
@}@}[.....@..}@}
#
...@}
......@..........}@...}
....[...........","Zaini, borsoni, lucchetti",ADIDAS,Borsa fitness ADIDAS DUFFEL nera,4.8/5,Leggi le 18 recensioni,8832544.0,,,,,"Capacità   Capienza di 30L.          Facilità di trasporto   Tracolla regolabile, manici per il trasporto, presa ergonomica, apertura.          Leggerezza   Materiale leggero, per più comfort.",Composizione prodotto,100% poliestere riciclato.,Colore,Nero.,Dimensioni,Tuta donna fitness adidas energize misto cotone grigia adidas     Tuta donna fitness adidas energize misto cotone nera adidas     Pantaloni donna fitness adidas ampi misto cotone neri adidas     Tuta bambino ginnastica adidas traspirante azzurra adidas     Tuta bambino ginnastica adidas traspirante nera adidas     Volano domyos     Gilet caccia resistente e pluritasche steppe 500 solognac     Tenda campeggio 2 seconds - 2 posti quechua     Racchetta tennis adulto babolat pure aero giallo-nero babolat
Leggings donna fitness ADIDAS 3 stripes cotone leggero neri ADIDAS | DECATHLON,"@..}@.page-header
      .stack
      .vtmn-navbar
      .vtmn-navbar_left-navigation
      .}@}@}....
..............@..............}@}@.}
.
..@}@}@}@}
..@.}
@}

.......................@......}.
.
.........@..}@..}
@}.@}.................@}.........

.....@}........@@}}@}
..@}@.}.
.@}
@}....@.}@}..
......@.}
@:....................................@.....}
..
@}....
..
....@.}
..............@}@..}@}
.........@}
.#
#informativeComponent.pdp-special-modal header, #informativeComponent.pdp-special-modal
    ###.......@}
..
.
........@.}
............
.##..@}.
....[...........
............@}
............
.
.......@}.........
......@..}
.......@}.........
...................@##}##############@....#####}


.@.}.@.sidebar.popin-cross-sell
      .product-carousel-wrapper
      .product-carousel
      > .slides
      > .}
..........@.....}
....@}@......}@}
...@}........@}@}@}@}
@}
..@.}@.}@}}@}}
.@....}
.@.}
...@.}
..@}
@}@}[.....@..}@}
#
...@}
......@..........}@...}",,ADIDAS,Leggings donna fitness ADIDAS 3 stripes cotone leggero neri,4.7/5,Leggi le 826 recensioni,8624217.0,,2XS,XS,S,"Libertà di movimento   Il taglio garantisce libertà di movimento e comfort.          Morbidezza   Principalmente in cotone, fibra naturalmente morbida e confortevole.          Stretch   Tessuto stretch per seguire tutti i movimenti.",,,,,,Pantaloncini donna fitness adidas cotone leggero neri adidas     Leggings bambina ginnastica 100 cotone elasticizzato neri domyos     Pantaloncini donna fitness adidas cotone leggero corallo adidas     Leggings bambina ginnastica 500 cotone neri con stampa domyos     Leggings pallavolo donna neri allsix
Scarpe running uomo Adidas ADIZERO SL bianche ADIDAS | DECATHLON,"@..}@.page-header
      .stack
      .vtmn-navbar
      .vtmn-navbar_left-navigation
      .}@}@}....
..............@..............}@}@.}
.
..@}@}@}@}
..@.}
@}

.......................@......}.
.
.........@..}@..}
@}.@}.................@}.........

.....@}........@@}}@}
..@}@.}.
.@}
@}....@.}@}..
......@.}
@:....................................@.....}
..
.
....
@}....
..
....@.}
..............@}@..}@}
.........@}
.#
@####.#@}@}@}@}
#informativeComponent.pdp-special-modal header, #informativeComponent.pdp-special-modal
    ###.......@}
..
.
........@.}
............
.##..@}.
....[...........
............@}
............
.
.......@}.........
......@..}
.......@}.........
...................@##}##############@....#####}


.@.}.@.sidebar.popin-cross-sell
      .product-carousel-wrapper
      .product-carousel
      > .slides
      > .}
..........@.....}
@}
..@.}@.}@}}@}}
.@....}
.@.}
.......
.@..}
........@}@}@}
...@}........@}@}@}@}..........
........@.}
.......@}.
..@}
@}@}[.....@..}@}
#
...@}
......@..........}@...}",Offerte running,ADIDAS,Scarpe running uomo Adidas ADIZERO SL giallo fluo,4.4/5,Leggi le 57 recensioni,8842564.0,,40,41 1/3,42,"Ammortizzamento   Ammortizzamento LIGHTSTRIKE super leggero, ideato per movimenti esplosivi ed un comfort di alto livello.          Resa dell’energia   Inserto in schiuma LIGHTSTRIKE PRO sull'avampiede per garantire ottime performance.          Traspirabilità   Tomaia in mesh tecnico, maglia leggera e traspirante.          Aderenza   Suola esterna in gomma ultra flessibile, per correre con la massima energia.          Leggerezza   Costruzione ottimizzata per offrire le massime performance con grande leggerezza.","Drop 8,5mm",Differenza di 10 mm tra la parte davanti e quella dietro della suola.,,,,Scarpe running donna adidas adizero sl verdi adidas     Scarpe running uomo adidas adizero adios 8 grigio-giallo adidas     Scarpe running uomo adidas galaxy 6 nere adidas     Scarpe running uomo adidas supernova 2.0 nero-giallo adidas     Scarpe running uomo adidas ultrabounce nere adidas     Come scegliere le scarpe per una maratona?     Come scegliere le scarpe da running performance?     Come scegliere le scarpe da badminton?     Come scegliere le scarpe da futsal?     Come scegliere le scarpe da running benessere     Volano domyos     Tenda campeggio 2 seconds - 2 posti quechua     Gilet caccia resistente e pluritasche steppe 500 solognac     Racchetta tennis adulto babolat pure aero giallo-nero babolat
Tappetino DF920 confezione da 4 pezzi (54cm x 54cm x pz) DOMYOS | DECATHLON,"@..}@.page-header
      .stack
      .vtmn-navbar
      .vtmn-navbar_left-navigation
      .}@}@}....
..............@..............}@}@.}
.
..@}@}@}@}
..@.}
@}

.......................@......}.
.
.........@..}@..}
@}.@}.................@}.........

.....@}........@@}}@}
..@}@.}.
.@}
@}....@.}@}..
......@.}
@:....................................@.....}
..
@}....
..
....@.}
..............@}@..}@}
.........@}
.#
#informativeComponent.pdp-special-modal header, #informativeComponent.pdp-special-modal
    ###.......@}
..
.
........@.}
.......@}.........
............@}
............
...
.
.......@}.........
......@..}
...................@##}##############@....#####}


.@.}.@.sidebar.popin-cross-sell
      .product-carousel-wrapper
      .product-carousel
      > .slides
      > .}
..........@.....}
@}
..@.}@.}@}}@}}
.@....}
.@.}
...@.}
.@..}
........@}@}@}
...@}........@}@}@}@}..........
........@.}
.......@}.
.
....
..@}
@}@}[.....@..}@}
#
...@}
......@..........}@...}
....[...........",Spin bike,,Tappetino DF920 confezione da 4 pezzi (54cm x 54cm x pz),4.3/5,Leggi le 3925 recensioni,8224362.0,"La nostra equipe di ideazione propone questi tappetini per ridurre il rumore degli attrezzi cardio e proteggere il pavimento.   Venduti in confezione da 4, sono ideali per dare più stabilità agli apparecchi per il fitness attenuando le irregolarità del pavimento. I tappetini proteggono il prodotto e il pavimento!",,,,Ammortizzamento   Spessore 8 mm. Densità 70 kg/m3. Ideale per stabilizzare gli apparecchi in uso.          Versatilità   Confezione da 4. Forma e dimensioni modulabili. Tappetini agganciabili.          Efficacia visiva   Bordo riposizionabile per dare al tappetino un lato diritto.,Composizione,100% polietilene.,Dimensioni e peso,,Prodotto conforme alla regolamentazione in vigore,Tappetino protettivo fitness taglia l - 100x200 cm domyos     Ciclisti donna fitness fit+ 500 slim cotone leggero neri domyos     Confezione 2 sganci rapidi 11 velocità     Calze corte nere 2 paia domyos     Ellittica essential 120 domyos     T-shirt crop top donna fitness misto cotone domyos
Leggings donna fitness FIT+ 500 cotone leggero neri DOMYOS | DECATHLON,"@..}@.page-header
      .stack
      .vtmn-navbar
      .vtmn-navbar_left-navigation
      .}@}@}....
..............@..............}@}@.}
.
..@}@}@}@}
..@.}
@}

.......................@......}.
.
.........@..}@..}
@}.@}.................@}.........

.....@}........@@}}@}
..@}@.}.
.@}
@}....@.}@}..
......@.}
@:....................................@.....}
..
.
....
@}....
..
....@.}
..............@}@..}@}
.........@}
.#
#informativeComponent.pdp-special-modal header, #informativeComponent.pdp-special-modal
    ###.......@}
..
.
........@.}
............
.##..@}.
....[...........
............@}
............
.
.......@}.........
......@..}
.......@}.........
...................@##}##############@....#####}


.@.}.@.sidebar.popin-cross-sell
      .product-carousel-wrapper
      .product-carousel
      > .slides
      > .}
..........@.....}
.......
@}
..@.}@.}@}}@}}
.@....}
.@.}
...@.}

.@..}
........@}@}@}
...@}........@}@}@}@}..........
........@.}
.......@}.
..@}
@}@}[.....@..}@}
#
...@}
......@..........}@...}",,,Legging donna fitness FIT+ 500 vita alta cotone leggero lilla,4.5/5,Leggi le 7422 recensioni,8797972.0,"Stile, comfort e libertà di movimento: i nostri stilisti hanno posto queste 3 qualità come fulcro per ideare questi leggings per lo sport ed il tempo libero.   I leggings sono fondamentali sia quando non si sa come vestirsi sia quando lo si sa, per questo i nostri leggings fit+500 li abbiamo ideati in tinta unita o stampati e molto confortevoli.",,S / W28 L31,M / W30 L31,,Leggings intramontabili ricchi di utili dettagli,"L'elastico in vita, essenziale per la buona tenuta dei leggings, è stato pensato per essere estremamente confortevole, zero compressione. Il materiale estensibile di quest'ultimo (8% di elastan) permette di avere una grande libertà di movimento. Per offrirti ancora più comfort è stato aggiunto un inserto sul cavallo. E, ovviamente, in vita c'è un taschino per riporre le chiavi dell'armadietto della palestra!",Leggings slim che ti seguono in tutta la tua vita quotidiana,"Ti piacciono i leggings aderenti che valorizzano la silhouette? Questi leggings sono fatti per te. Il design intramontabile è stato pensato per seguirti nella tua vita quotidiana. Lavoro, famiglia, amici, sport... vivi a 100 all'ora, proprio come questi leggings. Non dovrai più perdere tempo per preparare una tenuta per ciascuna attività, con questi leggings potrai fare tutto!",,
Pantaloni uomo fitness 120 regular misto cotone grigi DOMYOS | DECATHLON,"@..}@.page-header
      .stack
      .vtmn-navbar
      .vtmn-navbar_left-navigation
      .}@}@}....
..............@..............}@}@.}
.
..@}@}@}@}
..@.}
@}

.......................@......}.
.
.........@..}@..}
@}.@}.................@}.........

.....@}........@@}}@}
..@}@.}.
.@}
@}....@.}@}..
......@.}
@:....................................@.....}
..
@}....
..
....@.}
..............@}@..}@}
.........@}
.#
#informativeComponent.pdp-special-modal header, #informativeComponent.pdp-special-modal
    ###.......@}
..
.
........@.}
............
.##..@}.
....[...........
............@}
............
.
.......@}.........
......@..}
.......@}.........
...................@##}##############@....#####}


.@.}.@.sidebar.popin-cross-sell
      .product-carousel-wrapper
      .product-carousel
      > .slides
      > .}
..........@.....}
@}
..@.}@.}@}}@}}
@}@}@}@}
.@....}
.@.}
...@.}

.@..}
........@}@}@}
...@}........@}@}@}@}..........
........@.}
.......@}.
.
....
..@}
@}@}[.....@..}@}
#
...@}
......@..........}@...}",Occasioni Fitness,,Pantaloni uomo fitness 120 regular misto cotone neri,4.3/5,Leggi le 4895 recensioni,8544001.0,"Pantaloni trendy e leggeri da portare per lo sport e la vita quotidiana? Sfida accettata dai nostri stilisti che hanno disegnato questi pantaloni taglio diritto   Questi pantaloni jogging taglio diritto sono leggeri, confortevoli e trendy. L'ideale per un'uscita tra amici o per una seduta di fitness. Il capo basic da avere sempre nell'armadio.",S / W30 L33,,,Stretch   La lavorazione del tessuto permette di avere una libertà di movimento naturale.                      Morbidezza   Comfort e morbidezza naturale grazie alle fibre di cotone.                      Apporto termico   Il jersey morbidissimo ti darà anche un po' di calore.,Un capo basic sportivo adatto anche per la vita quotidiana,"Semplici e pratici, questi pantaloni jogging sono un capo basic perfetto per il tuo guardaroba sportivo. Ma niente ti impedisce di usarlo anche nella vita quotidiana! Vuoi essere trendy ed avere comfort dalla mattina alla sera? Questi pantaloni saranno perfetti. Dalla lezione di fitness ad un pomeriggio di shopping, sarai trendy facilmente. Fidati, non vorrai più farne a meno!","Basic e trendy, i pantaloni ideali per rilassarsi","Immagina di essere trendy e a tuo agio per il 100% della giornata, al lavoro, in famiglia, durante lo sport, a casa, in tutte le tue attività. Ah... Piacerebbe anche a te? Proprio come a noi. E quindi ci siamo detti che, in quanto ideatori ed ideatrici di capi di abbigliamento, eravamo nella posizione giusta per soddisfare questo tuo desiderio. Et voilà, ecco com'è nata la nostra gamma! Una gamma confortevole ma altrettanto trendy, dei capi belli da indossare e da guardare!",3 buoni motivi per provare il taglio diritto,
Borsone palestra ADIDAS duffel S nero-bianco ADIDAS | DECATHLON,"@..}@.page-header
      .stack
      .vtmn-navbar
      .vtmn-navbar_left-navigation
      .}@}@}....
..............@..............}@}@.}
.
..@}@}@}@}
..@.}
@}

.......................@......}.
.
.........@..}@..}
@}.@}.................@}.........

.....@}........@@}}@}
..@}@.}.
.@}
@}....@.}@}..
......@.}
@:....................................@.....}
..
@}....
..
....@.}
..............@}@..}@}
.........@}
.#
#informativeComponent.pdp-special-modal header, #informativeComponent.pdp-special-modal
    ###.......@}
..
.
........@.}
............
.##..@}.
.......@}.........
............@}
............
...
.
.......@}.........
......@..}
...................@##}##############@....#####}


.@.}.@.sidebar.popin-cross-sell
      .product-carousel-wrapper
      .product-carousel
      > .slides
      > .}
..........@.....}
@}
..@.}@.}@}}@}}
.@....}
.@.}
....@}@......}@}
...@}........@}@}@}@}
.@..}
........@}@}@}
...@}........@}@}@}@}..........
........@.}
.......@}.
.
....
..@}
@}@}[.....@..}@}
#
......@..........}@...}
....[...........","Zaini, borsoni, lucchetti",ADIDAS,Borsone palestra ADIDAS duffel S nero-bianco,4.8/5,Leggi le 170 recensioni,8809409.0,,,,,"Volume   Capienza di 25L.          Facilità di trasporto   Tracolla regolabile imbottita, manici per il trasporto, presa ergonomica.          Leggerezza   Materiale leggero, per più comfort.          Numerosi scomparti   Tasche per riporre gli effetti personali.",Composizione prodotto,100% poliestere riciclato.,Colore,nero/bianco.,Dimensioni,
Pantaloni sci bambino 500 PNF blue jeans WEDZE | DECATHLON,"@..}@.page-header
      .stack
      .vtmn-navbar
      .vtmn-navbar_left-navigation
      .}@}@}....
..............@..............}@}@.}
.
..@}@}@}@}
..@.}
@}

.......................@......}.
.
.........@..}@..}
@}.@}.................@}.........

.....@}........@@}}@}
..@}@.}.
.@}
@}....@.}@}..
......@.}
@:....................................@.....}
..
@}....
..
....@.}
..............@}@..}@}
.........@}
.#
@####.#@}@}@}@}
#informativeComponent.pdp-special-modal header, #informativeComponent.pdp-special-modal
    ###.......@}
..
.
........@.}
............
.##..@}.
....[...........
............@}
............
.
.......@}.........
......@..}
.......@}.........
...................@##}##############@....#####}


.@.}.@.sidebar.popin-cross-sell
      .product-carousel-wrapper
      .product-carousel
      > .slides
      > .}
..........@.....}
@}
..@.}@.}@}}@}}
@}@}@}@}
.@....}
.@.}
...@.}

....@}@......}@}
...@}........@}@}@}@}
.@..}
........@}@}@}
...@}........@}@}@}@}..........
........@.}
.......@}.
.
....
..@}
@}@}[.....@..}@}
#
...@}
......@..........}@...}",Pantaloni,WEDZE,Pantaloni sci bambino 500 PNF blue jeans,4.7/5,Leggi le 278 recensioni,8645269.0,"Il nostro team, genitori di giovani sciatori, ha ideato questi pantaloni da sci per seguire il bambino, sia nei suoi progressi, che nella sua crescita.   Un pantalone caldo e impermeabile, con il nuovo PULL'N FIT ZIP, per regolarne la lunghezza delle gambe. Anche il girovita e le bretelle (staccabili) sono regolabili.",6 - 8 ANNI,8 - 10 ANNI,10 - 12 ANNI,"Apporto termico   Ovatta 100 g/m². Fodera smerigliata per una bella sensazione di calore.                      Impermeabilità   Molto buona: membrana 10.000 mm, cuciture glutei stagne. Ghette.          Regolabile   Lunghezza gambe e girovita regolabili. Bretelle regolabili, staccabili.          Idrorepellenza   Tessuto esterno idrorepellente, non si inzuppa d'acqua.          Tasche   2 tasche con zip.          Solidità   Rinforzi parte bassa delle gambe (per proteggere dalle lamine sci).          Personalizzazione   L'etichetta sulla fodera permette di scrivere il nome della bambina.",Concept PULL’N FIT ZIP,"Il concept innovativo del PULL'N FIT permette di regolare facilmente e con precisione la lunghezza dei pantaloni, così da adattarsi a tutte le lunghezze di gamba. Con il nuovo sistema PULL'N FIT, finiti i pantaloni troppo corti o troppo lunghi! Basta tirare le cerniere per accorciarli.",Isolamento termico in ovatta,"L’isolamento termico permette di stare alla giusta temperatura, senza avere né troppo freddo, né troppo caldo. Il capo si adatta all'attività fisica e all'ambiente esterno. Per stare al caldo, Wedze utilizza l'ovatta. Questo tessuto sintetico a base di poliestere trattiene più o meno aria a seconda della taglia delle fibre. Più l'ovatta è spessa, più vi è aria immagazzinata, più caldo è il prodotto.",Membrana,Pantaloni sci unisex 500 sport blu wedze     Salopette con dorsale sci bambino fr900 wedze     Tuta sci bambino 100 bordeaux e blu wedze     Sci bambino boost 100 pinguini + attacchi tyrolia wedze     Piumino sci bambina 150 warm wedze     Come scegliere un kimono da karate per bambino     Gilet caccia resistente e pluritasche steppe 500 solognac     Volano domyos     Racchetta tennis adulto babolat pure aero giallo-nero babolat     Tenda campeggio 2 seconds - 2 posti quechua
Scarpe donna ADIDAS RUN 60s 3.0 beige ADIDAS | DECATHLON,"@..}@.page-header
      .stack
      .vtmn-navbar
      .vtmn-navbar_left-navigation
      .}@}@}....
..............@..............}@}@.}
.
..@}@}@}@}
..@.}
@}

.......................@......}.
.
.........@..}@..}
@}.@}.................@}.........

.....@}........@@}}@}
..@}@.}.
.@}
@}....@.}@}..
......@.}
@:....................................@.....}
..
.
....
@}....
..
....@.}
..............@}@..}@}
.........@}
.#
@####.#@}@}@}@}
#informativeComponent.pdp-special-modal header, #informativeComponent.pdp-special-modal
    ###.......@}
..
.
........@.}
............
.##..@}.
....[...........
............@}
............
.
.......@}.........
......@..}
.......@}.........
...................@##}##############@....#####}


.@.}.@.sidebar.popin-cross-sell
      .product-carousel-wrapper
      .product-carousel
      > .slides
      > .}
..........@.....}
@}
..@.}@.}@}}@}}
.@....}
.@.}
....@}@......}@}
...@}........@}@}@}@}
.@..}
........@}@}@}
...@}........@}@}@}@}..........
........@.}
.......@}.
..@}
@}@}[.....@..}@}
#
...@}
......@..........}@...}",Scarpe donna da città,ADIDAS,Scarpe donna ADIDAS RUN 60s 3.0 beige,4.7/5,Leggi le 49 recensioni,8825400.0,,36,37,38,Vestibilità   Una scarpa comoda a ogni passo.          Durabilità   Suola in gomma.,Offre tennis vintage,"Questa scarpa ADIDAS ti dà un look sportivo ovunque vai. Il suo taglio ispirato al running offre un comfort ottimale quando esci o ti rilassi in giardino. La tomaia, in comodo tessuto, offre un tocco vintage unico. La suola esterna in gomma garantisce un'aderenza superiore sulle superfici asciutte e bagnate.",Dettagli sneaker,,,Scarpe uomo adidas alphaedge nere adidas     Scarpa donna adidas hoops 3.0 mid wtr nere adidas     Scarpe donna adidas hoops 3.0 mid bianche adidas     Scarpe donna adidas racer tr 23 beige adidas     Scarpe camminata uomo adidas vl court 3.0 scamosciato blu adidas     Gilet caccia resistente e pluritasche steppe 500 solognac     Volano domyos     Racchetta tennis adulto babolat pure aero giallo-nero babolat     Tenda campeggio 2 seconds - 2 posti quechua
Pantaloni running uomo WARM+ neri KALENJI | DECATHLON,"@..}@.page-header
      .stack
      .vtmn-navbar
      .vtmn-navbar_left-navigation
      .}@}@}....
..............@..............}@}@.}
.
..@}@}@}@}
..@.}
@}

.......................@......}.
.
.........@..}@..}
@}.@}.................@}.........

.....@}........@@}}@}
..@}@.}.
.@}
@}....@.}@}..
......@.}
@:....................................@.....}
..
.
....
@}....
..
....@.}
..............@}@..}@}
.........@}
.#
#informativeComponent.pdp-special-modal header, #informativeComponent.pdp-special-modal
    ###.......@}
..
.
........@.}
............
.##..@}.
....[...........
............@}
............
.
.......@}.........
......@..}
.......@}.........
...................@##}##############@....#####}


.@.}.@.sidebar.popin-cross-sell
      .product-carousel-wrapper
      .product-carousel
      > .slides
      > .}
..........@.....}
....@}@......}@}
...@}........@}@}@}@}
@}
..@.}@.}@}}@}}
@}@}@}@}
.@....}
.@.}
...@.}

.@..}
........@}@}@}
...@}........@}@}@}@}..........
........@.}
.......@}.
..@}
@}@}[.....@..}@}
#
...@}
......@..........}@...}",Offerte running,KALENJI,Pantaloni running uomo WARM+ neri,,Leggi le 2042 recensioni,8529782.0,"I nostri ideatori hanno sviluppato questi pantaloni da uomo caldi, traspiranti e con tasca per il telefono per rendere le tue uscite più piacevoli quando fa freddo.   La tasca con zip sotto alla cintura permette di trasportare il telefono senza che si muova.",S / W30 L33,,,,Tasche,Questi pantaloni hanno una tasca per lo smartphone.,,,,
Ellittica connessa 500 DOMYOS | DECATHLON,"@..}@.page-header
      .stack
      .vtmn-navbar
      .vtmn-navbar_left-navigation
      .}@}@}....
..............@..............}@}@.}
.
..@}@}@}@}
..@.}
@}

.......................@......}.
.
.........@..}@..}
@}.@}.................@}.........

.....@}........@@}}@}
..@}@.}.
.@}
@}....@.}@}..
......@.}
@:....................................@.....}
..
.
....
@}....
..
....@.}
..............@}@..}@}
.........@}
.#
@####.#@}@}@}@}
#informativeComponent.pdp-special-modal header, #informativeComponent.pdp-special-modal
    ###.......@}
..
.
........@.}
.......@}.........
............@}
............
...
.
.......@}.........
......@..}
...................@##}##############@....#####}


.@.}.@.sidebar.popin-cross-sell
      .product-carousel-wrapper
      .product-carousel
      > .slides
      > .}
..........@.....}
@}
..@.}@.}@}}@}}
.@....}
.@.}
...@.}
.......
.@..}
........@}@}@}
...@}........@}@}@}@}..........
........@.}
.......@}.
..@}
@}@}[.....@..}@}
#
...@}
......@..........}@...}
....[...........",Training room,,Ellittica connessa 500,4.5/5,Leggi le 2206 recensioni,8528961.0,"La nostra equipe ha ideato questa ellittica per le tue sedute di cardio fitness in casa, per aiutarti a mantenerti in forma.   Questa ellittica è l'ideale per rimettersi in forma e tonficarsi. Offre tutto il comfort necessario e tante opzioni! E la consolle è connessa con le app partner!",,,,"Lavoro cardiovascolare   Lunghezza del passo 33cm e 15 livelli di resistenza.          Fluidità di pedalata   Pedalata molto fluida grazie al volano di 7 Kg. Resistenza motorizzata.          Coaching   Consolle connessa con 6 funzioni integrate e 9 programmi di allenamento.          Connettività   Consolle connessa alle app partner come Kinomap ed E-connected.          Manovrabilità   Rotelle incluse, per spostare più facilmente il prodotto.          Tempo di montaggio   Montaggio facile e veloce in meno di 60 minuti.",La lunghezza del passo dell'ellittica è importante,"L'ellittica fa lavorare tutti i gruppi muscolari (arti inferiori, superiori, busto, muscoli dorsali e parte centrale del corpo). Quindi, più ampio è il movimento e più muscoli lavorano, aumentando così l'intensità del lavoro cardio. Va abbinato al livello di resistenza che si imposta. L'ellittica 500 ha una lunghezza del passo di 33cm, per permetterti di avere un grande comfort realizzando degli allenamenti efficaci!",Il volano influisce sul comfort del movimento,"In Decathlon vogliamo fornire ai nostri clienti ed utilizzatori informazioni chiare ed affidabili. In molti casi sul mercato vengono comunicate 'l'inerzia', il 'volano' o la 'massa di inerzia', fatto che crea confusione nel confrontare i prodotti. Abbiamo deciso di comunicare il peso reale del volano, che incide maggiormente sull'energia cinetica e, quindi, sul comfort del movimento. Il volano dell'ellittica 500 pesa 7kg. Davvero!","La consolle, il tuo coach virtuale",Consolle domyos     Rullo posteriore w 100 domyos     Consolle 2.1 bike en domyos     Consolle domyos     Braccio mobile sinistro inferiore el 700 domyos     Volano domyos     Gilet caccia resistente e pluritasche steppe 500 solognac     Tenda campeggio 2 seconds - 2 posti quechua     Racchetta tennis adulto babolat pure aero giallo-nero babolat     T-shirt crop top donna fitness misto cotone domyos
Scarpe adulto ALL MOUNTAIN GIRO TRACER verde militare GIRO | DECATHLON,"@..}@.page-header
      .stack
      .vtmn-navbar
      .vtmn-navbar_left-navigation
      .}@}@}....
..............@..............}@}@.}
.
..@}@}@}@}
..@.}
@}

.......................@......}.
.
.........@..}@..}
@}.@}.................@}.........

.....@}........@@}}@}
..@}@.}.
.@}
@}....@.}@}..
......@.}
@:....................................@.....}
..
.
....
@}....
..
....@.}
..............@}@..}@}
.........@}
.#
@####.#@}@}@}@}
#informativeComponent.pdp-special-modal header, #informativeComponent.pdp-special-modal
    ###.......@}
..
.
........@.}
............
.##..@}.
....[...........
............@}
............
.
.......@}.........
......@..}
.......@}.........
...................@##}##############@....#####}


.@.}.@.sidebar.popin-cross-sell
      .product-carousel-wrapper
      .product-carousel
      > .slides
      > .}
..........@.....}
@}
..@.}@.}@}}@}}
.@....}
.@.}
....@}@......}@}
...@}........@}@}@}@}
.@..}
........@}@}@}
...@}........@}@}@}@}..........
........@.}
.......@}.
..@}
@}@}[.....@..}@}
#
...@}
......@..........}@...}",Scarpe MTB,GIRO,Scarpe adulto ALL MOUNTAIN GIRO TRACER verde militare,3.7/5,Leggi le 134 recensioni,8626948.0,,40,41,42,"Aderenza   Suola Vibram® Ecostep, permette di avere una grande aderenza.          Vestibilità   Scarpetta interna in EVA con supporto per la volta plantare.          Rigidità   Il buon compromesso tra comfort e rendimento.          Durabilità   Tomaia molto aerata in microfibra resistente all'acqua.          Leggerezza   415 g (misura 43).",Suola,,Tomaia,,,Scarpe calcetto mundial team tf nere adidas     Felpa donna fitness adidas nera adidas     Rullo posteriore domyos     Ginocchiere ciclismo mtb feel d_strong protezione enduro all-mountain d3o® rockrider     Roller fitness bambino fit 5 oxelo     Gilet caccia resistente e pluritasche steppe 500 solognac     Volano domyos     Racchetta tennis adulto babolat pure aero giallo-nero babolat     Tenda campeggio 2 seconds - 2 posti quechua
HOMCOM Cyclette Ellittica Magnetica Schermo LCD e 8 Livelli di Resistenza HOMCOM | DECATHLON,"@..}@.page-header
      .stack
      .vtmn-navbar
      .vtmn-navbar_left-navigation
      .}@}@}....
..............@..............}@}@.}
.
..@}@}@}@}
..@.}
@}

.......................@......}.
.
.........@..}@..}
@}.@}.................@}.........

.....@}........@@}}@}
..@}@.}.
.@}
@}....@.}@}..
......@.}
@:....................................@.....}
..
.
....
@}....
..
....@.}
..............@}@..}@}
.........@}
.#
@####.#@}@}@}@}
#informativeComponent.pdp-special-modal header, #informativeComponent.pdp-special-modal
    ###.......@}
..
........@.}
....
............@}
............
...
...................@##}##############@....#####}


.@.}.@.sidebar.popin-cross-sell
      .product-carousel-wrapper
      .product-carousel
      > .slides
      > .}
.......@}.........

..........@.....}
..@}
@}@}[.....@..}@}
.@..}
........@}@}@}
...@}........@}@}@}@}..........
........@.}
.......@}.
.
#
......@..........}@...}
....[...........",Bici ellittiche,HOMCOM,HOMCOM Cyclette Ellittica Magnetica Schermo LCD e 8 Livelli di Resistenza,,,,,,,,,,,,,,
Tapis roulant elettrico T520B COMFORT 13 km/h 43x121cm DOMYOS | DECATHLON,"@..}@.page-header
      .stack
      .vtmn-navbar
      .vtmn-navbar_left-navigation
      .}@}@}....
..............@..............}@}@.}
.
..@}@}@}@}
..@.}
@}

.......................@......}.
.
.........@..}@..}
@}.@}.................@}.........

.....@}........@@}}@}
..@}@.}.
.@}
@}....@.}@}..
......@.}
@:....................................@.....}
..
.
....
@}....
..
....@.}
..............@}@..}@}
.........@}
.#
@####.#@}@}@}@}
#informativeComponent.pdp-special-modal header, #informativeComponent.pdp-special-modal
    ###.......@}
..
.
........@.}
.......@}.........
............@}
............
...
.
.......@}.........
......@..}
...................@##}##############@....#####}


.@.}.@.sidebar.popin-cross-sell
      .product-carousel-wrapper
      .product-carousel
      > .slides
      > .}
..........@.....}
@}
..@.}@.}@}}@}}
@}@}@}@}
.@....}
.@.}
...@.}
....@}@......}@}
...@}........@}@}@}@}
.@..}
........@}@}@}
...@}........@}@}@}@}..........
........@.}
.......@}.
..@}
@}@}[.....@..}@}
#
...@}
......@..........}@...}
....[...........",Tapis Roulant,,Tapis roulant elettrico T520B COMFORT 13 km/h 43x121cm,4.4/5,Leggi le 3180 recensioni,8529877.0,"I nostri ideatori appassionati di fitness hanno sviluppato questo tapis roulant per mantenersi in forma e snellire la linea, per un uso domestico.   Il tapis roulant T520 è ideato per praticare running a bassa intensità, in casa. Semplice ed intuitivo, sarà il partner ideale per mantenere e migliorare le tue capacità cardiache!",,,,"Versatilità   Tapis roulant evolutivo grazie alla velocità max di 13km/h e inclinazione 10%.                      Comfort dell’utilizzatore   Superficie di corsa adatta per il jogging: 43x121cm                      Coaching   10 programmi preinstallati: 5 Salute, 5 Calorie.                      Design compatto   Pieghevole.          Tempo di montaggio   Consigliamo di effettuare il montaggio in 2 persone, 45 minuti.",Dimensioni e peso,,Potenza motore,,Consolle T520,Tapis roulant connesso run 100e-a domyos     Rullo posteriore domyos     Rullo posteriore domyos     Rullo posteriore domyos     Consolle domyos     Volano domyos     Gilet caccia resistente e pluritasche steppe 500 solognac     Tenda campeggio 2 seconds - 2 posti quechua     Racchetta tennis adulto babolat pure aero giallo-nero babolat
Maglia manica lunga ciclismo bici da corsa mezza stagione Santini UCI Teal SANTINI | DECATHLON,"@..}@.page-header
      .stack
      .vtmn-navbar
      .vtmn-navbar_left-navigation
      .}@}@}....
..............@..............}@}@.}
.
..@}@}@}@}
..@.}
@}

.......................@......}.
.
.........@..}@..}
@}.@}.................@}.........

.....@}........@@}}@}
..@}@.}.
.@}
@}....@.}@}..
......@.}
@:....................................@.....}
..
.
....
@}....
..
....@.}
..............@}@..}@}
.........@}
.#
@####.#@}@}@}@}
#informativeComponent.pdp-special-modal header, #informativeComponent.pdp-special-modal
    ###.......@}
..
.
........@.}
............
.##..@}.
....[...........
............@}
............
.
.......@}.........
......@..}
.......@}.........
...................@##}##############@....#####}


.@.}.@.sidebar.popin-cross-sell
      .product-carousel-wrapper
      .product-carousel
      > .slides
      > .}
..........@.....}
@}
..@.}@.}@}}@}}
.@....}
.@.}
...@.}

.@..}
........@}@}@}
...@}........@}@}@}@}..........
........@.}
.......@}.
..@}
@}@}[.....@..}@}
#
......@..........}@...}",Maglie manica lunga bici da corsa,SANTINI,Maglia manica lunga ciclismo bici da corsa mezza stagione Santini UCI Teal,5/5,Leggi la recensione,8813728.0,,S,M,L,"Apporto termico   Grazie alla struttura calda e traspirante della termofelpa          Tasche   Tripla tasca posteriore più una con zip per portare tutto quello che ti serve          Supporto muscolare   Veste come una seconda pelle, garantisce performance aerodinamica sorprendente.",Tessuto,"Il tessuto utilizzato garantisce un'ottima termo-regolazione. Comfort eccellente assicurato, grazie al taglio anatomico più lungo sulla schiena e all'elastico in silicone in vita.",Resistenza al lavaggio,"Il tessuto, oltre ad offrire comfort e resistenza, è anche molto resistente ai ripetuti lavaggi in lavatrice.",,
Tuta sci bambina - 100 corallo WEDZE | DECATHLON,"@..}@.page-header
      .stack
      .vtmn-navbar
      .vtmn-navbar_left-navigation
      .}@}@}....
..............@..............}@}@.}
.
..@}@}@}@}
..@.}
@}

.......................@......}.
.
.........@..}@..}
@}.@}.................@}.........

.....@}........@@}}@}
..@}@.}.
.@}
@}....@.}@}..
......@.}
@:....................................@.....}
..
@}....
..
....@.}
..............@}@..}@}
.........@}
.#
#informativeComponent.pdp-special-modal header, #informativeComponent.pdp-special-modal
    ###.......@}
..
.
........@.}
............
.##..@}.
....[...........
............@}
............
.
.......@}.........
......@..}
.......@}.........
...................@##}##############@....#####}


.@.}.@.sidebar.popin-cross-sell
      .product-carousel-wrapper
      .product-carousel
      > .slides
      > .}
..........@.....}
@}
..@.}@.}@}}@}}
@}@}@}@}
.@....}
.@.}
...@.}

.@..}
........@}@}@}
...@}........@}@}@}@}..........
........@.}
.......@}.
.
....
..@}
@}@}[.....@..}@}
#
...@}
......@..........}@...}",Tute intere,WEDZE,Tuta sci bambino 100 azzurra,4.7/5,Leggi le 603 recensioni,8562644.0,"Il nostro team, genitori di giovani sciatori, ha sviluppato questa tuta per bambini per godersi la neve:sci, slitta, gioco.. Tutto in 1,al caldo e all'asciutto.   Calda e impermeabile, la tuta è l'ideale per i bambini che stanno scoprendo lo sci e si divertono a giocare sulla neve.",3 ANNI,4 ANNI,5 ANNI,"Apporto termico   Ovatta busto 150g / m² .Braccia e gambe: 100 g/m². Fodera smerigliata.                      Impermeabilità   Buona: induzione 5.000mm, cuciture glutei stagne. Ghette integrate, cappuccio.          Solidità   Tessuto rinforzato su glutei, ginocchia e orlo.          Tasche   1 tasca pettorale e 1 tasca skipass con zip.          Traspirabilità   Tessuto traspirante che permette di disperdere il sudore.          Personalizzazione   L'etichetta sulla fodera permette di scrivere il nome del bambino.",Isolamento termico in ovatta,"L’isolamento termico permette di stare alla giusta temperatura, senza avere né troppo freddo, né troppo caldo. Il capo si adatta all'attività fisica e all'ambiente esterno. Per stare al caldo, Wedze utilizza l'ovatta. Questo tessuto sintetico a base di poliestere trattiene più o meno aria a seconda della taglia delle fibre. Più l'ovatta è spessa, più vi è aria immagazzinata, più caldo è il prodotto.",Induzione,"L'induzione è un trattamento impermeabilizzante che si applica sulla parte esterna del tessuto. Impedisce la penetrazione dell'acqua nel capo, ma permette la dispersione del sudore prodotto dal corpo in attività. Così, i bambini restano asciutto, per un maggior comfort in attività.",Cuciture principali stagne.,Sottogiacca sci bambino 900 azzurro wedze     Pantaloni sci bambina 500 pnf verdi wedze     Tuta pile sci baby midwarm azzurra wedze     Maglia termica sci bambina 580 i-soft nera e wedze     Sci bambino boost 100 pinguini + attacchi tyrolia wedze     Come scegliere il suo pantalone da sci?     Come scegliere gli sci da adulto?     Quale abbigliamento per lo sci di fondo scegliere?
Maglia termica sci bambina WEDZE | DECATHLON,"@..}@.page-header
      .stack
      .vtmn-navbar
      .vtmn-navbar_left-navigation
      .}@}@}....
..............@..............}@}@.}
.
..@}@}@}@}
..@.}
@}

.......................@......}.
.
.........@..}@..}
@}.@}.................@}.........

.....@}........@@}}@}
..@}@.}.
.@}
@}....@.}@}..
......@.}
@:....................................@.....}
..
@}....
..
....@.}
..............@}@..}@}
.........@}
.#
#informativeComponent.pdp-special-modal header, #informativeComponent.pdp-special-modal
    ###.......@}
..
.
........@.}
............
.##..@}.
....[...........
............@}
............
.
.......@}.........
......@..}
.......@}.........
...................@##}##############@....#####}


.@.}.@.sidebar.popin-cross-sell
      .product-carousel-wrapper
      .product-carousel
      > .slides
      > .}
..........@.....}
@}
..@.}@.}@}}@}}
.@....}
.@.}
...@.}

.@..}
........@}@}@}
...@}........@}@}@}@}..........
........@.}
.......@}.
.
....
..@}
@}@}[.....@..}@}
#
...@}
......@..........}@...}",Intimo termico,WEDZE,Maglia termica sci bambina verde menta,4.8/5,Leggi le 1516 recensioni,8616195.0,Ideati per i giovani sciatori che praticano lo sci con il freddo e cercano un buon equilibrio tra calore e traspirabilità.   Equilibrio tra calore e dispersione del sudore. L'inserto traspirante sulla schiena ne fa il compagno ideale per una lunga giornata sugli sci.,4 ANNI,6 ANNI,8 ANNI,,Qual è il taglio del BL500?,L'intimo termico da sci BL SKI 500 bambino ha un taglio classico dritto che si adatta a tutte le morfologie. Non troppo ampio per conservare il calore e avere una buona efficienza.,Cosa offre il poliestere?,"Il poliestere è la fibra più utilizzata per l'intimo termico, perché è relativamente economica e offre prestazioni eccellenti: le fibre possono essere lavorate a maglia per ottenere un tessuto molto leggero e resistente. Assorbe attivamente l'umidità ma non si asciuga particolarmente bene quando è bagnata.","Come devo vestirmi, per stare al caldo, sulle piste?",Maglia termica sci donna 500 bianca wedze     Maglia termica sci donna 500 1/2 zip wedze     Pantaloni termici sci uomo bl500 neri wedze     Maglia termica sci uomo bl500 nera wedze     Maglia termica sci bambina 580 i-soft nera e wedze     Come scegliere la giacca da sci freeride?     Come scegliere gli sci bambino     Come scegliere gli sci freeride?     Come scegliere un pantalone da sci per bambini?     Come scegliere il suo pantalone da sci?
Tapis roulant connesso RUN 100E-A DOMYOS | DECATHLON,"@..}@.page-header
      .stack
      .vtmn-navbar
      .vtmn-navbar_left-navigation
      .}@}@}....
..............@..............}@}@.}
.
..@}@}@}@}
..@.}
@}

.......................@......}.
.
.........@..}@..}
@}.@}.................@}.........

.....@}........@@}}@}
..@}@.}.
.@}
@}....@.}@}..
......@.}
@:....................................@.....}
..
.
....
@}....
..
....@.}
..............@}@..}@}
.........@}
.#
@####.#@}@}@}@}
#informativeComponent.pdp-special-modal header, #informativeComponent.pdp-special-modal
    ###.......@}
..
.
........@.}
.......@}.........
............@}
............
...
.
.......@}.........
......@..}
...................@##}##############@....#####}


.@.}.@.sidebar.popin-cross-sell
      .product-carousel-wrapper
      .product-carousel
      > .slides
      > .}
..........@.....}
@}
..@.}@.}@}}@}}
.@....}
.@.}
...@.}
....@}@......}@}
...@}........@}@}@}@}
.@..}
........@}@}@}
...@}........@}@}@}@}..........
........@.}
.......@}.
..@}
@}@}[.....@..}@}
#
...@}
......@..........}@...}
....[...........",Tapis Roulant,,Tapis roulant elettrico RUN 100E compatto e connesso 14 km/h 45x120 cm,4.5/5,Leggi le 500 recensioni,8759370.0,"Il RUN100E è un tapis roulant che unisce performance e connettività per un uso regolare, ma quello che amiamo di più è la sua chiusura compatta.   Vuoi ridurre l'ingombro senza scendere a compromessi sulle performance? Il nostro modello RUN100E unisce connettività, ampia superficie di corsa e chiusura compatta.",,,,"Versatilità   Velocità massima 14km/h e inclinazione manuale fino al 3%, per progredire.          Comfort dell’utilizzatore   Superficie di corsa larga 45 cm e lunga 120cm.          Coaching   Nella consolle sono già compresi 30 programmi mirati ideati da un coach Domyos.          Connettività   Compatibile Domyos E Connected & applicazioni esterne Kinomap e Zwift.          Design compatto   Il tapis roulant più compatto della nostra gamma Domyos, chiuso è profondo 38cm.          Tempo di montaggio   Consigliamo di effettuare il montaggio in 2 persone, 45 minuti.",Dimensioni e peso,,I vantaggi del tapis roulant,,Esclusiva DOMYOS RUN100E,Scheda di controllo domyos     Carter anteriore workshop     Rullo posteriore domyos     Rullo posteriore domyos     Consolle domyos     Volano domyos     Gilet caccia resistente e pluritasche steppe 500 solognac     Tenda campeggio 2 seconds - 2 posti quechua     Racchetta tennis adulto babolat pure aero giallo-nero babolat
"Ellittica EL 540 autoalimentata e connessa, Kinomap, E-Connected nera DOMYOS | DECATHLON","@..}@.page-header
      .stack
      .vtmn-navbar
      .vtmn-navbar_left-navigation
      .}@}@}....
..............@..............}@}@.}
.
..@}@}@}@}
..@.}
@}

.......................@......}.
.
.........@..}@..}
@}.@}.................@}.........

.....@}........@@}}@}
..@}@.}.
.@}
@}....@.}@}..
......@.}
@:....................................@.....}
..
@}....
..
....@.}
..............@}@..}@}
.........@}
.#
@####.#@}@}@}@}
#informativeComponent.pdp-special-modal header, #informativeComponent.pdp-special-modal
    ###.......@}
..
.
........@.}
.......@}.........
............@}
............
...
.
.......@}.........
......@..}
...................@##}##############@....#####}


.@.}.@.sidebar.popin-cross-sell
      .product-carousel-wrapper
      .product-carousel
      > .slides
      > .}
..........@.....}
@}
..@.}@.}@}}@}}
.@....}
.@.}
...@.}
....@}@......}@}
...@}........@}@}@}@}
.......
.@..}
........@}@}@}
...@}........@}@}@}@}..........
........@.}
.......@}.
.
....
..@}
@}@}[.....@..}@}
#
......@..........}@...}
....[...........",Bici ellittiche,,"Ellittica EL 540 autoalimentata e connessa, Kinomap, E-Connected nera",4.4/5,Leggi le 180 recensioni,8607943.0,Questa ellittica è stata ideata dalle nostre equipe di appassionati per un uso regolare.   Vuoi pedalare davanti alla finestra (o TV) o sul terrazzo ma non hai una presa vicino?Non serve più la presa: l'ellittica 540 si autoalimenta con i tuoi movimenti. Vantaggio: Lunghezza del passo 39cm.,,,,"Auto-alimentazione   Non serve più la presa: l'ellittica 540 si autoalimenta con i tuoi movimenti.          Lavoro cardiovascolare   Passo lungo, 39cm, e 15 livelli di resistenza.          Fluidità di pedalata   Fluidità ottimale anche ad alta intensità grazie al volano di 9kg.          Coaching   24 programmi preinstallati, 6 indicatori. Consolle connessa.          Connettività   Consolle connessa alle app partner come Kinomap ed E-connected.",Quali differenze ci sono tra la EL 520 e la EL 540?,,Non serve più la presa! L'ellittica 540 è autoalimentata!!,"“Il filo è troppo corto”, “Il filo è troppo lungo, mi fa inciampare”, “Non posso metterla sul balcone perché non ho una presa' o semplicemente 'Ah, andava collegata, non lo sapevo!”. Ascoltando i nostri sportivi ci è venuta l'idea di un'ellittica autoalimentata. L'ellittica 540 è stata la prima ellittica che abbiamo sviluppato con questa tecnologia e ne siamo molto orgogliosi. Rende felici migliaia di sportivi!",Lunghezza del passo 39cm.,
Calze ciclismo ROADR 500 nere VAN RYSEL | DECATHLON,"@..}@.page-header
      .stack
      .vtmn-navbar
      .vtmn-navbar_left-navigation
      .}@}@}....
..............@..............}@}@.}
.
..@}@}@}@}
..@.}
@}

.......................@......}.
.
.........@..}@..}
@}.@}.................@}.........

.....@}........@@}}@}
..@}@.}.
.@}
@}....@.}@}..
......@.}
@:....................................@.....}
..
@}....
..
....@.}
..............@}@..}@}
.........@}
.#
#informativeComponent.pdp-special-modal header, #informativeComponent.pdp-special-modal
    ###.......@}
..
.
........@.}
............
.##..@}.
....[...........
............@}
............
.
.......@}.........
......@..}
.......@}.........
...................@##}##############@....#####}


.@.}.@.sidebar.popin-cross-sell
      .product-carousel-wrapper
      .product-carousel
      > .slides
      > .}
..........@.....}
@}
..@.}@.}@}}@}}
.@....}
.@.}
...@.}

.@..}
........@}@}@}
...@}........@}@}@}@}..........
........@.}
.......@}.
.
....
..@}
@}@}[.....@..}@}
#
...@}
......@..........}@...}",Collezione Explore,VAN RYSEL,Calze ciclismo 500,,Leggi le 4323 recensioni,8353897.0,"Sviluppate dai nostri ingegneri con un tessuto sottile in poliammide, queste calze di lunghezza media sono molto piacevoli in estate e asciugano in fretta.   Calze basse e anatomiche con fascia di mantenimento centrale per dare più comfort e per una migliore stabilità durante la pratica. Maglia sottile che favorisce una sensazione di freschezza.",35/38,39/42,43/46,,Perché scegliere le calze da ciclismo B'TWIN?,,Consigli di manutenzione,Prodotto lavabile in lavatrice a 30°. Programma per capi sintetici. Mettere il prodotto a rovescio. Usare poco detersivo. Non usare ammorbidente. Fare asciugare appeso in un luogo caldo e aerato. Non usare l'asciugatrice. Non lavare a secco. Non usare cloro. Non mettere sul calorifero.,Lunghezza del gambaletto,Calze ciclismo roadr 520 gialle van rysel     Calze ciclismo roadr 500 van rysel     Calze ciclismo roadr 520 van rysel     Calze montagna nh500 high - 2 paia quechua     Calze ciclismo 900 aero van rysel     Come scegliere le calze per il running     Come scegliere le calze da caccia?
Pantaloni sci bambina - 100 rosa WEDZE | DECATHLON,"@..}@.page-header
      .stack
      .vtmn-navbar
      .vtmn-navbar_left-navigation
      .}@}@}....
..............@..............}@}@.}
.
..@}@}@}@}
..@.}
@}

.......................@......}.
.
.........@..}@..}
@}.@}.................@}.........

.....@}........@@}}@}
..@}@.}.
.@}
@}....@.}@}..
......@.}
@:....................................@.....}
..
@}....
..
....@.}
..............@}@..}@}
.........@}
.#
#informativeComponent.pdp-special-modal header, #informativeComponent.pdp-special-modal
    ###.......@}
..
.
........@.}
............
.##..@}.
....[...........
............@}
............
.
.......@}.........
......@..}
.......@}.........
...................@##}##############@....#####}


.@.}.@.sidebar.popin-cross-sell
      .product-carousel-wrapper
      .product-carousel
      > .slides
      > .}
..........@.....}
@}
..@.}@.}@}}@}}
.@....}
.@.}
...@.}

.@..}
........@}@}@}
...@}........@}@}@}@}..........
........@.}
.......@}.
.
....
..@}
@}@}[.....@..}@}
#
...@}
......@..........}@...}",Pantaloni,WEDZE,Pantaloni sci bambina - 100 rosa,4.8/5,Leggi le 311 recensioni,8605983.0,"La nostra squadra, genitori di giovani sciatori, ha sviluppato questi pantaloni per la sciatrice occasionale. Ideali per stare al caldo e all'asciutto.   Pantaloni caldi e impermeabili, con bretelle regolabili e staccabili.Ideali per imparare a sciare nelle migliori condizioni.",6 ANNI,8 ANNI,10 ANNI,"Apporto termico   Ovatta 100 g/m². Fodera smerigliata per una bella sensazione di calore.          Impermeabilità   Buona: induzione 5000mm. Cuciture glutei stagne. Ghette.          Regolabile   Cintura elastica. Bretelle regolabili, staccabili.          Traspirabilità   Tessuto traspirante che permette di disperdere il sudore.          Personalizzazione   L'etichetta sulla fodera permette di scrivere il nome della bambina.",Isolamento termico in ovatta,"L’isolamento termico permette di stare alla giusta temperatura, senza avere né troppo freddo, né troppo caldo. Il capo si adatta all'attività fisica e all'ambiente esterno. Per stare al caldo, Wedze utilizza l'ovatta. Questo tessuto sintetico a base di poliestere trattiene più o meno aria a seconda della taglia delle fibre. Più l'ovatta è spessa, più vi è aria immagazzinata, più caldo è il prodotto.",Induzione,"L'induzione è un materiale impermeabilizzante che si spalma sulla parte interna del tessuto esterno. Impedisce la penetrazione dell'acqua nel capo, ma permette la dispersione del sudore prodotto dal corpo in attività. Così, i bambini restano asciutti, per un maggior comfort in attività.",Cuciture principali stagne.,Muffole sci bambino azzurre wedze     Pantaloni termici rugby adulto r 500 neri offload     Pantaloni equitazione bambino 500 mesh rinforzi antiscivolo fouganza     Pantaloni rugby bambino 500 neri offload     Pantaloni sci donna 100 beige wedze     Scarpe trekking donna nh500 mid impermeabili grigie quechua
Scarpe da ginnastica ADIDAS bambino ADVANTAGE bianche dal 28 al 34 ADIDAS | DECATHLON,"@..}@.page-header
      .stack
      .vtmn-navbar
      .vtmn-navbar_left-navigation
      .}@}@}....
..............@..............}@}@.}
.
..@}@}@}@}
..@.}
@}

.......................@......}.
.
.........@..}@..}
@}.@}.................@}.........

.....@}........@@}}@}
..@}@.}.
.@}
@}....@.}@}..
......@.}
@:....................................@.....}
..
@}....
..
....@.}
..............@}@..}@}
.........@}
.#
#informativeComponent.pdp-special-modal header, #informativeComponent.pdp-special-modal
    ###.......@}
..
.
........@.}
............
.##..@}.
....[...........
............@}
............
.
.......@}.........
......@..}
.......@}.........
...................@##}##############@....#####}


.@.}.@.sidebar.popin-cross-sell
      .product-carousel-wrapper
      .product-carousel
      > .slides
      > .}
..........@.....}
@}
..@.}@.}@}}@}}
.@....}
.@.}
...@.}
.@..}
........@}@}@}
...@}........@}@}@}@}..........
........@.}
.......@}.
..@}
@}@}[.....@..}@}
#
...@}
......@..........}@...}","Abbigliamento bambini, scarpe da ginnastica",ADIDAS,Scarpe da ginnastica ADIDAS bambino ADVANTAGE bianche dal 28 al 34,4.7/5,Leggi le 194 recensioni,8768529.0,,28,29,30,Resistenza all'abrasione   Suola esterna in gomma.          Facile da indossare   Le fasce a strappo permettono ai bambini di essere completamente autonomi.          Vestibilità   Tomaia in PU (poliuretano).,Resistenza all'abrasione,La suola esterna di tipo Cupsole in gomma e la cucitura sull'avampiede permettono di avere una resistenza migliore agli sfregamenti sulle scarpe.,Mantenimento,"La tomaia di queste scarpe è in cuoio sintetico e la tomaia è imbottita sulla caviglia per offrire ancora più comfort. Inoltre, la fodera è in tessuto.",,Scarpe da ginnastica adidas bambino tensaur con strap blu-rosa dal 28 al 38 adidas     Scarpe da ginnastica adidas bambino hoops con strap bianco-rosso dal 28 al 34 adidas     Scarpe da ginnastica adidas baby breaknet con strap dal 20 al 27 adidas     Scarpe da ginnastica adidas bambino tensaur run con lacci rosa dal 35 al 39 adidas     Scarpe da ginnastica adidas bambino grand court con strap bianco perlato adidas     Come si scelgono le scarpe per la camminata sportiva?     Come scegliere le scarpe da golf     Baby gym: perché scegliere le nostre scarpe per il tuo bambino?     Quale marca scegliere per le scarpe da running?     Come scegliere le scarpe da ginnastica per la scuola?
