Name,Name,Name,Rating,Number of Photos,Name,Annotation in webpage,Other,Other,Rating,Other,Other,Other,Other,Phone Number,Additional information,Additional informations,Address,Address,Opening hours,Annotation in webpage,Other,Labels/actions,Other,Other,Other,Other,Other,Other,Other
"Le Nasse Lab - Ristorante di pesce e sushi - Cioccolateria e sala da té, Municipio Roma X - Menu e recensioni del ristorante",Le Nasse Lab - Ristorante di pesce e sushi - Cioccolateria e sala da té,Le Nasse Lab - Ristorante di pesce e sushi - Cioccolateria e sala da té,#2 di 1029,108 foto,lunch Price     dine in Meal     della materia prima     vale la pena     lo consiglio vivamente,Valutazioni di Le Nasse Lab - Ristorante di pesce e sushi - Cioccolateria e sala da té,136.0,50.0,5,15.0,Opinioni dei clienti di Le Nasse Lab - Ristorante di pesce e sushi - Cioccolateria e sala da té,119.0,"Richiedere la rimozione di informazioni          Elena Tittarelli   6 mesi fa su Google              Pesce veramente molto buono e piatti particolari ad un prezzo onesto. Il cameriere è gentilissimo!    Meal type:   Lunch     Price per person:   €10–20     Food:   5     Service:   5     Atmosphere:   5                Richiedere la rimozione di informazioni          Cinzia Petronici   6 mesi fa su Google              Piccolo ristorante senza pretese. La disposizione dei tavoli all' interno del locale risulta un po' scomoda. L'esecuzione dei cibi, seppur con alcune imprecisioni, è nel complesso buona. Creativi gli abbinamenti, in particolare gli spaghettoni con ricci, menta e pecorino.    Service:   Dine in     Meal type:   Dinner     Price per person:   €20–30     Food:   3     Service:   3     Atmosphere:   2             b       Richiedere la rimozione di informazioni          bruno barozzi   un anno fa su Restaurant Guru             fuori dal traffico, fronte pineta, servizio accurato, staff professionale, stoviglieria di qualità, ma sopratutto ottimo cibo , pesce a gogo , poca scelta ma di qualità   una cheesecake  e un cuore caldo al cioccolato strepitosi, porzioni generose,. in quanto ai prezzi, antipasto, secondo contorno dessert 1 bottiglia di vino e minerale 37 euri , da   non perdere BRAVIII                + 1 foto           1     0    |   Rispondere",+39 342 510 0537,,€20 - €50,"Via Isole Samoa, 23a","Via Isole Samoa, 23a, Municipio Roma X, Lazio, Italia",Chiuso,,Longo Bistrò,#1705 di 8388  pizzerie a Roma,Ristorante Le Azzorre,#169 di 17366 ristoranti  a Roma,Bar Raffaele,#983 di 12047  caffè a Roma,Trattoria Da Noantri,#272 di 8892 ristoranti italiani a Roma,NewMix Risto-Bistrot   #45 di 17366 ristoranti  a Roma
"Mi Sushi e Ramen ristorante, Ciampino - Menu e recensioni del ristorante",Mi Sushi e Ramen,Mi Sushi e Ramen,#2 di 172,104 foto,gaia     just     alessio     gli uramaki     consegna a domicilio     ci andrò     e alla moda     di ritardo     gli involtini     the fork,Valutazioni di Mi Sushi e Ramen,597.0,91.0,"4,5",51.0,Opinioni dei clienti di Mi Sushi e Ramen,227.0,"Richiedere la rimozione di informazioni          Viola De Monte   6 mesi fa su Google              L’ordine è arrivato mezz’ora dopo e senza nemmeno avvisare (ho dovuto chiamare io il ristorante per capire dove fosse perché l’app continuava a segnare serenamente la consegna in orario per le 21.30 anche alle 22). Arrivato l’ordine mancava una pietanza, ho chiamato di nuovo il ristorante per farlo presente e mi hanno detto che se avessi scritto loro su whatsapp mi avrebbero emesso un buono, e invece mi hanno liquidata con una faccina sorridente e un pollicione all’insù e chi s’è visto s’è visto. Sicuramente errore mio non aver controllato prima che il ragazzo andasse via ma l’ordine mi è stato praticamente lanciato con gran fretta e non me la sentivo di bloccarlo ancora e ritardare altre consegne, peggio sicuramente per me che ho provato ad esser gentile e ho lasciato anche la mancia. Premetto che al telefono ho anche detto loro che non me la sentivo di far fare di nuovo tutta la strada avanti e indietro al loro corriere per una pietanza soltanto, ma non va bene neanche essere presi in giro e trattati in modo condiscendente, a prescindere dal valore della pietanza in questione: è una questione di professionalità. Non professionali e il cibo era ordinario, senza lode senza infamia. Non consiglio e non ordinerei più.    Service:   Delivery     Meal type:   Dinner     Price per person:   €10–20     Food:   2     Service:   1     Atmosphere:   1             F       Richiedere la rimozione di informazioni          Fabiola   un anno fa su Restaurant Guru             IL miglior ristorante giapponese è cinese che abbia mai provato. Servizio impeccabile e piatti ben presentati, gustosissimi. Spero che aprano presto a Roma        1     0    |   Rispondere                Richiedere la rimozione di informazioni          Rod Nextdoor   3 anni fa su Google             Been in so many restaurants especially asians, I can definitely rate mi sushi e ramen is on top, their foods and drinks are incomparable, superb taste, well presented, I like their creativity especially in cocktail drinks, staffs especially owner are very accommodating, and big clap to mike, such a nice and helpful too, definitely will back again!!!! Owww aperitivos, its a extra wow and big YES for me",+39 388 888 7777,Apre alle 11:00,€9 - €23,"Via di Morena, 197","Via di Morena, 197, Ciampino, Lazio, Italia",11:00-01:00,facebook.com,Zen Garden,#16 di 172 ristoranti  a Ciampino,Ristorante Paradiso Cinese,#19 di 172 ristoranti  a Ciampino,Ristorante Cinese Fu Guo,#37 di 172 ristoranti  a Ciampino,Justin Wok Sushi,#7 di 13  ristoranti di sushi  a Ciampino,Ristorante Al Vigneto dal 1961   #1 di 172 ristoranti  a Ciampino         Ariò Pizza Food Delivery   #57 di 521  pizzerie a Municipio Roma X         Pesce Fritto e Baccalà   #2 di 190  ristoranti di pesce a Lido di Ostia
"Mi Sushi e Ramen ristorante, Ciampino - Menu e recensioni del ristorante",Mi Sushi e Ramen,Mi Sushi e Ramen,#2 di 172,104 foto,gaia     just     alessio     gli uramaki     consegna a domicilio     ci andrò     e alla moda     di ritardo     gli involtini     the fork,Valutazioni di Mi Sushi e Ramen,597.0,91.0,"4,5",51.0,Opinioni dei clienti di Mi Sushi e Ramen,227.0,"Richiedere la rimozione di informazioni          Viola De Monte   6 mesi fa su Google              L’ordine è arrivato mezz’ora dopo e senza nemmeno avvisare (ho dovuto chiamare io il ristorante per capire dove fosse perché l’app continuava a segnare serenamente la consegna in orario per le 21.30 anche alle 22). Arrivato l’ordine mancava una pietanza, ho chiamato di nuovo il ristorante per farlo presente e mi hanno detto che se avessi scritto loro su whatsapp mi avrebbero emesso un buono, e invece mi hanno liquidata con una faccina sorridente e un pollicione all’insù e chi s’è visto s’è visto. Sicuramente errore mio non aver controllato prima che il ragazzo andasse via ma l’ordine mi è stato praticamente lanciato con gran fretta e non me la sentivo di bloccarlo ancora e ritardare altre consegne, peggio sicuramente per me che ho provato ad esser gentile e ho lasciato anche la mancia. Premetto che al telefono ho anche detto loro che non me la sentivo di far fare di nuovo tutta la strada avanti e indietro al loro corriere per una pietanza soltanto, ma non va bene neanche essere presi in giro e trattati in modo condiscendente, a prescindere dal valore della pietanza in questione: è una questione di professionalità. Non professionali e il cibo era ordinario, senza lode senza infamia. Non consiglio e non ordinerei più.    Service:   Delivery     Meal type:   Dinner     Price per person:   €10–20     Food:   2     Service:   1     Atmosphere:   1             F       Richiedere la rimozione di informazioni          Fabiola   un anno fa su Restaurant Guru             IL miglior ristorante giapponese è cinese che abbia mai provato. Servizio impeccabile e piatti ben presentati, gustosissimi. Spero che aprano presto a Roma        1     0    |   Rispondere                Richiedere la rimozione di informazioni          Rod Nextdoor   3 anni fa su Google             Been in so many restaurants especially asians, I can definitely rate mi sushi e ramen is on top, their foods and drinks are incomparable, superb taste, well presented, I like their creativity especially in cocktail drinks, staffs especially owner are very accommodating, and big clap to mike, such a nice and helpful too, definitely will back again!!!! Owww aperitivos, its a extra wow and big YES for me",+39 388 888 7777,Apre alle 11:00,€9 - €23,"Via di Morena, 197","Via di Morena, 197, Ciampino, Lazio, Italia",11:00-01:00,facebook.com,Zen Garden,#16 di 172 ristoranti  a Ciampino,Ristorante Paradiso Cinese,#19 di 172 ristoranti  a Ciampino,Ristorante Cinese Fu Guo,#37 di 172 ristoranti  a Ciampino,Justin Wok Sushi,#7 di 13  ristoranti di sushi  a Ciampino,Hostaria Santa Maria   #2 di 284 ristoranti  a Frascati         Rolinho Sushi Fusion ciampino   #58 di 172 ristoranti  a Ciampino         Trattoria I Belloni   #3 di 172 ristoranti  a Ciampino
"Metamorfosi pizzeria, Roma, Via Livio Andronico 2 - Menu e recensioni del ristorante","Metamorfosi, Via Livio Andronico 2",Metamorfosi,,,,Valutazioni di Metamorfosi,,4.0,5,1.0,Opinioni dei clienti di Metamorfosi,3.0,,+39 06 3972 5841,,,"Via Livio Andronico 2, 00136","Via Livio Andronico 2, Roma, Lazio, Italia, 00136",06:30-22:30,,Bar Pizzeria Zeus,#5126 di 8385  pizzerie a Roma,Spiano Pizza,#5132 di 8385  pizzerie a Roma,L'Eggizziano,#5316 di 8385  pizzerie a Roma,ciccio pizza e mozzarella,#5146 di 8385  pizzerie a Roma,Ristorante Il Tettuccio   #20 di 284 ristoranti  a Frascati         Cantina Il Pergolato   #20 di 144 ristoranti italiani a Frascati         La Vecchia Locanda Frascati   #5 di 95  pizzerie a Frascati
"La Vecchia Locanda Frascati pizzeria, Frascati - Menu e recensioni del ristorante",La Vecchia Locanda Frascati,La Vecchia Locanda Frascati,#5 di 95,189 foto,"area playground     dei castelli romani     di bisonte     la sbriciolata     danese     menù fissi     ortolana     david    spazzatura', anzi,  mi piace scegliere il cibo più sano guardando zuccheri... ' data-words='spazzatura'> spazzatura     una tagliata di scottona",Valutazioni di La Vecchia Locanda Frascati,1336.0,575.0,"4,5",183.0,Opinioni dei clienti di La Vecchia Locanda Frascati,350.0,"Richiedere la rimozione di informazioni          Salvatore Pace   6 mesi fa su Google              Da sempre una garanzia di buon cibo, ottimo servizio e ottimo rapporto qualità/prezzo. Consigliatissimo!!!    Meal type:   Dinner     Price per person:   €30–40     Food:   5     Service:   5     Atmosphere:   5      L    Response from the owner   6 mesi fa    Tante Grazie e a presto     Show replies   (1)               Richiedere la rimozione di informazioni          Manolo Urbani   6 mesi fa su Google              La seconda volta che ci andiamo e devo dire che sia la pizza che i primi sono ottimi ...torneremo per provare la carne    Food:   5     Service:   5     Atmosphere:   5                Richiedere la rimozione di informazioni          Emanuela Tisbi   6 mesi fa su Google              Non credo di tornarci di nuovo. Avevamo preventivato di prendere un menù di Pizza No Stop e invece essendo in 6 ci è stato comunicato che era possibile da 20 persone in su, cmq abbiamo optato per antipasto e pizza, l'antipasto è arrivato immediatamente, mentre per la pizza abbiamo dovuto attendere poco più di 1 ora, quindi i bambini si sono iniziati ad agitare. Inoltre era pieno di gente, i giochi erano impraticabili x la calca che c'era (credo una scolaresca) ed esternamente non c'è spazio per poter fare altro perché il parcheggio era stracolmo di auto. Tra l'altro ho visto il titolare (credo) dare la mancia al parcheggiatore davanti ai clienti che erano a prendere un po di aria davanti l'entrata del locale e l'ho trovata una cosa spiacevole da vedere. La pizza non era ben cotta quindi non l'ho digerita e cmq hanno una scelta sui soliti gusti, non mi sembra di aver trovato nulla che possa creare attrazione a livello culinario. Insomma, a mio parere, una dei tanti ristoranti che mirano alla quantità dei clienti. Non ci tornerei e non lo consiglierei    Food:   3     Service:   1     Atmosphere:   1",+39 393 889 1264,Apre alle 19:00,€10 - €35,"Via di Pietra Porzia, 32","Via di Pietra Porzia, 32, Frascati, Lazio, Italia",19:00-23:00,lavecchialocanda.business.site,La Vignetta,#7 di 95  pizzerie a Frascati,Giardino L'olivella,#62 di 263  pub e bar a Frascati,Ristorante Accademia Frascati,#12 di 143 ristoranti italiani a Frascati,Hinterland Bar Gelateria Artigianale,#5 di 263  pub e bar a Frascati,Pizza Idea 1   #2 di 95  pizzerie a Frascati         Ninfa Restaurant   #3 di 284 ristoranti  a Frascati         Ristorante Cavour   #1 di 284 ristoranti  a Frascati
"Menu di La Pergola, Roma, Via Alberto Cadlolo - recensioni e valutazioni del ristorante italiano","La Pergola, menu","La Pergola, menu",#1 di 17369,444 foto,,Valutazioni di La Pergola,1094.0,2648.0,"4,3",874.0,Opinioni dei clienti di La Pergola,544.0,"b       Richiedere la rimozione di informazioni          bohar31721   4 mesi fa su Restaurant Guru        nice!        0     0    |   Rispondere                Richiedere la rimozione di informazioni          Mauro Duello   6 mesi fa su Google              Non andateci sono molto arroganti ed il cibo è scadente,se siete dei vip sicuramente avrete un trattamento adeguato    Food:   1     Service:   1     Atmosphere:   1                Richiedere la rimozione di informazioni          Silvio Marino   3 anni fa su Google             Difficile recensire La Pergola, si rischia di dire cose banali.Posso solo confermare che è un’esperienza indimenticabile, per location, menu e servizio.Complimenti.",+39 06 3509 2152,Apre alle 19:30,€250 - €290,"Via Alberto Cadlolo, 101","Via Alberto Cadlolo, 101, Roma, Lazio, Italia",Chiuso,romecavalieri.com,Prosciutteria Alcolica menu,#5523 di 17369 ristoranti  a Roma,Rione XIV Bistrot menu,#700 di 17369 ristoranti  a Roma,Su e Giù menu,#16 di 17369 ristoranti  a Roma,Il Treppio menu,#2220 di 14717  pub e bar a Roma,Pinsere   #2 di 8388  pizzerie a Roma         Pizza Zizza Roma   #3 di 8388  pizzerie a Roma         Pizza e Mozzarella   #1 di 8388  pizzerie a Roma
"Pinsere pizzeria, Roma, Via Flavia - Menu e recensioni del ristorante","Pinsere, Via Flavia, 98",Pinsere,#2 di 8385,500 foto,di piazza sallustio     via Flavia     via Bosi     delle mensole     ottima La Campionessa con crema     close at 4pm     villa Borghese     la vera pinsa romana     chiodini     light and fluffy,Valutazioni di Pinsere,2908.0,4269.0,"4,7",665.0,Opinioni dei clienti di Pinsere,1686.0,"T       Richiedere la rimozione di informazioni          Thrashing Jane   7 mesi fa su Google              Spettacolo! Dalla simpatia al cibo, consigliatissimo!!!    Service:   Dine in     Meal type:   Lunch     Food:   5     Service:   5     Atmosphere:   5           D       Richiedere la rimozione di informazioni          Dario Roscioli   7 mesi fa su Google              Personale gentilissimo e molto affabile. Consiglio vivamente di andarci    Price per person:   €1–10           M       Richiedere la rimozione di informazioni          Maurizio Schiavone   3 anni fa su Google             Sono un pugliese andato a Roma per un weekend con la mia ragazza, caso ha voluto che alloggiassimo all'albergo di fianco al pinsere, e menomale direi. La migliore pinsa che abbia mai assaggiato, leggera, soffice, croccante ai bordi, ingredienti top. E lui che sta al banco, simpaticissimo e socievole. Ora so dove andare quando torno a Roma.",+39 06 4202 0924,Apre alle 10:00,€5 - €7,"Via Flavia, 98","Via Flavia, 98, Roma, Lazio, Italia",10:00-21:00,facebook.com,I Commensali,#8101 di 17369 ristoranti  a Roma,Piccolo Buco (NO PRENOTAZIONI-NO RESERVATIONS),#12 di 8385  pizzerie a Roma,Il Nipotino del Solitario,#442 di 17369 ristoranti  a Roma,DEROMA - Farine Romane,#423 di 8901 ristoranti italiani a Roma,Alfredo e Ada   #188 di 17366 ristoranti  a Roma         Da Enzo         Colline Emiliane   #4 di 17366 ristoranti  a Roma
,,,,,,,,,,,,,,,,,,,,,,,,,,,,,
"NewMix Risto-Bistrot ristorante, Municipio Roma X - Menu e recensioni del ristorante",NewMix Risto-Bistrot,NewMix Risto-Bistrot,,123 foto,a Dragoncello     alessio e Massimo     la perizia     la tempura di verdure     lime     e menta     garbo     guanciale     gioia     curato nei minimi dettagli,Valutazioni di NewMix Risto-Bistrot,170.0,88.0,5,63.0,Opinioni dei clienti di NewMix Risto-Bistrot,150.0,"A       Richiedere la rimozione di informazioni          Antennista Roma   un anno fa su Google             È la seconda volta che ci veniamo, cibo sempre ottimo, dolci fantastici e personale più che cortese.Grazie mille.         D       Richiedere la rimozione di informazioni          Denny De Angelis   un anno fa su Google             Uno scrigno sicuro, perfetta alchimia di sapori classici e moderni serviti da sorriso e gentilezza rassicuranti !Il nostro ristorante preferito.         G       Richiedere la rimozione di informazioni          Gabriella Martelli   un anno fa su Google             Cucina ricercata ma leggera. Ottime materie prime cucinate in maniera tutt'altro che banale. Il personale è gentile e professionale. Prezzi più che onesti per ciò che propongono. 5 stelle meritatissime.... sicuramente torneremo!",+39 06 8892 1578,,,"Via Ottone Fattiboni, 120","Via Ottone Fattiboni, 120, Municipio Roma X, Lazio, Italia",06:30-00:00,newmix.business.site,Memè Hosteria,#3704 di 17369 ristoranti  a Roma,Pizza120 di Paganelli Alvaro,#61 di 8385  pizzerie a Roma,La Fraschetta,#180 di 17369 ristoranti  a Roma,Famelico Restaurant,#192 di 17369 ristoranti  a Roma,
"Cantina Il Pergolato ristorante, Frascati - Menu e recensioni del ristorante",Cantina Il Pergolato,Cantina Il Pergolato,#20 di 143,183 foto,gli stornelli     display     la cantante lirica     alla matriciana     scaldare     come una mensa     tedeschi     tipici dei castelli romani     fraschetteria     tour group,Valutazioni di Cantina Il Pergolato,1182.0,404.0,"4,2",155.0,Opinioni dei clienti di Cantina Il Pergolato,360.0,"Richiedere la rimozione di informazioni          Stefano Lombardelli   5 mesi fa su Google             Si mangia bene ed hanno una birra rossa artigianale di Frascati davvero buona. Complessivamente buono    C    Response from the owner   5 mesi fa    Grazie     Show replies   (1)               Richiedere la rimozione di informazioni          kelly castro   5 mesi fa su Google             Ormai...la mia casa    C    Response from the owner   5 mesi fa    Bellissimo     Show replies   (1)               Richiedere la rimozione di informazioni          Rap Italy   5 mesi fa su Google              Deve essere cambiata la gestione, e con essa anche i cuochi ,prima mi partivo da Bracciano per andare a Frascati a mangiare qui...ma questa è la seconda volta che non è più buono come prima...non credo che ci ritorneremo!    Service:   Dine in     Meal type:   Lunch     Food:   2     Service:   2     Atmosphere:   4     Recommended dishes:   Mezze Maniche Alla Carbonara      C    Response from the owner   5 mesi fa    mi dispiace moltissimo se la sua esperienza non l'abbia soddisfatta alcune cose sono cambiate, ma in senso contrario, c'è più attenzione verso il cliente rispetto ai pranzi di un anno fa i cuochi sono gli stessi di sempre comunque non mancheremo di far presente il suo appunto alla cucina e ci miglioreremo ;) More     Show replies   (1)",+39 06 942 0464,,€10 - €20,"Via del Castello, 20","Via del Castello, 20, Frascati, Lazio, Italia",12:30-22:30,cantinailpergolato.it,Hotel e Ristorante Il Pinocchio,#8 di 95  pizzerie a Frascati,Osteria Il Grappolo D'Oro,#32 di 263  pub e bar a Frascati,Alice Pizza – Consegne a Domicilio,#15 di 95  pizzerie a Frascati,Il Fornaretto di Amadei,#26 di 95  pizzerie a Frascati,La Vecchia Locanda Frascati   #5 di 95  pizzerie a Frascati         Pizza Idea 1   #2 di 95  pizzerie a Frascati         Ninfa Restaurant   #3 di 284 ristoranti  a Frascati
"Colline Emiliane ristorante, Roma - Menu e recensioni del ristorante",Colline Emiliane,Colline Emiliane,#4 di 17366,438 foto,il giambonetto di vitella     the Giambonetto di Vitella     piazza Barberini     the Piazza Barbarini     prosciutto di Langhirano    streghe' pasta lievita che invece di fritta era cotta al forno... ' data-words='streghe'> streghe     del Tritone     triangoli ripieni     culatello di Zibello     erbazzone,Valutazioni di Colline Emiliane,1228.0,2036.0,"4,6",416.0,Opinioni dei clienti di Colline Emiliane,559.0,"C       Richiedere la rimozione di informazioni          Claudio Menchetti   5 mesi fa su Google              Rapido pranzo di lavoro dove però ho potuto mangiare i ravioli ricotta e spinaci più buoni della mia vita. Un piatto reso apparentemente semplice dalla moltitudine dei prodotti commerciali che si trovano in giro. Ma la pasta fatta in casa che si mangia qui è lontana anni luce. Decisamente fantastici. E poi un gelato alla crema fatto da loro. Antichi sapori della cucina italiana. Da tornare assolutamente    Meal type:   Lunch     Price per person:   €20–30     Food:   5     Service:   5     Atmosphere:   4     Recommended dishes:   Pasta Fatta A Mano             A       Richiedere la rimozione di informazioni          Alessandra Rocca   un anno fa su Google              Meraviglie della cucina Emiliana e non solo in questo piccolo storico santuario della pasta rigorosamente Tirata a mano; da chi lo fa ormai da anni con amore e dedizione !!! E sono i proprietari con il più giovane Luca a guidare questo delizioso ristorante dove trovare un tavolo non è sempre facile ma armatevi di pazienza perchè ne vale la pena .    Food:   5     Service:   5     Atmosphere:   4             G       Richiedere la rimozione di informazioni          Giovanni Criscione   3 anni fa su Google             Locale che conosco da anni ma che purtroppo frequento poco, ogni volta che ho la fortuna di mangiarci è una conferma di eccellenza e al contempo una sorpresa; propone una cucina tradizionale emiliana di fattura pregevole, la carta è giustamente non amplissima. Il cavallo di battaglia a mio modo di vedere sono i primi, le paste, siano esse ripiene, fettuccine o lasagne, sono rigorosamente fatte da loro e di qualità eccelsa. Fra i secondi il giambonetto è un piatto da provare assolutamente, i dolci sono incredibili, la meringata al limone è irrinunciabile. Il prezzo visto la zona e la qualità espressa è più che adeguato. Infine a narale ho avuto modo di provare anche i piatti da asporto, e devo dire che perdono pochissimo o nulla rispetto a quelli consumati in loco. Se non avete ancora avuto modo di provare le colline emiliane... rimediate appena possibile!",+39 06 481 7538,Apre alle 12:45,€23 - €55,"Via degli Avignonesi, 22",,,,Quel Che C'è Laboratorio di Cucina,#54 di 8892 ristoranti italiani a Roma,Imàgo,#9 di 17366 ristoranti  a Roma,Come il Latte,#2 di 2204  pasticcerie a Roma,La Terrazza,#20 di 17366 ristoranti  a Roma,Su e Giù   #17 di 17366 ristoranti  a Roma         Grazia & Graziella   #618 di 8892 ristoranti italiani a Roma         A Casa di Nino   #2 di 142 ristoranti  a Genzano di Roma
"Pinsere pizzeria, Roma, Via Flavia - Menu e recensioni del ristorante","Pinsere, Via Flavia, 98",Pinsere,#2 di 8385,500 foto,di piazza sallustio     via Flavia     via Bosi     delle mensole     ottima La Campionessa con crema     close at 4pm     villa Borghese     la vera pinsa romana     chiodini     light and fluffy,Valutazioni di Pinsere,2908.0,4269.0,"4,7",665.0,Opinioni dei clienti di Pinsere,1686.0,"T       Richiedere la rimozione di informazioni          Thrashing Jane   7 mesi fa su Google              Spettacolo! Dalla simpatia al cibo, consigliatissimo!!!    Service:   Dine in     Meal type:   Lunch     Food:   5     Service:   5     Atmosphere:   5           D       Richiedere la rimozione di informazioni          Dario Roscioli   7 mesi fa su Google              Personale gentilissimo e molto affabile. Consiglio vivamente di andarci    Price per person:   €1–10           M       Richiedere la rimozione di informazioni          Maurizio Schiavone   3 anni fa su Google             Sono un pugliese andato a Roma per un weekend con la mia ragazza, caso ha voluto che alloggiassimo all'albergo di fianco al pinsere, e menomale direi. La migliore pinsa che abbia mai assaggiato, leggera, soffice, croccante ai bordi, ingredienti top. E lui che sta al banco, simpaticissimo e socievole. Ora so dove andare quando torno a Roma.",+39 06 4202 0924,Apre alle 10:00,€5 - €7,"Via Flavia, 98","Via Flavia, 98, Roma, Lazio, Italia",10:00-21:00,facebook.com,I Commensali,#8101 di 17369 ristoranti  a Roma,Piccolo Buco (NO PRENOTAZIONI-NO RESERVATIONS),#12 di 8385  pizzerie a Roma,Il Nipotino del Solitario,#442 di 17369 ristoranti  a Roma,DEROMA - Farine Romane,#423 di 8901 ristoranti italiani a Roma,Pizza Zizza Roma   #3 di 8388  pizzerie a Roma         Pizza e Mozzarella   #1 di 8388  pizzerie a Roma         Alfredo e Ada   #188 di 17366 ristoranti  a Roma
"Ariò Pizza Food Delivery pizzeria, Municipio Roma X - Menu e recensioni del ristorante",Ariò Pizza Food Delivery,Ariò Pizza Food Delivery,#57 di 521,57 foto,via Anselmo Banduri     ostia antica     alessio e Giovanni     alla pala     tonda     minuti di ritardo     riso scotto     vabbè     scuse     abito,Valutazioni di Ariò Pizza Food Delivery,345.0,87.0,"4,4",187.0,Opinioni dei clienti di Ariò Pizza Food Delivery,207.0,,+39 06 565 1082,,€10 - €29,"Via Anselmo Banduri, 53","Via Anselmo Banduri, 53, Municipio Roma X, Lazio, Italia",06:30-22:30,ariopizzeria.it,La locanda dei sapori,#7813 di 17369 ristoranti  a Roma,Ristorante Pizzeria il Miraggio Dragona,#1446 di 17369 ristoranti  a Roma,Cremeria Alpi,#161 di 2204  pasticcerie a Roma,Al Bajniero,#19 di 486 ristoranti italiani a Municipio Roma X,Pesce Fritto e Baccalà   #2 di 190  ristoranti di pesce a Lido di Ostia         Gusto GLAM   #219 di 3813  ristoranti di pesce a Roma         Cargo Burger Lab   #7589 di 17366 ristoranti  a Roma
"Menu di La Pergola, Roma, Via Alberto Cadlolo - recensioni e valutazioni del ristorante italiano","La Pergola, menu","La Pergola, menu",#1 di 17369,444 foto,,Valutazioni di La Pergola,1094.0,2648.0,"4,3",874.0,Opinioni dei clienti di La Pergola,544.0,"b       Richiedere la rimozione di informazioni          bohar31721   4 mesi fa su Restaurant Guru        nice!        0     0    |   Rispondere                Richiedere la rimozione di informazioni          Mauro Duello   6 mesi fa su Google              Non andateci sono molto arroganti ed il cibo è scadente,se siete dei vip sicuramente avrete un trattamento adeguato    Food:   1     Service:   1     Atmosphere:   1                Richiedere la rimozione di informazioni          Silvio Marino   3 anni fa su Google             Difficile recensire La Pergola, si rischia di dire cose banali.Posso solo confermare che è un’esperienza indimenticabile, per location, menu e servizio.Complimenti.",+39 06 3509 2152,Apre alle 19:30,€250 - €290,"Via Alberto Cadlolo, 101","Via Alberto Cadlolo, 101, Roma, Lazio, Italia",Chiuso,romecavalieri.com,Prosciutteria Alcolica menu,#5523 di 17369 ristoranti  a Roma,Rione XIV Bistrot menu,#700 di 17369 ristoranti  a Roma,Su e Giù menu,#16 di 17369 ristoranti  a Roma,Il Treppio menu,#2220 di 14717  pub e bar a Roma,Ristorante Il Tettuccio   #20 di 284 ristoranti  a Frascati         Cantina Il Pergolato   #20 di 144 ristoranti italiani a Frascati
"Rolinho Sushi Fusion ciampino, Ciampino - Menu e recensioni del ristorante",Rolinho Sushi Fusion ciampino,Rolinho Sushi Fusion ciampino,#57 di 172,12 foto,,Valutazioni di Rolinho Sushi Fusion ciampino,143.0,1.0,,,Opinioni dei clienti di Rolinho Sushi Fusion ciampino,106.0,"Richiedere la rimozione di informazioni          Loretta Tranquilli   24 giorni fa su Google              Una cena tra amici è stata una serata stupenda, dove ho scoperto un locale di altissima qualità,proprietario simpaticissimo e molto bravo nel svolgere il suo lavoro. Piatti favolosi per me che non piaceva il sushi dopo questa serata mi sono davvero ricreduta, un piatto migliore dell'altro.Questo locale è un'eccellenza complimenti a tutto lo staff .    Service:   Dine in     Meal type:   Dinner     Food:   5     Service:   5     Atmosphere:   5     Recommended dishes:   Roll Tonno Flambè Con Top Di Tonno Scottato E Granella Al Pistacchio                  Richiedere la rimozione di informazioni          Alessia Altieri   9 mesi fa su Google              Il personale è molto gentile e disponibile. Il cibo ottimo, prodotti freschissimi, cotture perfette, sushi delizioso e molto ricercato. Tornerò sicuramente    Meal type:   Lunch     Price per person:   €20–30                Richiedere la rimozione di informazioni          Kiara Mente   9 mesi fa su Google              Bellissima esperienza, abbiamo mangiato benissimo e non vedo l'ora di tornare per provare tanti altri piatti dal vastissimo menù. Abbiamo provato i tacos, le polpette di ricciola, e diversi roll: mi sono innamorata di quelli con il guanciale. Tutti i piatti serviti con bellissime presentazioni floreali accompagnate dal bravissimo ragazzo che vi guiderà in ogni piatto che scegliete. Abbiamo mangiato a sazietà e pagato meno di quanto avremmo pagato ad un comune all you can eat Queste sono le piccole realtà che vanno supportate    Service:   Dine in     Meal type:   Dinner     Price per person:   €30–40     Food:   5     Service:   5     Atmosphere:   5     Recommended dishes:   Millefoglie Crema Al Lime E Rum Cioccolato Fondente",+39 06 770067,,,"Viale del lavoro, 116","Viale del lavoro, 116, Ciampino, Lazio, Italia",19:30-23:00,rolinho.com,Mi Sushi e Ramen,#2 di 172 ristoranti  a Ciampino,Ristorante Mad Fish Pesce Tartacevicheria,#1 di 31  ristoranti di pesce a Ciampino,Zen Garden,#17 di 172 ristoranti  a Ciampino,Sushi Daily Ciampino,#4 di 13  ristoranti di sushi  a Ciampino,
"Pizza Idea 1 pizzeria, Frascati, Via Enrico de Nicola - Menu e recensioni del ristorante","Pizza Idea 1, Via Enrico de Nicola, 2",Pizza Idea 1,#2 di 95,40 foto,a Cocciano     dei castelli romani     e pizze tonde     la matriciana     sulle labbra     nduja     pachino     e aceto balsamico     il mercoledì     imbarazzo della,Valutazioni di Pizza Idea 1,388.0,215.0,"4,8",105.0,Opinioni dei clienti di Pizza Idea 1,196.0,,+39 06 942 4729,Apre alle 10:30,€9 - €23,"Via Enrico de Nicola, 2","Via Enrico de Nicola, 2, Frascati, Lazio, Italia",10:30-22:00,pizzaidea1.it,Belvedere  dal 1933,#14 di 284 ristoranti  a Frascati,La Locanda dei Sonati,#4 di 143 ristoranti italiani a Frascati,OVOSODO TRATTORIA PINSERIA,#18 di 95  pizzerie a Frascati,Ristorante Accademia Frascati,#12 di 143 ristoranti italiani a Frascati,Ninfa Restaurant   #3 di 284 ristoranti  a Frascati         Ristorante Cavour   #1 di 284 ristoranti  a Frascati         Hostaria Santa Maria   #2 di 284 ristoranti  a Frascati
"Pizza e Mozzarella pizzeria, Roma - Menu e recensioni del ristorante",Pizza e Mozzarella,Pizza e Mozzarella,#1 di 8385,272 foto,due passi dal Pantheon     renato     con farina biologica     he weighs     near the Pantheon     dude     100g     the gram     arancini balls     he’s,Valutazioni di Pizza e Mozzarella,2858.0,2180.0,5,7.0,Opinioni dei clienti di Pizza e Mozzarella,394.0,"Richiedere la rimozione di informazioni          Pasquale D'alterio   6 mesi fa su Google              Pizza ottima, fatta con prodotti di prima qualità. Personale gentile e disponibile, la consiglio vivamente. Buon appetito    Food:   5     Service:   5     Atmosphere:   5                Richiedere la rimozione di informazioni          Giovanna Di Matteo   6 mesi fa su Google              Pizza buonissima, prodotti biologici eccellenti. Gazi gentilissimo e unico. Ci ritorneremo senz'altro    Food:   5     Service:   5     Atmosphere:   5                Richiedere la rimozione di informazioni          Artur Pereć   2 anni fa su Google             I ate pizza in Napoli, Policoro and Roma and here in Pizza e Mozzarella is the best pizza! Way way more better than any other place! Highly recommend",+39 327 357 9195,Apre alle 11:00,,"Via del Piè di Marmo, 32","Via del Piè di Marmo, 32, Roma, Lazio, Italia",10:00-20:00,gmaps.top,Trivio Roma,#131 di 8385  pizzerie a Roma,Saltimbocca ristorante,#103 di 17369 ristoranti  a Roma,Mastrociccia Osteria Bistrot,#6 di 8901 ristoranti italiani a Roma,Bernini Ristorante,#141 di 17369 ristoranti  a Roma,Pinsere   #2 di 8388  pizzerie a Roma         Alfredo e Ada   #188 di 17366 ristoranti  a Roma         Da Enzo
"Ristorante Il Tettuccio, Frascati - Menu e recensioni del ristorante",Ristorante Il Tettuccio,Ristorante Il Tettuccio,#20 di 284,117 foto,bigonzo'. Posso dire che la cantina sottostante il locale è scavata... ' data-words='l'allegro bigonzo'> l'allegro bigonzo     miran     sabrina     vi consiglio sbriciolata alla     ballerina     in tegamini di terracotta     rughetta     cuoca Loredana     trippa e coratella     abbacchio scottadito,Valutazioni di Ristorante Il Tettuccio,1141.0,1311.0,"4,2",351.0,Opinioni dei clienti di Ristorante Il Tettuccio,360.0,"Richiedere la rimozione di informazioni          Gorizia Di Fede   6 mesi fa su Google              Rispostorante consigliato da un'amica. Tutto ottimo a prezzi onesti. Cucina tipica molto buona. Consiglio assolutamente la carbonara tartufata. Ottimo il vino della casa. Servizio e cortesiamolto buono, prima di andare via ci hanno offerto dei biscottini tipi cantucci, veramente buoni. Gli ambienti sono piccoli ma va bene così, si sente la convivialità del posto. Per il parcheggio bisogna faticare un po' ma si trova.    Service:   Dine in     Meal type:   Lunch     Price per person:   €10–20     Food:   5     Service:   5     Atmosphere:   4     Recommended dishes:   Antipasti Misti, Carbonara Tartufata                  Richiedere la rimozione di informazioni          Antonietta Fazzini   6 mesi fa su Google              Personale gentilissimo e cibo buonissimo e abbondante. Ottimo rapporto qualità/prezzo. Abbiamo ordinato straccetti di manzo con grana e una porzione di patatine fritte. A fine pasto ci hanno anche offerto dei biscottini al vino deliziosi. Anche vino bianco della casa molto buono. Posto molto carino, l'unico problema forse la gente che abita sopra il ristorante dato che ogni tanto mettevano la musica molto alta.    Service:   Dine in     Meal type:   Dinner     Price per person:   €20–30     Food:   5     Service:   4     Atmosphere:   4                  Richiedere la rimozione di informazioni          Giada Cecere   7 mesi fa su Google              È una trattoria tipica, con prezzi modici. Gli antipasti erano un po'scarni e le pappardelle al ragù di cinghiale buone. Una delle cose che ho apprezzato di più è la crema tartufata ai ceci.    Service:   Dine in     Meal type:   Lunch     Price per person:   €20–30     Food:   3     Service:   4     Atmosphere:   4",+39 06 8366 1797,Apre alle 12:00,,"Via Gioberti, 27","Via Gioberti, 27, Frascati, Lazio, Italia",,ristoranteiltettuccio.it,Ristorante Ara Anua,#5 di 284 ristoranti  a Frascati,'Na Fojetta,#1 di 143 ristoranti italiani a Frascati,Il Timone Di Fiscante Massimo,#3 di 143 ristoranti italiani a Frascati,Tinello 28,#7 di 143 ristoranti italiani a Frascati,Cantina Il Pergolato   #20 di 144 ristoranti italiani a Frascati         La Vecchia Locanda Frascati   #5 di 95  pizzerie a Frascati         Pizza Idea 1   #2 di 95  pizzerie a Frascati
"Alfredo e Ada pub & bar, Roma, Via dei Banchi Nuovi - Menu e recensioni del ristorante","Alfredo e Ada, Via dei Banchi Nuovi, 14",Alfredo e Ada,#188 di 17366,339 foto,na vorta     ciambelline da inzuppare nel vino     alla vaccinara     tavoli di marmo     the oxtail stew     chiara     scaloppine al limone     due passi da Castel Sant     verbally     nipote dei proprietari,Valutazioni di Alfredo e Ada,1839.0,1284.0,"4,7",319.0,Opinioni dei clienti di Alfredo e Ada,585.0,"n       Richiedere la rimozione di informazioni          niko giordano   6 mesi fa su Google              Spettacolare..... Sapori dell'antica Roma nel vero senso della parola.. Da commozione.. Servizio ottimo e simpaticissimo il personale    Service:   Dine in     Meal type:   Dinner     Price per person:   €20–30     Food:   5     Service:   5     Atmosphere:   5           T       Richiedere la rimozione di informazioni          Tommaso Stella   un anno fa su Google             Il locale si presenta estremamente delizioso con interni caratteristici e proprietari molto carini. Purtroppo il cibo non ha minimamente soddisfatto l’attesa. L’amatriciana e soprattutto l’arrabbiata non erano buone: la pasta purtroppo era riscaldata al microonde e quindi presentava sia rigatoni mollicci sia molto duri. Si salva il sugo con la coda alla vaccinara. Il conto era in linea con quello servito, basso e onesto. Si va via con l’amaro in bocca e con un po’ di fame.           M       Richiedere la rimozione di informazioni          Marco Testini   2 anni fa su Google             Esperienza da non perdere se vuoi mangiare romanesco da Alfredo e Ada devi andare",+39 06 3973 7741,Apre alle 12:00,€11 - €20,"Via dei Banchi Nuovi, 14","Via dei Banchi Nuovi, 14, Roma, Lazio, Italia",Chiuso,facebook.com,Ristorante Pancrazio dal 1922,#11 di 17366 ristoranti  a Roma,Clorofilla Cucina & Distillati,#941 di 17366 ristoranti  a Roma,Mimì e Cocò,#114 di 8892 ristoranti italiani a Roma,Poldo e Gianna Osteria,#129 di 17366 ristoranti  a Roma,Da Enzo         Colline Emiliane   #4 di 17366 ristoranti  a Roma         Su e Giù   #17 di 17366 ristoranti  a Roma
"Trattoria I Belloni ristorante, Ciampino, Via Mura dei Francesi - Recensioni del ristorante","Trattoria I Belloni, Via Mura dei Francesi, 22/C",Trattoria I Belloni,#3 di 172,171 foto,e Gricia Su Fondo     rigatoni con pajata     nelle padelle di cottura     alla vaccinara     da sturbo     zuppe di legumi     amatriciana e carbonara     se magna     la pagliata     la pasta cacio e pepe,Valutazioni di Trattoria I Belloni,1809.0,1095.0,5,23.0,Opinioni dei clienti di Trattoria I Belloni,333.0,"Richiedere la rimozione di informazioni          Maurizio Pino   6 mesi fa su Google              Ottima cucina.personale disponibile e preparato,locheschion accogliente.Andrea simpaticissimo .Da provare    Food:   5     Service:   5     Atmosphere:   5      T    Response from the owner   6 mesi fa    Grazie mille     Show replies   (1)               Richiedere la rimozione di informazioni          paolo d'orazio   6 mesi fa su Google               Service:   Dine in     Meal type:   Dinner     Price per person:   €30–40     Food:   5     Service:   5     Atmosphere:   5     Recommended dishes:   Arrosticini, Rigatoni Alla Amatriciana, Tagliata Al Barolo, Ossobuco Alla Romana, Trippa Alla Romana, Carbonara In Primo Piano E Gricia Su Fondo, Fagioli Con Le Cotiche      T    Response from the owner   6 mesi fa    Grazie mille     Show replies   (1)               Richiedere la rimozione di informazioni          salvatore negro   6 anni fa su Google             Dire eccezionale è dire poco, la Trattoria I Belloni è qualcosa di straordinario di unico. Ambiente accogliente e molto particolare avvolgente e allegro. Ci si sente in famiglia con un'accoglienza fantastica. Il servizio è impeccabile, nonostante le sale piene l' attesa è breve. Le pietanze sono ottime e abbondanti e soprattutto è spettacolare vedersi arrivare al tavolo sia i primi che i secondi direttamente nei pentoloni appena sfornati. Il tutto seguito da un ottimo rapporto prezzo/qualità.",+39 06 7936 5142,Apre alle 12:45,€11 - €20,"Via Mura dei Francesi, 22/C","Via Mura dei Francesi, 22/C, Ciampino, Lazio, Italia",Chiuso,,Il Limoncello,#9 di 172 ristoranti  a Ciampino,Home food & coffee,#7 di 28 caffetterias a Ciampino,GianGusto Ciampino,#4 di 14 fast food a Ciampino,La Pala Magica Ciampino,#17 di 89  pizzerie a Ciampino,
,,,,,,,,,,,,,,,,,,,,,,,,,,,,,
"Su e Giù ristorante, Roma - Menu e recensioni del ristorante",Su e Giù,Su e Giù,#17 di 17366,322 foto,la cedrina fatta     via Tacito     allison     di Daniele e Natasha     jason     metro Lepanto     dandelion     citronella     the Prati neighborhood     cola di Rienzo,Valutazioni di Su e Giù,1444.0,3683.0,"4,8",201.0,Opinioni dei clienti di Su e Giù,786.0,,+39 06 3265 0352,,€11 - €20,"Via Tacito, 42","Via Tacito, 42, Roma, Lazio, Italia",,suegiucucinaromana.blogspot.com,Il Convivio Troiani,#1047 di 17366 ristoranti  a Roma,Prosciutteria Alcolica,#5509 di 17366 ristoranti  a Roma,Rione XIV Bistrot,#900 di 17366 ristoranti  a Roma,Ristorante Ad Hoc,#19 di 17366 ristoranti  a Roma,Grazia & Graziella   #618 di 8892 ristoranti italiani a Roma         A Casa di Nino   #2 di 142 ristoranti  a Genzano di Roma         MASTO a Testaccio I Roma   #73 di 14707  pub e bar a Roma
"Menu di Da Enzo, Italia, Via dei Vascellari 29 - recensioni e valutazioni","Da Enzo, menu","Da Enzo, menu",,12 foto,,Valutazioni di Da Enzo,,,,,Opinioni dei clienti di Da Enzo,,,+39 06 581 2260,,,"Via dei Vascellari 29, Rome",,,,al vicolino speziato menu,#16950 di 17366 ristoranti  a Roma,Krishna menu,#16954 di 17366 ristoranti  a Roma,Vivitevere menu,#10729 di 14707  pub e bar a Roma,DLC 2008 menu,#12556 di 14707  pub e bar a Roma,Colline Emiliane   #4 di 17366 ristoranti  a Roma         Su e Giù   #17 di 17366 ristoranti  a Roma         Grazia & Graziella   #618 di 8892 ristoranti italiani a Roma
"Pizza Zizza Roma pub & bar, Roma - Menu e recensioni del ristorante",Pizza Zizza Roma,Pizza Zizza Roma,#3 di 8385,595 foto,gianicolo     jacobo     una calamita     due passi dal Vaticano     da piazza San Pietro     fridge magnet     roberto and Enrico     via delle Fornaci     scissors     cupola,Valutazioni di Pizza Zizza Roma,3201.0,3476.0,"4,8",659.0,Opinioni dei clienti di Pizza Zizza Roma,1129.0,"C       Richiedere la rimozione di informazioni          Cinzia Matricciani   un anno fa su Google              Il giusto mix di gentilezza, qualità delle materie prime e sapienza nella preparazione fa di questo negozio un vero gioiello. Pizze mai scontate e digeribilissime. Supplì che ti riportano a casa di nonna nelle giornate di festa. Una sosta di 10 minuti in questo negozio ti resta nel cuore per sempre. Ai turisti lo consiglio per assaporare la qualità e la tradizione del vero cibo italiano. Agli italiani lo consiglio per ritrovare una fetta di sapori genuini e l'ospitalità che fa di noi romani... nà storia a parte! Prezzi onestissimi per la qualità delle materie prime. Vegetarian options: Provate gli onion ring fatti al momento. Kid-friendliness: Ottimo servizio attento ai particolari. Le mie figlie adorano questo posto.    Service:   Take out     Meal type:   Lunch     Price per person:   €1–10             S       Richiedere la rimozione di informazioni          Sara Bortolotti   un anno fa su Google             Pizza fantastica. Se siete in zona non potete perdervela, super consigliato.         L       Richiedere la rimozione di informazioni          LA NATION   un anno fa su Google             La pizza più buona di San Pietro",+39 338 868 1227,Apre alle 12:00,,"Via delle Fornaci, 11","Via delle Fornaci, 11, Roma, Lazio, Italia",12:00-20:00,pizzazizza.it,Pizzeria Mammapà,#25 di 8385  pizzerie a Roma,Labottega Pastificio con Cucina Roma,#405 di 17369 ristoranti  a Roma,Girodolio,#2 di 2402 fast food a Roma,Hostaria Ago e Lillo,#2052 di 17369 ristoranti  a Roma,Pizza e Mozzarella   #1 di 8388  pizzerie a Roma         Pinsere   #2 di 8388  pizzerie a Roma         Alfredo e Ada   #188 di 17366 ristoranti  a Roma
,,,,,,,,,,,,,,,,,,,,,,,,,,,,,
"Cargo Burger Lab ristorante, Roma - Menu e recensioni del ristorante",Cargo Burger Lab,Cargo Burger Lab,,63 foto,di Roscioli     ex segheria     samuel     pulled pork     dello street food     chianino     etichette     equilibrati     imbarazzo della     5 Recommended dishes,Valutazioni di Cargo Burger Lab,356.0,254.0,"4,9",34.0,Opinioni dei clienti di Cargo Burger Lab,184.0,"Richiedere la rimozione di informazioni          Beatrice Fizzarotti   7 mesi fa su Google              Ho cenato diverse volte da Cargo ed ho sempre avuto ottime esperienze. Il locale è bello e ben curato, personale gentile ed il cibo è sublime. I panini sono buonissimi, ed estendo l'opinione anche sulla patatine e sui dolci. Assolutamente consigliato    Service:   Dine in     Meal type:   Dinner     Price per person:   €20–30     Food:   5     Service:   5     Atmosphere:   5     Recommended dishes:   Hamburger Carbonaro E Patate Carbonaro, Hamburger E Patatine                  Richiedere la rimozione di informazioni          AndLX   7 mesi fa su Google              Posto e ambiente molto rilassante, personale competente e molto attento e i burger sono da Dio, proprio perché la carne è molto buona. Il titolare stesso molto simpatico e alla mano. Ristorante straconsigliato, personalmente ci ritornerò sicuramente.    Service:   Dine in     Meal type:   Dinner     Price per person:   €10–20     Food:   5     Service:   5     Atmosphere:   5     Recommended dishes:   Hamburger E Patatine                  Richiedere la rimozione di informazioni          Fabrizio CONDOLUCI   5 mesi fa su Google              Search for a different sandwich shop than usual, we ended up at Cargo Burger Lab. Initially a little incredulous, once we entered we were positively impressed by the place. Tastefully furnished, without too many frills, with both indoor and outdoor space. The menu, which satisfies every type of palate, as well as the quality and genuineness of the ingredients, largely stand up to better known competitors such as Old Wild West and RoadHouse. As for the service, it was excellent. The boy who served us, Samuel, was very polite, patient and exhaustive with every clarification requested. As for the bread of the hamburgers, it is taken directly from Roscioli, on which any comment is superfluous. The gem is the bread made with vegetable charcoal flour: delicious! The beer, handcrafted for them, really deserves it, just as the beer cans deserve: to be collected for its originality! The price is more than fair, given the high quality of everything that is offered to you! In short what are you waiting for?!?! Wheelchair accessibility: There are no architectural barriers.    Meal type:   Dinner     Price per person:   €10–20     Food:   5     Service:   5     Atmosphere:   4     Recommended dishes:   Burger Carbonaro, Big Cargo Pane Ai Carboni Vegetali, Hamburger Carbonaro E Patate Carbonaro, Patatine Fritte",+39 06 8438 2470,Apre alle 18:30,€10 - €30,"Via Ippolito Desideri, 63","Via Ippolito Desideri, 63, Roma, Lazio, Italia",18:30-00:00,cargoburgerlab.it,By Luk,#278 di 2392 fast food a Roma,Mi'Ndujo - Aura,#461 di 2392 fast food a Roma,Saloon del Panino - Portuense,#215 di 2392 fast food a Roma,La Ragnatela Hop501,#2735 di 14707  pub e bar a Roma,Le Nasse Lab - Ristorante di pesce e sushi - Cioccolateria e sala da té   #2 di 1029 ristoranti  a Municipio Roma X         NewMix Risto-Bistrot   #45 di 17366 ristoranti  a Roma
"Gusto GLAM pizzeria, Lido di Ostia - Menu e recensioni del ristorante",Gusto GLAM,Gusto GLAM,,159 foto,Corte dei Borboni'.Tornati per sbaglio abbiamo riconosciuto il propietario. Ma a parte ... ' data-words='Corte dei Borboni'> corte dei Borboni     la pizza bomber     il proprietario Gianluca     di stornelli     degustazione oceano     antipasto luxury     attilio     il tiramisù scomposto     pizza Margherita     pomodoro San Marzano,Valutazioni di Gusto GLAM,1850.0,1119.0,"4,3",530.0,Opinioni dei clienti di Gusto GLAM,491.0,"V       Richiedere la rimozione di informazioni          Valentina   3 mesi fa su Restaurant Guru             Super soddisfatti! Siamo partiti da Pescara per mangiare un ottimo primo di pesce da Gusto Glam.. accoglienza, ospitalità, servizio top! Torniamo presto..        0     0    |   Rispondere           j       Richiedere la rimozione di informazioni          julia merolese   5 mesi fa su Google              pizze piccole, fredde, condite con eccessivo olio a crudo, patatine di bassa qualità, consegna nettamente in ritardo    Service:   Delivery     Meal type:   Dinner     Food:   3     Service:   2           C       Richiedere la rimozione di informazioni          Calogero   6 mesi fa su Restaurant Guru             Ormai clienti fissi. Non ci deludono mai. Qualità dei prodotti eccellente. Buon servizio. Ottimo rapporto qualità prezzo con the fork.        0     0    |   Rispondere",+39 06 562 2746,Apre alle 11:00,€10 - €50,Piazza Anco Marzio 27 Via dei fabbri navali,"Piazza Anco Marzio 27 Via dei fabbri navali, Lido di Ostia, Lazio, Italia",11:00-23:30,ristorantegustoglamostia.it,Pizzeria Ferrara Lido Di Ostia,#685 di 8385  pizzerie a Roma,Antico Traiano,#646 di 8901 ristoranti italiani a Roma,Ost Friendly Food Ostia,#4099 di 14717  pub e bar a Roma,Pesce Fritto e Baccalà,#2 di 191  ristoranti di pesce a Lido di Ostia,Cargo Burger Lab   #7589 di 17366 ristoranti  a Roma         Le Nasse Lab - Ristorante di pesce e sushi - Cioccolateria e sala da té   #2 di 1029 ristoranti  a Municipio Roma X         NewMix Risto-Bistrot   #45 di 17366 ristoranti  a Roma
"Ristorante Al Vigneto dal 1961, Marino, Via Dei Laghi - Recensioni del ristorante","Ristorante Al Vigneto dal 1961, Via dei Laghi, Km. 4.500",Ristorante Al Vigneto dal 1961,,117 foto,tonino     fettuccine fatte     lo stinco di maiale     con aceto balsamico     il pranzo di Pasqua     entrecote     parking options     pere e gorgonzola     alla brace     ai galletti e pecorino,Valutazioni di Ristorante Al Vigneto dal 1961,300.0,121.0,"4,8",50.0,Opinioni dei clienti di Ristorante Al Vigneto dal 1961,180.0,"E       Richiedere la rimozione di informazioni          Emanuele Faraglia   8 mesi fa su Google              Consiglio ottimo in tutto ci ritornerò sicuramente    Food:   5     Service:   5     Atmosphere:   5           L       Richiedere la rimozione di informazioni          Luca Debiti   9 mesi fa su Google              Locale molto carino in cui sono già stato svariate volte. Stasera siamo andati di pinsa che era davvero buona e ben fatta. Cordialità ed ospitalità in questo bel locale alle porte di Marino a conduzione familiare    Food:   5     Service:   5     Atmosphere:   5           V       Richiedere la rimozione di informazioni          Vincenzo Pelligra   9 mesi fa su Google              Buona cucina, buon servizio. Se devo trovare una pecca, non è in merito al servizio di ristorazione che ripeto essere buonissimo, è per il bagno senza chiave. Esperienza culinaria sicuramente da ripetere.    Service:   Dine in     Meal type:   Lunch     Price per person:   €20–30     Food:   4     Service:   4     Atmosphere:   4",+39 06 938 7034,,€20 - €34,"Via dei Laghi, Km. 4.500","Via dei Laghi, Km. 4.500, Marino, Lazio, Italia",Chiuso,ristorantealvignetodal1961.business.site,Portale 21 - Opificio Di Cucina,#52 di 233 ristoranti  a Marino,For De Porta,#18 di 123 ristoranti italiani a Marino,LA FATTORIA DI VALENTINO,#19 di 123 ristoranti italiani a Marino,Ristorante Cacio e Pepe,#3 di 123 ristoranti italiani a Marino,Ariò Pizza Food Delivery   #57 di 521  pizzerie a Municipio Roma X         Pesce Fritto e Baccalà   #2 di 190  ristoranti di pesce a Lido di Ostia         Gusto GLAM   #219 di 3813  ristoranti di pesce a Roma
"MASTO a Testaccio I Roma ristorante, Roma - Menu e recensioni del ristorante",MASTO a Testaccio I Roma,MASTO a Testaccio I Roma,#75 di 14717,286 foto,emiliano and Rita     gateau     on high stools     a chalkboard     sgabelli     a chocolate soufflé     selection of meats and cheeses     the locally sourced food     lazio     scomodi,Valutazioni di MASTO a Testaccio I Roma,907.0,566.0,"4,7",425.0,Opinioni dei clienti di MASTO a Testaccio I Roma,485.0,,+39 06 9521 5816,Apre alle 11:00,€9 - €23,"Via Galvani, 39/41","Via Galvani, 39/41, Roma, Lazio, Italia",11:00-00:00,masto-a-testaccio.business.site,Porto Quadro ristorante,#11 di 17369 ristoranti  a Roma,'DOC' Cruderia EnoBistrot,#21 di 17369 ristoranti  a Roma,Gusteria Al 17 Roma,#6404 di 17369 ristoranti  a Roma,daLú,#50 di 17369 ristoranti  a Roma,La Pergola   #1 di 17366 ristoranti  a Roma         Ristorante Il Tettuccio   #20 di 284 ristoranti  a Frascati
"Ristorante Cavour, Frascati - Menu e recensioni del ristorante",Ristorante Cavour,Ristorante Cavour,#1 di 284,68 foto,pappardelle al cinghiale     sbriciolata     le lenticchie al curry     i ceci con tartufo     alla cuoca     la trippa     e fettuccine     ineccepibile     radicchio     un plauso,Valutazioni di Ristorante Cavour,212.0,111.0,"4,4",34.0,Opinioni dei clienti di Ristorante Cavour,159.0,"Richiedere la rimozione di informazioni          Ema sasa   3 mesi fa su Google              Prenotato con the fork per due, ci siamo trovati veramente bene. La proprietaria, nonché la cuoca, è stata molto gentile e accogliente e subito si è mostrata disponibile. Ci ha anche offerto due mozzarelline affumicate con del guanciale sopra, erano squisite. Noi avevamo preso due primi, entrambi molto buoni con un prezzo in linea con il mercato.    Service:   Dine in     Meal type:   Lunch     Price per person:   €10–20     Food:   5     Service:   5     Atmosphere:   4                  Richiedere la rimozione di informazioni          THEDALAIMAX   7 mesi fa su Google              Ho mangiato benissimo e ci tornerò di sicuro. Lo consiglio vivamente    Food:   5     Service:   5     Atmosphere:   5                Richiedere la rimozione di informazioni          Lorenzo Audionoxx   2 anni fa su Google             Terza volta a 'Ristorante Cavour'.Complimenti alla qualità delle materie prime ed al servizio. Edon (il ragazzo di sala) è stato sempre preciso, cordiale ed attento ad ogni nostra esigenza.Ovviamente ritorneremo quando saremo nei pressi...",+39 06 5987 9553,Apre alle 12:00,€10 - €30,"Via Cavour, 66","Via Cavour, 66, Frascati, Lazio, Italia",,facebook.com,ALLORO,#110 di 284 ristoranti  a Frascati,Contatto,#4 di 284 ristoranti  a Frascati,'Na Fojetta,#1 di 144 ristoranti italiani a Frascati,Il Timone Di Fiscante Massimo,#3 di 144 ristoranti italiani a Frascati,
"Pesce Fritto e Baccalà ristorante, Lido di Ostia, Viale della Marina - Recensioni del ristorante","Pesce Fritto e Baccalà, Viale della Marina",Pesce Fritto e Baccalà,,113 foto,"bangla     questa friggitoria     anche i medaglioni di tonno     dorata     come take away     alessandra     una viuzza     fried fish    Magna, e si Nun te vá perché è troppo, te faccio... ' data-words='magna'> magna     ripagati",Valutazioni di Pesce Fritto e Baccalà,1205.0,656.0,5,48.0,Opinioni dei clienti di Pesce Fritto e Baccalà,300.0,,+39 338 990 9424,Apre alle 12:00,,Viale della Marina,"Viale della Marina, Lido di Ostia, Lazio, Italia",Chiuso,,Lazzarella sapori napoletani,#244 di 8385  pizzerie a Roma,Mit Bistrot,#75 di 318  caffè a Lido di Ostia,Sergio & Serra,#138 di 3807  ristoranti di pesce a Roma,Antico Traiano,#646 di 8901 ristoranti italiani a Roma,Gusto GLAM   #219 di 3813  ristoranti di pesce a Roma         Cargo Burger Lab   #7589 di 17366 ristoranti  a Roma         Le Nasse Lab - Ristorante di pesce e sushi - Cioccolateria e sala da té   #2 di 1029 ristoranti  a Municipio Roma X
"Ninfa Restaurant, Frascati - Menu e recensioni del ristorante",Ninfa Restaurant,Ninfa Restaurant,#3 di 284,66 foto,,Valutazioni di Ninfa Restaurant,58.0,13.0,5,32.0,Opinioni dei clienti di Ninfa Restaurant,60.0,"S       Richiedere la rimozione di informazioni          Stefania   11 mesi fa su Restaurant Guru             Ninfa Restaurant un'esperienza sublime!!   location molto raffinata, arredata con gusto, con musica di sottofondo piacevolissima, ogni singolo piatto curato nei minimi particolari è un'esplosione di sapori nuovi e ben assortiti, il personale giovane ma di grande professionalità e cortesia. Una ricchezza in più per questa cittadina dei Castelli Romani.   GRAZIE per la bellissima esperienza che ripeteremo presto e in bocca al lupo ragazzi siete eccezionali          0     0    |   Rispondere           M       Richiedere la rimozione di informazioni          Mara   un anno fa su Restaurant Guru             Complimenti sinceri ai ragazzi per la cucina, l’impegno e l’ambiente!   Locale bello e rilassante ma giovane!   Dal cibo si evince la passione e lo studio per il particolare.. non da meno l’accoglienza e l’attenzione per il cliente!   Fortemente consigliato…. specialmente a chi vuole  mangiare ricercato. Bravi             0     0    |   Rispondere                Richiedere la rimozione di informazioni          Valentina Presciutti   6 anni fa su Facebook        Meravigliosi  ... semplicemente la mia seconda casa Bellissimo locale e personale fantastico",+39 06 8879 5844,Apre alle 17:00,€23 - €46,"Via S. Francesco D'Assisi, 18",,,,Trattoria Pinseria La Bottega Frascatana,#111 di 284 ristoranti  a Frascati,Divan Japonais,#175 di 263  pub e bar a Frascati,Ristorante Cacciani,#10 di 284 ristoranti  a Frascati,Livello 13,#67 di 263  pub e bar a Frascati,
,,,,,,,,,,,,,,,,,,,,,,,,,,,,,
"Grazia & Graziella ristorante, Roma - Recensioni del ristorante",Grazia & Graziella,Grazia & Graziella,#618 di 8892,74 foto,ad Ailene     our waiter Micio     ailene     alla guidia     gli osvego Gentilini    nel cuore di Trastevere dove è bello riscoprire e gustare i sapori della cucina romana... ' data-words='nel cuore di Trastevere dove'> nel cuore di Trastevere dove     gaziella     dalila     a glass of mulled wine     oana,Valutazioni di Grazia & Graziella,6811.0,24917.0,,,Opinioni dei clienti di Grazia & Graziella,2254.0,"Richiedere la rimozione di informazioni          Davide Chidichimo   5 mesi fa su Google              Sono stato qui diverse volte anche con amici e parenti, e ci siamo trovati sempre bene, prezzi ottimi se considerato dove ci troviamo, bruschette e carbonara sono il top! Consigliatissimo.    Service:   Dine in     Meal type:   Dinner     Price per person:   €20–30     Food:   5     Service:   5     Atmosphere:   5     Recommended dishes:   Tiramisu' Homemade Specialità Mimì E Cocò                Richiedere la rimozione di informazioni          Arianna Fabrizi   5 mesi fa su Google              Ho festeggeggiato il mio compleanno in modo sereno, divertente e spensierato!! Polpette cacio e pepe super!! Grazie a Giulia e a Carlotta!!    Food:   5     Service:   5     Atmosphere:   5                Richiedere la rimozione di informazioni          Diego Emanuele Perri   6 mesi fa su Google              Per chi ama la cucina romana, è una tappa imprescindibile! A due passi dalla fermata 'Furio Camillo' della Metro A, 'Grazia & Graziella' saprà conquistarvi con dell'ottimo cibo e dei camerieri davvero squisiti (io e la mia compagna ci teniamo a ringraziare, in particolar modo, DALILA, per la cortesia e la pazienza nel servirci). Ormai siamo clienti abituali. L'unico inconveniente? Tavoli un poco 'strettini' (d'estate non è un problema ma d'inverno, con giacconi et similia, be'... risulta alquanto scomodo). Per il resto, 5 stelle piene. Continuate così, rega'! ^_^ Vegetarian options: Tonnarelli 'Cacio & Pepe' da paura!    Meal type:   Dinner     Price per person:   €20–30     Food:   5     Service:   5     Atmosphere:   4     Recommended dishes:   E Pepe",+39 06 8937 0070,Apre alle 10:00,€15 - €25,"Piazza Scipione Ammirato, 7","Piazza Scipione Ammirato, 7, Roma, Lazio, Italia",10:00-01:00,graziaegraziella.it,Bon Pan,#342 di 8388  pizzerie a Roma,Lo Sfizio,#1766 di 8388  pizzerie a Roma,Ristorante Regina,#1294 di 17366 ristoranti  a Roma,The Corner,#3713 di 17366 ristoranti  a Roma,A Casa di Nino   #2 di 142 ristoranti  a Genzano di Roma         MASTO a Testaccio I Roma   #73 di 14707  pub e bar a Roma         La Pergola   #1 di 17366 ristoranti  a Roma
