Book Title,Book Title,Author,Book Title,Price,Price,Seller,Category,Pages,Price,Book Description,Book Description,Author,Book Title,Book Description,Book Title,Pages,Price,Price,Price,Book Title,Book Title,Date of publication,Price,Price,Book Title
Java Road - Lawrence Osborne,Java Road,Lawrence Osborne,"Traduzione di Mariagrazia Gini    Fabula  , 396   2023, pp. 209   isbn: 9788845937989","€ 19,00","€ 18,05",shya-la-la workshop limited,,2023 / pp. 209 /,"€ 10,99","Messico, Cambogia, Marocco, Bangkok: i veri protagonisti di Osborne sono i luoghi dei suoi romanzi. I personaggi sanno sempre dove sono; meno chiaro, ai loro stessi occhi, è  chi  sono: questa la scintilla che innesca il racconto.  Java Road  ci porta a Hong Kong, nel torbido clima di una società in crisi, di un regime in bilico: le proteste studentesche infiammano le strade, i ricchi si accingono a riparare all’estero e gli stranieri non sono più visti di buon occhio. Adrian Gyle è un oscuro giornalista inglese di mezza età che vive lì da oltre vent’anni, ma che per la gente del posto continua a essere un  gwai lo  , un «fantasma bianco». Tra le sue scarse frequentazioni, l’ex compagno di università Jimmy Tang, un cinico miliardario che sguazza nell’alta società di Hong Kong come un pesce nell’acqua e che un giorno gli presenta la sua ultima fiamma, una studentessa di buona famiglia coinvolta nei tumulti. Se ingolosisce i paparazzi, la loro relazione preoccupa il clan Tang, tanto per i suoi risvolti politici quanto per il rischio di scandali: e quando la ragazza scomparirà nel nulla, sarà Adrian a condurre un’indagine in proprio – un’indagine che, forse, non è mossa solo dal desiderio di scoprire la verità. Sebbene le sue storie ci facciano girare il mondo, Osborne finisce per guidarci sempre nel posto che gli è più congeniale: la zona grigia al confine tra realtà e illusione, quella dove «cammini per strada nel sole di mezzogiorno e a un tratto ti accorgi che sul marciapiede la tua ombra non c’è».","Cosa faresti se il tuo più vecchio amico
fosse un assassino, ma non ne avessi le
prove?",Lawrence Osborne,Il regno di vetro,"Osborne, erede accreditato di Graham Greene, sfodera a sorpresa un finale degno di Ballard. E il lettore si trova immerso con sgomento in una imprevedibile ghost-story.","Fabula, 379",2022 / pp. 265 /,"€ 20,00","€ 16,00","€ 10,99",La ballata di un piccolo giocatore,"Fabula, 336",2018 / pp. 212 /,"€ 18,00","€ 14,40","Han Kang   L’ora di greco   «Un romanzo eccelso che diventa più profondo a ogni lettura» («The Guardian»).              Benjamín Labatut   Maniac   L’odissea nera di John von Neumann, l’uomo che disegnò la mappa infernale del mondo che oggi abitiamo, nel nuovo straordinario libro di Benjamín Labatut.              Ian Fleming   Al servizio segreto di Sua Maestà   Uno dei più celebri, e rapinosi, capitoli delle avventure di James Bond.                  Michael Bible   L’ultima cosa bella sulla faccia della terra   «Un pugno nello stomaco» («New York Times Book Review»).              Pierre Boileau, Thomas Narcejac   I volti dell’ombra   Una lenta, inesorabile discesa nell’incubo.              Jean Stafford   Il puma   Una grande scrittrice che attende ancora di essere scoperta.                  Inès Cagnati   Giorno di vacanza   Il dolore delle origini in un romanzo di insolente intensità.              Peter Cameron   Che cosa fa la gente tutto il giorno?   I moti infinitesimali del nostro animo svelati dal Cameron più penetrante.              Christopher Isherwood   Il mondo di sera   Isherwood al massimo del suo estro narrativo."
"Ricordi e commenti - Igor’ Stravinskij, Robert Craft",Ricordi e commenti,"Igor’ Stravinskij  ,  Robert Craft","Traduzione di Franco Salvatorelli    gli Adelphi  , 679   2023, pp. 414   isbn: 9788845938450","€ 14,00","€ 13,30","irving penn, vogue / condé nast",Interviste         Ritratti         Musica,2008 / pp. 414 /,"€ 36,00      € 28,80","«Di recente ho visto Stravinskij... Dice: il mio  Uccello di fuoco  , la mia  Sagra  , allo stesso modo in cui un bambino dice: la mia trottola, il mio cerchio. E non è altro che questo: un bambino viziato che talvolta mette le dita nel naso della musica. O un giovane selvaggio che porta cravatte chiassose e fa il baciamano alle signore mentre pesta loro i piedi. Da vecchio sarà insopportabile, o meglio, non sopporterà nessuna musica; ma per ora è straordinario!».     Claude Debussy","Vita, incontri, pensieri del grande  sorcier  del Novecento musicale.",,,,,,,,,,,,,,"Ingeborg Bachmann   Il libro Franza   «Anzi io affermo – e tenterò soltanto di fornire una prima prova – che ancora oggi moltissime persone non muoiono ma vengono assassinate».              Daisetz T. Suzuki   Lo Zen e la cultura giapponese   La migliore guida per avvicinarsi al Giappone.              Alfred Polgar   Marlene   La sola attrice capace di «far sognare il nostro sangue nelle vene».                  Kenneth Anger   Hollywood Babilonia, II   «... un universo splendido e crudelissimo, mistura di paradiso e inferno, di lustrini e di lacrime, di successo e di abiezione» (Giovanni Mariotti).              Georges Simenon   Gli altri   Un suicidio inspiegabile, un’eredità contesa, una famiglia dilaniata da antichi dissapori – sotto lo sguardo inclemente di un’intera città.              Milan Kundera   L’arte del romanzo   «... il romanziere non è né uno storico, né un profeta: è un esploratore dell’esistenza» (Milan Kundera).                  Katherine Mansfield   Qualcosa di infantile ma di molto naturale   «La sola scrittura di cui sia mai stata invidiosa» (Virginia Woolf).              Sam Kean   La Brigata dei bastardi   L’avvincente racconto di una missione bellico-scientifica tanto misconosciuta quanto decisiva.              August Strindberg   Inferno   «Tra i miei lettori ho un autentico genio, lo svedese August Strindberg» (Friedrich Nietzsche a Meta von Salis, 29 dicembre 1888)."
Marlene - Alfred Polgar,Marlene,Alfred Polgar,"Traduzione di Maria Letizia Travo   A cura, e con un saggio, di Ulrich Weinzierl    gli Adelphi  , 681   2023, pp. 112   isbn: 9788845938436","€ 12,00","€ 11,40",deutsche kinemathek - marlene dietrich collection berlin,Letterature di lingua tedesca,2023 / pp. 112 /,"€ 6,99","A metà degli anni Venti in un teatro viennese anda­va in scena  Broadway  , una  dark comedy  impreziosita da «cinque signorine elegantemente svestite». Tra queste, ne spiccava una «di strana e avvincente bel­lezza», che «sbrigava la sua parte con una sorta di bal­danzosa bravura». Alfred Polgar, che era tra il pubbli­co, ne rimase folgorato. Tanto che a distanza di anni – quando quell’attrice, assurta a fama mondiale, era ormai diventata il simbolo stesso del divismo 
cine­matografico – scrisse questo ritratto ispirato, vera e propria ecfrasi dell’opera d’arte vivente che era Marlene Dietrich. Con quella leggerezza di tocco che lo aveva reso celebre nella Vienna di inizio Novecen­to, Polgar dipinge magistralmente i tratti che hanno fatto di Dietrich un fenomeno unico: un viso «che parla non solo all’occhio ma anche allo spirito»; una voce «in cui verità e illusione coesistono in maniera sconcertante», e che «esercita una fortissima magia erotica»; il portamento inconfondibile di chi «ha la musica dentro» – e una personalità che si riflette nei personaggi da lei interpretati: «donne per le quali l’amore è l’aria che respirano, la rinuncia un pecca­to contro natura, l’infedeltà un imperativo della fe­deltà che esse serbano al proprio io».",La sola attrice capace di «far sognare il nostro sangue nelle vene».,Alfred Polgar,Manuale del critico,,"Piccola Biblioteca Adelphi, 455",2000 / pp. 115 /,"€ 8,00","€ 6,40",,Piccole storie senza morale,"Biblioteca Adelphi, 291",1994 / pp. 417 /,"€ 29,00","€ 23,20","Ingeborg Bachmann   Il libro Franza   «Anzi io affermo – e tenterò soltanto di fornire una prima prova – che ancora oggi moltissime persone non muoiono ma vengono assassinate».              Daisetz T. Suzuki   Lo Zen e la cultura giapponese   La migliore guida per avvicinarsi al Giappone.              Kenneth Anger   Hollywood Babilonia, II   «... un universo splendido e crudelissimo, mistura di paradiso e inferno, di lustrini e di lacrime, di successo e di abiezione» (Giovanni Mariotti).                  Georges Simenon   Gli altri   Un suicidio inspiegabile, un’eredità contesa, una famiglia dilaniata da antichi dissapori – sotto lo sguardo inclemente di un’intera città.              Igor’ Stravinskij, Robert Craft   Ricordi e commenti   Vita, incontri, pensieri del grande  sorcier  del Novecento musicale.              Milan Kundera   L’arte del romanzo   «... il romanziere non è né uno storico, né un profeta: è un esploratore dell’esistenza» (Milan Kundera).                  Katherine Mansfield   Qualcosa di infantile ma di molto naturale   «La sola scrittura di cui sia mai stata invidiosa» (Virginia Woolf).              Sam Kean   La Brigata dei bastardi   L’avvincente racconto di una missione bellico-scientifica tanto misconosciuta quanto decisiva.              August Strindberg   Inferno   «Tra i miei lettori ho un autentico genio, lo svedese August Strindberg» (Friedrich Nietzsche a Meta von Salis, 29 dicembre 1888)."
Lettere di una vita - Irène Némirovsky,Lettere di una vita,Irène Némirovsky,"Traduzione di Laura Frausin Guarino   A cura di Olivier Philipponnat    La collana dei casi  , 150   2023, pp. 460   isbn: 9788845938344","€ 24,00","€ 22,80",stefano bianchetti / bridgeman images,Letteratura francese,2023 / pp. 460 /,"€ 16,99","«Irène Némirovsky non apparteneva alla categoria degli scrittori che, nel dedicarsi alla corrispondenza, si sentono osservati dalla posterità» osserva Olivier Philippon­nat nella prefazione a questo volume. E tuttavia, aggiunge, le sue lettere fanno par­te a pieno titolo dell’opera letteraria, so­prattutto perché ci consentono di scopri­re una voce più intima, più autentica, di­versa da quella che abbiamo imparato ad amare nei romanzi e nei racconti – sorprendente. Se le prime, le lettere delle  années folles  , ci restituiscono l’immagine di una ragazza vivace e spensierata che, pur le­gata alle sue origini russe (e al ricordo del­la tragedia a cui ha assistito), approfitta go­losamente di tutto quello che Parigi e la Francia possono offrirle – e che non perde l’ironia nemmeno quando si sente malinco­nica, arrivando a chiedersi: «Pene di cuo­re o indigestione di astice?» –, in quelle de­gli anni Trenta scopriamo la romanziera brillante e determinata, sia nei rapporti con gli editori che nei confronti della critica. Con lo scoppio della guerra, l’occupazio­ne nazista e le leggi antiebraiche, vediamo crescere in lei l’angoscia, la collera, la di­sillusione – e leggeremo con un nodo in gola la lettera con cui affida le figlie alla governante, elencando i beni di cui disfar­si per provvedere al loro sostentamento, e l’ultima, scritta al marito subito prima del­la deportazione ad Auschwitz.",L’aspetto più segreto di Irène Némirovsky – e una parte essenziale della sua opera.,Irène Némirovsky,Tempesta in giugno,"«Irène Némirovsky possedeva i doni del grande roman­ziere, come se Tolstoj, Dostoevskij, Balzac, Flaubert, Turgenev le fossero accanto e le guidassero la mano». (Pietro Citati)","Biblioteca Adelphi, 734",2022 / pp. 339 /,"€ 20,00","€ 16,00","€ 10,99",Il vino della solitudine,"gli Adelphi, 445",2013 / pp. 245 /,"€ 11,00","€ 8,80","William Atkins   Un mondo senza confini   «Solo due tipi di esseri si trovano bene nel deserto: i beduini e gli dèi» (Lawrence d’Arabia).              Vasilij Golovanov   Verso le rovine di Čevengur   «Dopo il crollo del comunismo e la caduta del Muro di Berlino, non abbiamo più un altrove.» (Vasilij Golovanov)              Emmanuel Carrère   V13   Un viaggio al termine dell’orrore e della pietà raccontato con lucida empatia, senza
un’ombra di enfasi o di lirismo, dall’autore dell’  Avversario  .                  David Quammen   Senza respiro   In contemporanea con l’uscita negli Stati Uniti, il nuovo libro di David Quammen sugli «angeli oscuri dell’evoluzione»: i virus.              Michael Pollan   Piante che cambiano la mente   Che cos’è davvero una droga?              Azar Nafisi   Quell'altro mondo   Esiliata in patria, prigioniera di un regime totalitario, lacerata da un sentimento di irrealtà, abbandono e isolamento, Azar Nafisi non poteva che tornare all’amato Nabokov.                  Sam Kean   La Brigata dei bastardi   L’avvincente racconto di una missione bellico-scientifica tanto misconosciuta quanto decisiva.              William S. Burroughs   Il mio passato è un fiume malvagio   Nel laboratorio di Burroughs.              Benedetta Craveri   La contessa   «Portava la sua giovinezza come un’im­mortalità» (Gabriele D’Annunzio)."
Maniac - Benjamín Labatut,Maniac,Benjamín Labatut,"Traduzione di Norman Gobetti    Fabula  , 395   2023, pp. 361   isbn: 9788845938320",,,kevin cooley,,2023 / pp. 361 /,,,"L’odissea nera di John von Neumann, l’uomo che disegnò la mappa infernale del mondo che oggi abitiamo, nel nuovo straordinario libro di Benjamín Labatut.",Benjamín Labatut,La pietra della follia,"Come e quando gli incubi di Lovecraft, le visioni di Philip K. Dick e l’inquietante matematica di Hilbert abbiano finito per diventare qualcosa che assomiglia al nostro mondo. O peggio, che lo è.","Microgrammi, 13",2021 / pp. 77 /,"€ 5,00","€ 4,00","€ 1,99",Quando abbiamo smesso di capire il mondo,"Fabula, 365",2021 / pp. 180 /,"€ 18,00","€ 14,40","Lawrence Osborne   Java Road   Cosa faresti se il tuo più vecchio amico
fosse un assassino, ma non ne avessi le
prove?              Han Kang   L’ora di greco   «Un romanzo eccelso che diventa più profondo a ogni lettura» («The Guardian»).              Ian Fleming   Al servizio segreto di Sua Maestà   Uno dei più celebri, e rapinosi, capitoli delle avventure di James Bond.                  Michael Bible   L’ultima cosa bella sulla faccia della terra   «Un pugno nello stomaco» («New York Times Book Review»).              Pierre Boileau, Thomas Narcejac   I volti dell’ombra   Una lenta, inesorabile discesa nell’incubo.              Jean Stafford   Il puma   Una grande scrittrice che attende ancora di essere scoperta.                  Inès Cagnati   Giorno di vacanza   Il dolore delle origini in un romanzo di insolente intensità.              Peter Cameron   Che cosa fa la gente tutto il giorno?   I moti infinitesimali del nostro animo svelati dal Cameron più penetrante.              Christopher Isherwood   Il mondo di sera   Isherwood al massimo del suo estro narrativo."
Invocazione all’Orsa Maggiore - Ingeborg Bachmann,Invocazione all’Orsa Maggiore,Ingeborg Bachmann,"Edizione con testo a fronte a cura di Luigi Reitani   Con una Nota di Hans Höller    Biblioteca Adelphi  , 752   2023, pp. 362   isbn: 9788845938283","€ 24,00","€ 22,80","2023 musée des beaux-arts, nantes/rmn-grand palais/gérard blot/dist. foto scala, firenze",Letterature di lingua tedesca         Poesia,2023 / pp. 362 /,"€ 14,99","Nell’agosto 1956, in vista della pubblicazione di questa raccolta poetica, destinata a diventare celebre, Ingeborg Bachmann scriveva al redattore che si stava occupando del volume: «Sarei grata se nel risvolto non si desse la possibilità ai critici di “inchiodarmi” a un’interpretazione anticipata o simili». Le preoccupazioni dell’autrice non erano infondate, e difatti non mancò chi cercò di ricondurre  Invocazione all’Orsa Maggiore  agli schemi della critica letteraria dell’epoca. Tentativi peregrini, perché davvero nessuna categoria poteva attagliarsi alla poesia di quella giovane austriaca che già con la precedente raccolta si era imposta, nelle parole dello «Spiegel», come «la più importante poetessa tedesca del dopoguerra». Una poesia multiforme, cangiante, dove classico e moderno si fondono in versi ora audaci e spigolosi ora di chiara musicalità, e lo sguardo della Bachmann si mostra attento a cogliere la violenza della realtà e il dolore, in particolare nei paesaggi italiani, luminosi e arcaici, feriti e vitali, lontanissimi dai cliché della tradizione classico-romantica: «Nel mio paese primogenito, nel sud / mi assalì la vipera / e nella luce l’orrore». Un dolore che dev’essere accettato, reso concreto, se vogliamo superare i confini che ci vengono imposti e tendere all’impossibile, all’irraggiungibile, «sia esso l’amore, la libertà o qualsiasi entità pura». Se vogliamo diventare  vedenti  , sensibili al vero, il che implica smascherare le parole della frode, gli abusi di cui sono portatrici, affidandoci al linguaggio salvifico della poesia: «Vieni, grazia di suono e di fiato, / fortifica questa bocca, / quando la sua debolezza / ci atterrisce e frena. // Vieni e non ti negare, / poiché noi siamo in lotta con tanto male».","«Un Io lirico profondamente ambivalente, senza patria, sempre in viaggio di costa in costa, frontaliero...» (Siegfried Unseld).",Ingeborg Bachmann,Il libro Franza,«Anzi io affermo – e tenterò soltanto di fornire una prima prova – che ancora oggi moltissime persone non muoiono ma vengono assassinate».,"gli Adelphi, 684",2024 / pp. 377 /,"€ 14,00","€ 13,30","€ 24,00      € 19,20",Malina,"gli Adelphi, 235",2003 / pp. 297 /,"€ 13,00","€ 10,40",
Il Teorema di Pitagora - Paolo Zellini,Il Teorema di Pitagora,Paolo Zellini,"Piccola Biblioteca Adelphi  , 794   2023, 2ª ediz., pp. 157   isbn: 9788845938092","€ 14,00","€ 13,30",,Matematica         Storia della scienza,2023 / pp. 157 /,"€ 7,99","Il Teorema di Pitagora riassume in modo e­semplare le proprietà uniche ed esclusive del­l’angolo retto. Nella tradizione è legato al de­mone divino del filosofo di Samo, ma risale in realtà a tempi remoti ed è patrimonio comune di diverse culture. Ripresentandosi regolarmen­te in formalismi complessi, questo celeberri­mo Teorema si è rivelato una delle acquisizio­ni stabili e irrinunciabili della matematica, che continua a servirsene anche nelle sue tecniche avanzate. Ma se da un lato esprime aspetti es­senziali del pensiero antico, dall’altro offre un osservatorio privilegiato per scoprire come il calcolo moderno ha provveduto a rimuovere con ogni cura i motivi religiosi e filosofici che hanno segnato la sua origine. La conseguenza di questa rimozione è la rinuncia a una sfera più ampia dell’esattezza, e a quel mondo idea­le che per Hermann Weyl ne costituiva l’intimo cuore. Un cuore che questo nuovo, acuminato libro di Paolo Zellini ci permette di avvertire nelle sue pulsazioni più segrete.","Il più famigerato teorema della storia della matematica, che nessuno conosce.",Paolo Zellini,Discreto e continuo,La millenaria questione matematica del rapporto tra discreto e continuo.,"Biblioteca Scientifica, 67",2022 / pp. 406 /,"€ 28,00","€ 22,40","€ 13,99",La matematica degli dèi e gli algoritmi degli uomini,"Piccola Biblioteca Adelphi, 696",2016 / pp. 258 /,"€ 15,00","€ 12,00",
"Hollywood Babilonia, II - Kenneth Anger","Hollywood Babilonia, II",Kenneth Anger,"Traduzione di Davide Tortorella    gli Adelphi  , 682   2023, pp. 475   isbn: 9788845938467","€ 18,00","€ 17,10",,Cinema         Mitologie         Spettacolo,1986 / pp. 332 /,"€ 38,00","Dopo il leggendario  Hollywood Babilonia  , Kenneth Anger ci ha offerto, come seguito, questa scatola fragrante di «bonbon avvelenati». Che cosa ci troveremo? «Un supplemento di chicche & chiacchiericcio, o, se preferite, un supplemento di storia segreta del cinema. Signori e signore, vi offro il braccio per un’altra passeggiata lungo il Viale del Trapasso, la Strada della Fama di Hollywood, o la Strada dell’Infamia, come la chiamò Jane Whiters quando Hugh Hefner comprò la sua star sul lubrico marciapiede». La passeggiata non potrà che partire dalla tomba di Rodolfo Va-lentino, «nella quiete placida e orizzontale del cimitero di Hollywood». E subito ci sentiremo a casa, fra Gloria Swanson e gli imbrogli del vecchio Kennedy, fra le sottili torture praticate da Hitchcock sulle sue bionde preferite, Grace Kelly e Tippi Hedren, e ancora fra Busby Berkeley, Joan Crawford, Clark Gable, Carole Lombard, James Dean, Loretta Young, mentre spesso ci perdiamo stupefatti in un fastoso contorno di comparse che almeno un giorno furono protagoniste nell’epos nero di Hollywood.","«... un universo splendido e crudelissimo, mistura di paradiso e inferno, di lustrini e di lacrime, di successo e di abiezione» (Giovanni Mariotti).",,,,,,,,,,,,,,"Ingeborg Bachmann   Il libro Franza   «Anzi io affermo – e tenterò soltanto di fornire una prima prova – che ancora oggi moltissime persone non muoiono ma vengono assassinate».              Daisetz T. Suzuki   Lo Zen e la cultura giapponese   La migliore guida per avvicinarsi al Giappone.              Alfred Polgar   Marlene   La sola attrice capace di «far sognare il nostro sangue nelle vene».                  Georges Simenon   Gli altri   Un suicidio inspiegabile, un’eredità contesa, una famiglia dilaniata da antichi dissapori – sotto lo sguardo inclemente di un’intera città.              Igor’ Stravinskij, Robert Craft   Ricordi e commenti   Vita, incontri, pensieri del grande  sorcier  del Novecento musicale.              Milan Kundera   L’arte del romanzo   «... il romanziere non è né uno storico, né un profeta: è un esploratore dell’esistenza» (Milan Kundera).                  Katherine Mansfield   Qualcosa di infantile ma di molto naturale   «La sola scrittura di cui sia mai stata invidiosa» (Virginia Woolf).              Sam Kean   La Brigata dei bastardi   L’avvincente racconto di una missione bellico-scientifica tanto misconosciuta quanto decisiva.              August Strindberg   Inferno   «Tra i miei lettori ho un autentico genio, lo svedese August Strindberg» (Friedrich Nietzsche a Meta von Salis, 29 dicembre 1888)."
Qualcosa di infantile ma di molto naturale. Tutti i racconti - Katherine Mansfield,Qualcosa di infantile ma di molto naturale,Katherine Mansfield,"Prefazione di Lucia Drudi Demby   Note introduttive di John Middleton Murry    gli Adelphi  , 676   2023, pp. 889   isbn: 9788845938184","€ 18,00","€ 17,10",alamy stock photo,,,,"«Leggere, o rileggere dopo molti anni e molti libri, questi racconti, dà una sensazione di letizia dolorosa, la felicità severa di incontrare qualcuno che scriveva avendo in mente una sorta di perfezione, una scrittura elusiva ed impossibile, una letteratura esigente, rigorosa, spietata; e con quella idea della letteratura scriveva pagine di una lievità, una illusionistica inconsistenza, tra essere, alludere, cessare di essere; pagine che non vogliono voce per essere lette, ma non più di un sussurro interiore, una parlata di ombre, un chiacchierio di pure immagini che hanno rinunciato al corpo, ma non a quella lancinante illusione che è l’esistere, il consistere in una instabile e rapinosa corrente di oggetti, cose, calore, acqua, fiori, ricordi, errori, amori e disamori».     Giorgio Manganelli",«La sola scrittura di cui sia mai stata invidiosa» (Virginia Woolf).,Katherine Mansfield,Viaggio in Urewera,L’incunabolo dell’arte letteraria di Katherine Mansfield.,"Biblioteca minima, 64",2015 / pp. 101 /,"€ 8,00","€ 6,40",,Una Tazza di tè,Numeri rossi,1966 / pp. XVI-232 /,,,"Ingeborg Bachmann   Il libro Franza   «Anzi io affermo – e tenterò soltanto di fornire una prima prova – che ancora oggi moltissime persone non muoiono ma vengono assassinate».              Daisetz T. Suzuki   Lo Zen e la cultura giapponese   La migliore guida per avvicinarsi al Giappone.              Alfred Polgar   Marlene   La sola attrice capace di «far sognare il nostro sangue nelle vene».                  Kenneth Anger   Hollywood Babilonia, II   «... un universo splendido e crudelissimo, mistura di paradiso e inferno, di lustrini e di lacrime, di successo e di abiezione» (Giovanni Mariotti).              Georges Simenon   Gli altri   Un suicidio inspiegabile, un’eredità contesa, una famiglia dilaniata da antichi dissapori – sotto lo sguardo inclemente di un’intera città.              Igor’ Stravinskij, Robert Craft   Ricordi e commenti   Vita, incontri, pensieri del grande  sorcier  del Novecento musicale.                  Milan Kundera   L’arte del romanzo   «... il romanziere non è né uno storico, né un profeta: è un esploratore dell’esistenza» (Milan Kundera).              Sam Kean   La Brigata dei bastardi   L’avvincente racconto di una missione bellico-scientifica tanto misconosciuta quanto decisiva.              August Strindberg   Inferno   «Tra i miei lettori ho un autentico genio, lo svedese August Strindberg» (Friedrich Nietzsche a Meta von Salis, 29 dicembre 1888)."
Il pulcino di Kant - Giorgio Vallortigara,Il pulcino di Kant,Giorgio Vallortigara,"Illustrazioni di Claudia Losi    Biblioteca Scientifica  , 70   2023, 2ª ediz., pp. 171   isbn: 9788845938146",,,,Neuroscienze         Biologia         Etologia,2023 / pp. 171 /,,"Le ricerche di Giorgio Vallortigara, uno degli scienziati italiani più noti a livello internazionale per le sue indagini sui meccanismi neurali della cognizione animale, stanno ridisegnando il confine tra la biologia e il mondo astratto delle speculazioni metafisiche. Ne è un esempio questo saggio affascinante sull’imprinting e l’origine della conoscenza che vede protagonisti i pulcini, oggetto di studi sperimentali condotti per quasi trent’anni in parallelo con quelli sui neonati umani. Tali studi ci mostrano come, prima di qualsiasi esperienza specifica di apprendimento, un pulcino conosca le proprietà meccaniche degli oggetti e sappia che essi non solo occupano un determinato spazio con specifiche proprietà euclidee ma possono essere dotati di certe  numerosità  , che è in grado di stimare eseguendo in maniera non verbale e non simbolica le quattro operazioni dell’aritmetica. Così, fin dalla schiusa, il pulcino sa ravvisare gli indizi della presenza nel mondo di creature animate, quali un volto o la semovenza, presupposto per la costruzione di un cervello sociale. Alla luce di queste scoperte, la contrapposizione tra eredità e ambiente, natura e cultura appare irrimediabilmente datata. La mente, argomenta Vallortigara, non è una  tabula rasa  . L’apprendimento dall’esperienza è possibile solo se il sistema nervoso possiede in partenza una struttura atta a favorirlo. Le ricerche sui pulcini corroborano dunque la tesi delle conoscenze innate sintetizzata da Lorenz nell’espressione «l’a priori kantiano è un a posteriori filogenetico». Una sapienza di cui non siamo depositari esclusivi: condividiamo schemi di comportamento, predisposizioni, emozioni, organizzazioni neurali con creature da cui ci dividono trecento milioni di anni di evoluzione. Come i piccoli dell’uomo, anche i «pulcini di Kant» cercano la mamma. Divertono, commuovono e fanno pensare.","Il nuovo, affascinante saggio di uno degli scienziati più attenti e creativi nell’indagare i meccanismi neurali della cognizione animale.",Giorgio Vallortigara,Pensieri della mosca con la testa storta,Un approccio minimalista che apre nuove prospettive allo studio della coscienza.,"Animalia, 6",2021 / pp. 221 /,"€ 20,00","€ 16,00","€ 10,99",Cervelli che contano,"Biblioteca Scientifica, 54",2014 / pp. 191 /,"€ 25,00",,
La Repubblica dell’immaginazione - Azar Nafisi,La Repubblica dell’immaginazione,Azar Nafisi,"Illustrazioni di Peter Sís   Traduzione di Mariagrazia Gini    gli Adelphi  , 674   2023, pp. 331   isbn: 9788845938207","€ 14,00","€ 13,30","1997 carl hanser verlag gmbh & co.kg, münchen",Letteratura nordamericana         Critica e storia letteraria,2015 / pp. 288 /,"€ 19,00      € 15,20","Celebre per il seminario clandestino nel quale, durante il governo degli ayatollah, insegnava alle sue migliori allieve dell’Università di Teheran i grandi autori di lingua inglese, Azar Nafisi, oggi cittadina americana, ci parla del valore inestimabile della letteratura «in una società che sembra concedere tutte le libertà»: anche qui, infatti, ha bisogno di essere difesa, diffusa e studiata strenuamente, quale vero antidoto alla «pigrizia dell’intelletto». L’interpretazione di tre classici –  Huckleberry Finn  ,  Babbitt  e  Il cuore è un cacciatore solitario  –, intessuta, come in  Leggere Lolita a Teheran  , di frammenti autobiografici, trasmette così una visione della letteratura come rifugio e al tempo stesso come mezzo di eversione pubblica e privata. E come sogno, condiviso, nella Repubblica dell’immaginazione, da quei lettori che non conoscono frontiere o libri proibiti e che sanno apprezzare le parole di Francis Scott Fitzgerald: «Spingi la sedia sull’orlo del precipizio e ti racconterò una storia».",Un inno alla letteratura come necessità primaria in qualunque genere di società.,Azar Nafisi,Quell'altro mondo,"Esiliata in patria, prigioniera di un regime totalitario, lacerata da un sentimento di irrealtà, abbandono e isolamento, Azar Nafisi non poteva che tornare all’amato Nabokov.","La collana dei casi, 144",2022 / pp. 448 /,"€ 26,00","€ 20,80","€ 12,99",BiBi e la voce verde,"i cavoli a merenda, 18",2006 / pp. 52 /,"€ 18,00","€ 14,40","Ingeborg Bachmann   Il libro Franza   «Anzi io affermo – e tenterò soltanto di fornire una prima prova – che ancora oggi moltissime persone non muoiono ma vengono assassinate».              Daisetz T. Suzuki   Lo Zen e la cultura giapponese   La migliore guida per avvicinarsi al Giappone.              Alfred Polgar   Marlene   La sola attrice capace di «far sognare il nostro sangue nelle vene».                  Kenneth Anger   Hollywood Babilonia, II   «... un universo splendido e crudelissimo, mistura di paradiso e inferno, di lustrini e di lacrime, di successo e di abiezione» (Giovanni Mariotti).              Georges Simenon   Gli altri   Un suicidio inspiegabile, un’eredità contesa, una famiglia dilaniata da antichi dissapori – sotto lo sguardo inclemente di un’intera città.              Igor’ Stravinskij, Robert Craft   Ricordi e commenti   Vita, incontri, pensieri del grande  sorcier  del Novecento musicale.                  Milan Kundera   L’arte del romanzo   «... il romanziere non è né uno storico, né un profeta: è un esploratore dell’esistenza» (Milan Kundera).              Katherine Mansfield   Qualcosa di infantile ma di molto naturale   «La sola scrittura di cui sia mai stata invidiosa» (Virginia Woolf).              Sam Kean   La Brigata dei bastardi   L’avvincente racconto di una missione bellico-scientifica tanto misconosciuta quanto decisiva."
L’eternità viene dagli astri - Auguste Blanqui,L’eternità viene dagli astri,Auguste Blanqui,"Traduzione di Raffaele Fragola   Con un saggio di Ottavio Fatica    Piccola Biblioteca Adelphi  , 796   2023, pp. 132   isbn: 9788845938108","€ 13,00","€ 12,35",,Cosmologia         Filosofia,2023 / pp. 132 /,"€ 6,99","Nel 1871 Auguste Blanqui, «l’eterno cospiratore», sta scontando l’ennesima pena detentiva di una vita trascorsa per metà in carcere. Questa volta, per impedirgli qualsiasi contatto con la Comune che sta infiammando Parigi, lo hanno trasferito nel remoto Fort du Taureau, in Bretagna, dove è sottoposto a una reclusione tra le più dure, in totale isolamento. E tuttavia, pur in condizioni estreme, Blanqui riesce a scrivere e a far arrivare all’esterno, eludendo la censura, il testo di quello che sarà il suo primo libro, pubblicato l’anno successivo a Parigi. Ci si aspetterebbe, dall’ormai vecchio rivoluzionario, un pamphlet politico. E invece quello che Blanqui ha meticolosamente composto nella sua cella è un visionario trattato di «astronomia metafisica», uno scritto insieme scientifico, poetico e filosofico, che avanza un’ipotesi vertiginosa: «Ogni astro, qualunque esso sia, esiste dunque in numero infinito nel tempo e nello spazio, non soltanto sotto uno dei suoi aspetti, ma quale si trova in ognuno degli istanti della sua vita, dalla nascita sino alla morte. Tutti gli esseri distribuiti sulla sua superficie, grandi o piccoli, viventi o inanimati, condividono il privilegio di questa perennità». Ogni uomo, così, «possiede nello spazio un numero infinito di doppi che vivono una vita tale e quale la sua». Il lettore rimarrà sbalordito nel constatare, come già fecero Benjamin e Borges, che questo piccolo libro anticipava i concetti alla base dell’eterno ritorno di Nietzsche, ma in una dimensione, notava ancora Benjamin, di malinconia baudelairiana. Perché nel ‘multiverso’ di Blanqui – vicino a quello di certe attuali teorie cosmologiche – ogni prospettiva di «progresso» fatalmente si rivela illusoria.    Traduzione di Raffaele Fragola.   Con un saggio di Ottavio Fatica.",«Una scoperta rara» (Walter Benjamin).,,,,,,,,,,,,,,
I misteri del Grand-Saint-Georges. e altri racconti - Georges Simenon,I misteri del Grand-Saint-Georges,Georges Simenon,"Traduzioni di Marina Di Leo, Laura Frausin Guarino e Ena Marchi    gli Adelphi  , 673   2023, pp. 132   isbn: 9788845938191","€ 12,00","€ 11,40","courtesy national gallery of art, washington",Letteratura francese,2023 / pp. 132 /,"€ 5,99",,Simenon torna sul luogo del delitto... e cambia il finale.,Georges Simenon,L’America in automobile,"Come gli americani, diventati ormai «tutt’uno» con la loro auto, Simenon attraversa gli Stati Uniti – e ci offre della sua nuova patria un’immagine intima e ancora oggi affascinante.","Piccola Biblioteca Adelphi, 797",2023 / pp. 185 /,"€ 16,00","€ 15,20","€ 8,99",Le persiane verdi,"gli Adelphi, 663",2023 / pp. 208 /,"€ 12,00","€ 9,60","Ingeborg Bachmann   Il libro Franza   «Anzi io affermo – e tenterò soltanto di fornire una prima prova – che ancora oggi moltissime persone non muoiono ma vengono assassinate».              Daisetz T. Suzuki   Lo Zen e la cultura giapponese   La migliore guida per avvicinarsi al Giappone.              Alfred Polgar   Marlene   La sola attrice capace di «far sognare il nostro sangue nelle vene».                  Kenneth Anger   Hollywood Babilonia, II   «... un universo splendido e crudelissimo, mistura di paradiso e inferno, di lustrini e di lacrime, di successo e di abiezione» (Giovanni Mariotti).              Georges Simenon   Gli altri   Un suicidio inspiegabile, un’eredità contesa, una famiglia dilaniata da antichi dissapori – sotto lo sguardo inclemente di un’intera città.              Igor’ Stravinskij, Robert Craft   Ricordi e commenti   Vita, incontri, pensieri del grande  sorcier  del Novecento musicale.                  Milan Kundera   L’arte del romanzo   «... il romanziere non è né uno storico, né un profeta: è un esploratore dell’esistenza» (Milan Kundera).              Katherine Mansfield   Qualcosa di infantile ma di molto naturale   «La sola scrittura di cui sia mai stata invidiosa» (Virginia Woolf).              Sam Kean   La Brigata dei bastardi   L’avvincente racconto di una missione bellico-scientifica tanto misconosciuta quanto decisiva."
Tentazione - János Székely,Tentazione,János Székely,"Traduzione di Vera Gheno    gli Adelphi  , 671   2023, pp. 787   isbn: 9788845938030","€ 16,00","€ 15,20",alfred eisenstaedt/ullstein bild via getty images,Letteratura mitteleuropea,2009 / pp. 677 /,"€ 25,00      € 20,00","«Un capolavoro fagocitato dalla storia, dove un bambino nato sotto una cattiva stella insegue ardito la sua fortuna».   Natalia Aspesi      Tentazione  è stato definito dai critici americani «a mix of Charles Dickens and Vicki Baum»: come dire, un po’  Oliver Twist  , un po’  Grand Hotel  . In realtà, tutto quello che potrebbe esserci di patetico nell’infanzia del piccolo Béla, abbandonato dalla madre nelle grinfie di un’orribile virago, è costantemente contraddetto dal tono del narratore, la cui ironia non viene meno neanche nei momenti più difficili. E quando infine, a quattordici anni, Béla raggiungerà la madre, anche sopravvivere nella Budapest degli anni Venti, e poi degli anni Trenta, si rivelerà un’impresa quasi disperata. Tanto più che dovrà continuamente barcamenarsi fra due mondi opposti: l’insanabile miseria del quartiere in cui abita e il lusso sfrenato del grande albergo sfavillante di luci in cui riesce a trovar lavoro. Nell’uno e nell’altro Béla incrocerà, in una vertiginosa girandola di storie, uomini e donne che della vita gli riveleranno gli aspetti più sconcertanti e scabrosi, e conoscerà la tenerezza e la passione, l’amicizia e la generosità – l’abiezione e il tradimento, la caduta e il riscatto.","«Un capolavoro fagocitato dalla storia, dove un bambino nato sotto una cattiva stella insegue ardito la sua fortuna» (Na­talia Aspesi).",,,,,,,,,,,,,,"Ingeborg Bachmann   Il libro Franza   «Anzi io affermo – e tenterò soltanto di fornire una prima prova – che ancora oggi moltissime persone non muoiono ma vengono assassinate».              Daisetz T. Suzuki   Lo Zen e la cultura giapponese   La migliore guida per avvicinarsi al Giappone.              Alfred Polgar   Marlene   La sola attrice capace di «far sognare il nostro sangue nelle vene».                  Kenneth Anger   Hollywood Babilonia, II   «... un universo splendido e crudelissimo, mistura di paradiso e inferno, di lustrini e di lacrime, di successo e di abiezione» (Giovanni Mariotti).              Georges Simenon   Gli altri   Un suicidio inspiegabile, un’eredità contesa, una famiglia dilaniata da antichi dissapori – sotto lo sguardo inclemente di un’intera città.              Igor’ Stravinskij, Robert Craft   Ricordi e commenti   Vita, incontri, pensieri del grande  sorcier  del Novecento musicale.                  Milan Kundera   L’arte del romanzo   «... il romanziere non è né uno storico, né un profeta: è un esploratore dell’esistenza» (Milan Kundera).              Katherine Mansfield   Qualcosa di infantile ma di molto naturale   «La sola scrittura di cui sia mai stata invidiosa» (Virginia Woolf).              Sam Kean   La Brigata dei bastardi   L’avvincente racconto di una missione bellico-scientifica tanto misconosciuta quanto decisiva."
L’arte del romanzo - Milan Kundera,L’arte del romanzo,Milan Kundera,"Traduzione di Ena Marchi    gli Adelphi  , 678   2023, pp. 168   isbn: 9788845938443","€ 12,00","€ 11,40",ladislav novák by siae 2023,Critica e storia letteraria         Letteratura francese,1988 / pp. 228 /,"€ 14,00      € 11,20","In sette testi relativamente indipendenti ma collegati come altrettante tappe di un unico saggio, Kundera ci parla di quella creatura singolare, imprevedibile, grandiosa e delicata che è il romanzo europeo («arte nata come eco della risata di Dio»). Il suo discorso scavalca con sicurezza ogni pretesa di rigido inquadramento teorico e si dedica invece a un’analisi amorosa di ciò che il romanzo, creatura polimorfa, diventa nelle mani di scrittori così diversi come Kafka e Cervantes, Broch e Tolstoj, Gombrowicz e Flaubert, Diderot e Musil, Rabelais e Sterne – e infine Kundera: perché qui si troveranno i due testi dove ha detto l’essenziale per chi vuole accedere al segreto dei suoi stessi romanzi.","«... il romanziere non è né uno storico, né un profeta: è un esploratore dell’esistenza» (Milan Kundera).",Milan Kundera,Un Occidente prigioniero,Due interventi esplosivi sulla forza rivoluzionaria della cultura.,"Piccola Biblioteca Adelphi, 776",2022 / pp. 85 /,"€ 12,00","€ 9,60","€ 6,99",Il sipario,"Biblioteca Adelphi, 472",2005 / pp. 183 /,"€ 15,00",,"Ingeborg Bachmann   Il libro Franza   «Anzi io affermo – e tenterò soltanto di fornire una prima prova – che ancora oggi moltissime persone non muoiono ma vengono assassinate».              Daisetz T. Suzuki   Lo Zen e la cultura giapponese   La migliore guida per avvicinarsi al Giappone.              Alfred Polgar   Marlene   La sola attrice capace di «far sognare il nostro sangue nelle vene».                  Kenneth Anger   Hollywood Babilonia, II   «... un universo splendido e crudelissimo, mistura di paradiso e inferno, di lustrini e di lacrime, di successo e di abiezione» (Giovanni Mariotti).              Georges Simenon   Gli altri   Un suicidio inspiegabile, un’eredità contesa, una famiglia dilaniata da antichi dissapori – sotto lo sguardo inclemente di un’intera città.              Igor’ Stravinskij, Robert Craft   Ricordi e commenti   Vita, incontri, pensieri del grande  sorcier  del Novecento musicale.                  Katherine Mansfield   Qualcosa di infantile ma di molto naturale   «La sola scrittura di cui sia mai stata invidiosa» (Virginia Woolf).              Sam Kean   La Brigata dei bastardi   L’avvincente racconto di una missione bellico-scientifica tanto misconosciuta quanto decisiva.              August Strindberg   Inferno   «Tra i miei lettori ho un autentico genio, lo svedese August Strindberg» (Friedrich Nietzsche a Meta von Salis, 29 dicembre 1888)."
Star. Una cinciallegra di genio - Len Howard,Star,Len Howard,"Traduzione di Valentina Marconi    Animalia  , 10   2023, pp. 574   isbn: 9788845937798","€ 38,00","€ 36,10",,Etologia,2023 / pp. 574 /,"€ 18,99","Giunta all’età di quarant’anni, Len Howard sembra destinata ad assecondare il suo destino di talentuosa musicista, ma una svolta imprevista finisce per scombinare per sempre i suoi piani. Nel 1938 si trasferisce nell’East Sussex in un cottage circondato da un grande giardino, che si trasformerà col tempo – le finestre spesso aperte sono un attraente richiamo per uccelli di ogni specie – nello scenario di una delle avventure più affascinanti di tutta l’ornitologia moderna. A lungo gli studi pionieristici di Howard, qui radunati, verranno in realtà contestati dalla comunità scientifica, poiché in contrasto col metodo che validerebbe solo le osservazioni su soggetti ‘controllati’ in laboratorio. Eppure, da subito, l’autorevole biologo e genetista Julian Huxley ne coglie la portata innovativa, fondata proprio sull’osservazione degli uccelli in un habitat capace di liberarli dalla paura degli uomini, e di rivelarne così le autentiche – e spesso stupefacenti – facoltà affettive e cognitive. Pur analizzando e auscultando un gran numero di specie e illuminandone gli aspetti biologico-comportamentali (come nelle avvincenti pagine sul corteggiamento e il combattimento), Howard si concentra in particolare su alcuni protagonisti: come la cinciallegra Star, che manifesta spiazzanti capacità di conteggio e computazione, sporadiche applicazioni di un’intelligenza ben più vasta e multiforme. Alla fine ci renderemo conto di aver assistito a una sorta di apprendimento reciproco: quello dell’autrice dai suoi ospiti, e quello degli ospiti da lei. Ed è su questa corrispondenza che poggia il misurato lirismo di un racconto condotto con una grazia e un’esattezza che è raro trovare così felicemente accordate.",Gli studi pionieristici che hanno cambiato la storia dell’ornitologia.,,,,,,,,,,,,,,"Carl Safina   Il viaggio della tartaruga   Il «Leviatano delle tartarughe» in uno studio che è anche una narrazione travolgente.              Carl Safina   Animali non umani   Famiglia, bellezza e pace nelle culture animali.              Lee Alan Dugatkin, Ljudmila Trut   Come addomesticare una volpe   «Una storia che in parte è scienza, in parte fiaba russa, e in parte thriller di spionaggio».   («New York Times»)                  Peter Godfrey-Smith   Metazoa   Peter Godfrey-Smith scrive e pensa come nessun altro che io conosca. È un palombaro immerso nella scienza della vita e  Metazoa  è la sua più profonda immersione (Carl Safina).              Giorgio Vallortigara   Pensieri della mosca con la testa storta   Un approccio minimalista che apre nuove prospettive allo studio della coscienza.              Bert Hölldobler, Edward O. Wilson   Le formiche tagliafoglie   «Una formica, da sola, non è una formica» (Edward O. Wilson).                  Richard O. Prum   L’evoluzione della bellezza   La sopravvivenza dei più belli – l’evoluzione come non è mai stata raccontata.              Bernd Heinrich   La mente del corvo   E l’uomo incontrò il corvo.              Peter Godfrey-Smith   Altre menti   «Affascinante e spesso delizioso» («The Times»)."
Lo Zen e la cultura giapponese - Daisetz T. Suzuki,Lo Zen e la cultura giapponese,Daisetz T. Suzuki,"Traduzione di Gino Scatasta    gli Adelphi  , 683   2023, pp. 396   isbn: 9788845935312","€ 18,00","€ 17,10",,Giappone         Buddhismo,2014 / pp. 396 /,"€ 45,00      € 36,00","«Suzuki è riuscito a dimostrare che la cultura giapponese e lo Zen sono legati intimamente, cosicché le arti giapponesi, l’atteggiamento spirituale dei samurai, lo stile di vita, la vita morale, estetica e in certa misura perfino intellettuale dei giapponesi devono il loro carattere particolare a questo fondamento Zen e perciò sfuggono alla perfetta comprensione di chi non ha familiarità con esso».     Eugen Herrigel",La migliore guida per avvicinarsi al Giappone.,,,,,,,,,,,,,,"Ingeborg Bachmann   Il libro Franza   «Anzi io affermo – e tenterò soltanto di fornire una prima prova – che ancora oggi moltissime persone non muoiono ma vengono assassinate».              Alfred Polgar   Marlene   La sola attrice capace di «far sognare il nostro sangue nelle vene».              Kenneth Anger   Hollywood Babilonia, II   «... un universo splendido e crudelissimo, mistura di paradiso e inferno, di lustrini e di lacrime, di successo e di abiezione» (Giovanni Mariotti).                  Georges Simenon   Gli altri   Un suicidio inspiegabile, un’eredità contesa, una famiglia dilaniata da antichi dissapori – sotto lo sguardo inclemente di un’intera città.              Igor’ Stravinskij, Robert Craft   Ricordi e commenti   Vita, incontri, pensieri del grande  sorcier  del Novecento musicale.              Milan Kundera   L’arte del romanzo   «... il romanziere non è né uno storico, né un profeta: è un esploratore dell’esistenza» (Milan Kundera).                  Katherine Mansfield   Qualcosa di infantile ma di molto naturale   «La sola scrittura di cui sia mai stata invidiosa» (Virginia Woolf).              Sam Kean   La Brigata dei bastardi   L’avvincente racconto di una missione bellico-scientifica tanto misconosciuta quanto decisiva.              August Strindberg   Inferno   «Tra i miei lettori ho un autentico genio, lo svedese August Strindberg» (Friedrich Nietzsche a Meta von Salis, 29 dicembre 1888)."
Al servizio segreto di Sua Maestà - Ian Fleming,Al servizio segreto di Sua Maestà,Ian Fleming,"Traduzione di Massimo Bocchiola    Fabula  , 394   2023, pp. 277   isbn: 9788845938122","€ 22,00","€ 20,90",,,,,"Quando sulla strada per Royale-les-Eaux James Bond si vede sorpassare e seminare da una Lancia Flaminia Spider Vignale, ancora non sa che la donna al volante – Tracy, che di lì a ventiquattr’ore salverà prima al tavolo da gioco e poi dal tentativo di annegarsi – è destinata a diventare qualcosa di molto diverso da una delle tante Bond girl che abbiamo finora conosciuto. E non sa nemmeno che proprio grazie a lei – o meglio a suo padre, il Capu della mafia còrsa – riuscirà finalmente a mettersi sulle tracce del suo più iconico antagonista, Ernst Stavro Blofeld, il numero uno della spectre, volatilizzatosi dopo l’Operazione Thunderball. Per raggiungerlo, tuttavia, questa volta non basteranno le solite armi: Bond dovrà «interpretare il ruolo più difficile della sua carriera» – quello di Sir Hilary Bray, genealogista del College of Arms –, e sotto copertura penetrare nell’inaccessibile clinica diretta dal conte de Bleuville in vetta al Piz Gloria, nelle Alpi svizzere, dove dieci affascinanti ragazze inglesi sono sottoposte a un trattamento misterioso per la cura delle allergie. Tra mirabolanti inseguimenti sulla neve e sotterfugi per sgusciare nottetempo nella stanza di una delle pazienti, 007 scoprirà una realtà ben diversa: semplicemente, una minaccia mortale per il Regno Unito.","Uno dei più celebri, e rapinosi, capitoli delle avventure di James Bond.",Ian Fleming,Solo per i tuoi occhi,Un sorprendente Fleming in veste di scrittore di racconti.,"Fabula, 384",2022 / pp. 210 /,"€ 18,00","€ 14,40",,Goldfinger,"Fabula, 325",2017 / pp. 295 /,"€ 24,00","€ 19,20","Lawrence Osborne   Java Road   Cosa faresti se il tuo più vecchio amico
fosse un assassino, ma non ne avessi le
prove?              Han Kang   L’ora di greco   «Un romanzo eccelso che diventa più profondo a ogni lettura» («The Guardian»).              Benjamín Labatut   Maniac   L’odissea nera di John von Neumann, l’uomo che disegnò la mappa infernale del mondo che oggi abitiamo, nel nuovo straordinario libro di Benjamín Labatut.                  Michael Bible   L’ultima cosa bella sulla faccia della terra   «Un pugno nello stomaco» («New York Times Book Review»).              Pierre Boileau, Thomas Narcejac   I volti dell’ombra   Una lenta, inesorabile discesa nell’incubo.              Jean Stafford   Il puma   Una grande scrittrice che attende ancora di essere scoperta.                  Inès Cagnati   Giorno di vacanza   Il dolore delle origini in un romanzo di insolente intensità.              Peter Cameron   Che cosa fa la gente tutto il giorno?   I moti infinitesimali del nostro animo svelati dal Cameron più penetrante.              Christopher Isherwood   Il mondo di sera   Isherwood al massimo del suo estro narrativo."
La Brigata dei bastardi - Sam Kean,La Brigata dei bastardi,Sam Kean,"Traduzione di Luigi Civalleri    gli Adelphi  , 677   2023, pp. 492   isbn: 9788845938481","€ 15,00","€ 14,25","deutsches museum, münchen, archive, bn40853",Fisica         Storia contemporanea,2022 / pp. 492 /,"€ 32,00      € 25,60","Solo in certe narrazioni ucronico-distopiche la seconda guerra mondiale viene vinta dalle forze dell’Asse. Ma forse, se la Germania e i suoi alleati fossero giunti a disporre della bomba atomica, l’esito sarebbe stato proprio questo. Non a caso, gli Stati Uniti considerarono un simile scenario tanto realistico da prestarvi un’attenzione quasi ossessiva, e si spinsero a indagare gli sviluppi del nucleare tedesco con una specifica missione, l’Operazione Alsos. Di tale missione Sam Kean ricostruisce il contesto strategico e scientifico ed evoca con vividezza il team che la guidava: una «brigata» eterogenea e intraprendente composta da militari, scienziati geniali e professionisti vari con il mandato di carpire informazioni e ostacolare i progressi dell’arma nucleare tedesca, ricorrendo perfino a mezzi estremi quali il sabotaggio e l’omicidio. Emerge così una galleria di figure memorabili ed eroiche: dall’ex giocatore di baseball Moe Berg, poliglotta impiegato in alcune delle azioni più delicate, al fisico olandese Samuel Goudsmit, ai coniugi Irène e Frédéric Joliot-Curie, vincitori del Nobel nel 1935. Fra storia della fisica e  spy story  , Kean ci offre il suo libro più serrato e avvincente – al punto che, per lunghi tratti, rischiamo di dimenticare la drammatica realtà storica che contribuisce a decifrare.",L’avvincente racconto di una missione bellico-scientifica tanto misconosciuta quanto decisiva.,Sam Kean,Il duello dei neurochirurghi,"Attraverso ‘casi’ memorabili, un viaggio nelle profonde, sorprendenti dinamiche del nostro assetto cerebrale.","Biblioteca Scientifica, 58",2017 / pp. 450 /,"€ 32,00","€ 25,60","€ 16,99",Il cucchiaino scomparso,"gli Adelphi, 460",2014 / pp. 409 /,"€ 14,00","€ 11,20","Ingeborg Bachmann   Il libro Franza   «Anzi io affermo – e tenterò soltanto di fornire una prima prova – che ancora oggi moltissime persone non muoiono ma vengono assassinate».              Daisetz T. Suzuki   Lo Zen e la cultura giapponese   La migliore guida per avvicinarsi al Giappone.              Alfred Polgar   Marlene   La sola attrice capace di «far sognare il nostro sangue nelle vene».                  Kenneth Anger   Hollywood Babilonia, II   «... un universo splendido e crudelissimo, mistura di paradiso e inferno, di lustrini e di lacrime, di successo e di abiezione» (Giovanni Mariotti).              Georges Simenon   Gli altri   Un suicidio inspiegabile, un’eredità contesa, una famiglia dilaniata da antichi dissapori – sotto lo sguardo inclemente di un’intera città.              Igor’ Stravinskij, Robert Craft   Ricordi e commenti   Vita, incontri, pensieri del grande  sorcier  del Novecento musicale.                  Milan Kundera   L’arte del romanzo   «... il romanziere non è né uno storico, né un profeta: è un esploratore dell’esistenza» (Milan Kundera).              Katherine Mansfield   Qualcosa di infantile ma di molto naturale   «La sola scrittura di cui sia mai stata invidiosa» (Virginia Woolf).              August Strindberg   Inferno   «Tra i miei lettori ho un autentico genio, lo svedese August Strindberg» (Friedrich Nietzsche a Meta von Salis, 29 dicembre 1888)."
Gli altri - Georges Simenon,Gli altri,Georges Simenon,"Traduzione di Laura Frausin Guarino    gli Adelphi  , 680   2023, pp. 145   isbn: 9788845938429","€ 12,00","€ 11,40",anne magill,Letteratura francese,2023 / pp. 145 /,"€ 6,99","«Lo zio Antoine è morto martedì, vigilia di O­gnissanti, probabilmente intorno alle undici di sera. Quella stessa notte Colette ha tentato di buttarsi dalla finestra». Ha un incipit brusco e drammatico questo romanzo (scritto, caso più u­nico che raro nella vasta produzione di Simenon, in forma di diario), che ci immerge nell’atmosfe­ra soffocante di una città di provincia – universo angusto e abitudinario, con le sue rigide gerar­chie sociali, i suoi riti immutabili e, soprattutto, il peso schiacciante dello sguardo altrui sul desti­no degli individui. Attraverso il racconto dell’au­tore del diario, «un mediocre soddisfatto», e tuttavia capace di una visione lucida e disincan­tata della realtà, Simenon amplia l’orizzonte narrativo e mette in scena, come lui solo sa fare, la rappresentazione tragicomica della famiglia Huet, dilaniata da conflitti latenti e malcelati rancori, da rivalità e tradimenti. In attesa delle esequie dello zio, e soprattutto dell’apertura del testamento, verranno alla luce fragilità e solitudini, ambizioni e frustrazioni, meschinità e bas­sezze – ma anche, per una volta, virtù morali, e perfino eroismi.","Un suicidio inspiegabile, un’eredità contesa, una famiglia dilaniata da antichi dissapori – sotto lo sguardo inclemente di un’intera città.",Georges Simenon,L’America in automobile,"Come gli americani, diventati ormai «tutt’uno» con la loro auto, Simenon attraversa gli Stati Uniti – e ci offre della sua nuova patria un’immagine intima e ancora oggi affascinante.","Piccola Biblioteca Adelphi, 797",2023 / pp. 185 /,"€ 16,00","€ 15,20","€ 8,99",Le persiane verdi,"gli Adelphi, 663",2023 / pp. 208 /,"€ 12,00","€ 9,60","Ingeborg Bachmann   Il libro Franza   «Anzi io affermo – e tenterò soltanto di fornire una prima prova – che ancora oggi moltissime persone non muoiono ma vengono assassinate».              Daisetz T. Suzuki   Lo Zen e la cultura giapponese   La migliore guida per avvicinarsi al Giappone.              Alfred Polgar   Marlene   La sola attrice capace di «far sognare il nostro sangue nelle vene».                  Kenneth Anger   Hollywood Babilonia, II   «... un universo splendido e crudelissimo, mistura di paradiso e inferno, di lustrini e di lacrime, di successo e di abiezione» (Giovanni Mariotti).              Igor’ Stravinskij, Robert Craft   Ricordi e commenti   Vita, incontri, pensieri del grande  sorcier  del Novecento musicale.              Milan Kundera   L’arte del romanzo   «... il romanziere non è né uno storico, né un profeta: è un esploratore dell’esistenza» (Milan Kundera).                  Katherine Mansfield   Qualcosa di infantile ma di molto naturale   «La sola scrittura di cui sia mai stata invidiosa» (Virginia Woolf).              Sam Kean   La Brigata dei bastardi   L’avvincente racconto di una missione bellico-scientifica tanto misconosciuta quanto decisiva.              August Strindberg   Inferno   «Tra i miei lettori ho un autentico genio, lo svedese August Strindberg» (Friedrich Nietzsche a Meta von Salis, 29 dicembre 1888)."
L’America in automobile - Georges Simenon,L’America in automobile,Georges Simenon,"Traduzione di Federica Di Lella e Maria Laura Vanorio   Con una nota di Ena Marchi    Piccola Biblioteca Adelphi  , 797   2023, pp. 185   isbn: 9788845938306","€ 16,00","€ 15,20",,Letteratura francese         Letteratura di viaggi,2023 / pp. 185 /,"€ 8,99","Nell’ottobre del 1945 Georges Simenon sbarca a New York, ansioso di lasciarsi alle spalle le turbo­lenze degli anni di guerra, le accuse di collabora­zionismo e le minacce di epurazione. Con la mo­glie Tigy e il figlio Marc si stabilisce in Canada, nel Nouveau-­Brunswick – ma è agli Stati Uniti che guar­da. E, per conoscere meglio il paese dove comince­rà una nuova vita, parte al volante di una Chevro­let per un viaggio di cinquemila chilometri, che dal Maine lo porterà sino a Sarasota, sul Golfo del Messico. Ad attirarlo, come sempre, non sono le città – anche se confesserà che a New York si sente perfettamente a suo agio –, ma la gente e «i piccoli particolari della quotidianità»: tutto ciò che può offrire ai suoi lettori «un’immagine più intima» degli Stati Uniti. Lui che aveva sempre captato, o­vunque nel mondo, un disperato e insoddisfatto bisogno di dignità, finirà per essere conquistato dalla «forte tensione verso l’allegria e la gioia di vivere» che sprigionano le semplici ed essenziali case americane, dalla cordialità (o meglio: la fa­miliarità) che regola i rapporti di lavoro, dalla fiducia in sé stessi che le scuole sanno inculcare negli studenti, dalla squisita cortesia degli abitanti del Sud – che nelle relazioni mettono «quel qual­cosa di impercettibile e affascinante» che rende tanto preziosa l’esistenza – e scoprirà che proprio qui, nella sua nuova patria, vige «un tipo di vita che ... tiene conto più di qualsiasi altro della dignità dell’uomo».    Traduzione di Federica Di Lella e Maria Laura Vanorio.   Con una Nota di Ena Marchi.","Come gli americani, diventati ormai «tutt’uno» con la loro auto, Simenon attraversa gli Stati Uniti – e ci offre della sua nuova patria un’immagine intima e ancora oggi affascinante.",Georges Simenon,Gli altri,"Un suicidio inspiegabile, un’eredità contesa, una famiglia dilaniata da antichi dissapori – sotto lo sguardo inclemente di un’intera città.","gli Adelphi, 680",2023 / pp. 145 /,"€ 12,00","€ 11,40","€ 6,99",Le persiane verdi,"gli Adelphi, 663",2023 / pp. 208 /,,"€ 9,60",
Delitto impunito - Georges Simenon,Delitto impunito,Georges Simenon,"Traduzione di Simona Mambrini    Biblioteca Adelphi  , 750   2023, 3ª ediz., pp. 184   isbn: 9788845937958","€ 18,00","€ 14,40",a.c. fine art inc.,Letteratura francese,2023 / pp. 186 /,"€ 10,99","«Lo ucciderò». Non pensa ad altro Élie, da quando, nella pensione della signora Lange che è ormai diventata il suo rifugio e la sua tana, è arrivato Michel. Ventidue anni, capelli scuri e lisci, gli occhi di un ne­ro profondo, la carnagione olivastra, Mi­chel è il rampollo di un’agiata famiglia ro­mena, ha la stanza migliore, viene nutrito e coccolato, e tutte le sere raggiunge nei bar di Liegi un gruppo di connazionali. Élie in­vece ha una zazzera rossiccia e crespa, lab­bra carnose e occhi sporgenti che lo fanno assomigliare a un rospo; sbarcato tre anni prima dalla natìa Vilnius per preparare un dottorato in matematica, occupa una stan­za che non può permettersi di riscaldare, mangia pochissimo, esce di rado, non ha amici. Per Michel, convinto com’è che tut­ti debbano amarlo, non è stato difficile se­durre la figlia della signora Lange, quella Louise nella cui schiva presenza Élie ha sem­pre trovato «un che di dolce, di rasserenan­te». E lui, Élie, se n’è accorto, perché una sera li ha visti baciarsi – e perché li guarda, o­gni pomeriggio, dal buco della serratura, i­norridito e affascinato al tempo stesso. Sì, deve fare giustizia Élie, deve eliminare quel­l’intruso che è venuto a sconvolgere il suo quieto universo. Quell’uomo «felice in tut­to e per tutto, sempre e comunque, in ogni momento della giornata». E lo farà – o al­meno crederà di averlo fatto. Ma, ventisei anni dopo, in un paesino minerario del­l’Arizona, se lo ritroverà davanti...",L’uomo che morì due volte.,Georges Simenon,L’America in automobile,"Come gli americani, diventati ormai «tutt’uno» con la loro auto, Simenon attraversa gli Stati Uniti – e ci offre della sua nuova patria un’immagine intima e ancora oggi affascinante.","Piccola Biblioteca Adelphi, 797",2023 / pp. 185 /,"€ 16,00","€ 15,20","€ 8,99",Le persiane verdi,"gli Adelphi, 663",2023 / pp. 208 /,"€ 12,00","€ 9,60",
Il libro Franza - Ingeborg Bachmann,Il libro Franza,Ingeborg Bachmann,"Traduzione di Magda Olivetti, Luigi Reitani   Testo critico tedesco stabilito da Monika Albrecht e Dirk Göttsche sotto la direzione scientifica di Robert Pichl   Edizione italiana a cura di Luigi Reitani    gli Adelphi  , 684   2024, pp. 377   isbn: 9788845938702","€ 14,00","€ 13,30",heinz bachmann,Letterature di lingua tedesca,2009 / pp. 377 /,"€ 24,00      € 19,20","«Questo è un libro che parla di un delitto ... tenta di far conoscere, di ricercare qualcosa che non è scomparso dal mondo. Oggi è soltanto infinitamente più difficile commettere delitti, ecco perché questi delitti sono tanto sublimi che quasi non riusciamo ad accorgercene e a comprenderli, benché vengano commessi ogni giorno nel nostro ambiente, tra i nostri vicini di casa».     Ingeborg Bachmann",«Anzi io affermo – e tenterò soltanto di fornire una prima prova – che ancora oggi moltissime persone non muoiono ma vengono assassinate».,Ingeborg Bachmann,Invocazione all’Orsa Maggiore,"«Un Io lirico profondamente ambivalente, senza patria, sempre in viaggio di costa in costa, frontaliero...» (Siegfried Unseld).","Biblioteca Adelphi, 752",2023 / pp. 362 /,"€ 24,00","€ 22,80","€ 14,99",Malina,"gli Adelphi, 235",2003 / pp. 297 /,"€ 13,00","€ 10,40","Daisetz T. Suzuki   Lo Zen e la cultura giapponese   La migliore guida per avvicinarsi al Giappone.              Alfred Polgar   Marlene   La sola attrice capace di «far sognare il nostro sangue nelle vene».              Kenneth Anger   Hollywood Babilonia, II   «... un universo splendido e crudelissimo, mistura di paradiso e inferno, di lustrini e di lacrime, di successo e di abiezione» (Giovanni Mariotti).                  Georges Simenon   Gli altri   Un suicidio inspiegabile, un’eredità contesa, una famiglia dilaniata da antichi dissapori – sotto lo sguardo inclemente di un’intera città.              Igor’ Stravinskij, Robert Craft   Ricordi e commenti   Vita, incontri, pensieri del grande  sorcier  del Novecento musicale.              Milan Kundera   L’arte del romanzo   «... il romanziere non è né uno storico, né un profeta: è un esploratore dell’esistenza» (Milan Kundera).                  Katherine Mansfield   Qualcosa di infantile ma di molto naturale   «La sola scrittura di cui sia mai stata invidiosa» (Virginia Woolf).              Sam Kean   La Brigata dei bastardi   L’avvincente racconto di una missione bellico-scientifica tanto misconosciuta quanto decisiva.              August Strindberg   Inferno   «Tra i miei lettori ho un autentico genio, lo svedese August Strindberg» (Friedrich Nietzsche a Meta von Salis, 29 dicembre 1888)."
I lupi di Willoughby Chase - Joan Aiken,I lupi di Willoughby Chase,Joan Aiken,,,,1963 edward gorey. used by permission of the edward gorey charitable trust,,2023 / pp. 191 /,,"Tra gli innumerevoli mondi imma­ginari creati da Joan Aiken, c’è un’In­ghilterra dove la Gloriosa rivolu­zione non è mai avvenuta. Un’In­ghilterra infestata dai lupi, giunti oltremanica dalle gelide piane del­l’Europa e della Russia attraverso il tunnel sottomarino che unisce Do­ver a Calais e che è stato inaugura­to intorno al 1830, durante il regno di Giacomo III. Qui, nella sontuosa dimora di Willoughby Chase, una bambina di nome Bonnie Green – riccioli neri e carattere indomito – attende con impazienza l’arrivo del­l’angelica e delicata cugina Sylvia. Sir Willoughby e Lady Sophia sono in partenza per un lungo viaggio e le bambine verranno affidate alle cure di Miss Slighcarp, un’arcigna governante mossa da intenti non proprio limpidi. Osteggiate da te­mibili antagonisti, forti solo dell’af­fetto che le unisce e delle inaspettate risorse di coraggio e intraprendenza che sapranno trovare in sé, Bonnie e Sylvia dovranno affrontare un’incre­dibile serie di prove insidiose prima di sventare brillantemente un diabolico piano ordito ai danni della loro famiglia.","«I suoi romanzi sono un dono, per bambini e adulti [...], libri che attingono a piene mani all’innata follia della letteratura e alla misteriosa saggezza che essa può conferire» (Brian Phillips).",,,,,,,,,,,,,,
La strega - Shirley Jackson,La strega,Shirley Jackson,"Traduzione di Silvia Pareschi    Piccola Biblioteca Adelphi  , 795   2023, 2ª ediz., pp. 66   isbn: 9788845938313","€ 10,00","€ 9,50",,Letteratura nordamericana,2023 / pp. 66 /,"€ 5,99","Tre dei racconti qui riuniti hanno come protagoniste quelle creaturine infide, pericolose, enigmatiche che Shirley Jackson conosceva molto bene per aver cresciuto quattro «demoni», come chiamava – scherzosamente ma non troppo – i figli. Un bambino che, viaggiando in treno, vede streghe ovunque, e non è detto che non abbia ragione. Una ragazza che, sotto gli occhi di un presunto adulto un po’ alticcio, sfoggia un sapere e una saggezza apocalittici, mentre nella stanza accanto gli invitati a una festa sproloquiano sul futuro del mondo: «Non credo proprio che abbia molto futuro,» sentenzia con placido e inquietante distacco «almeno per com’è adesso ... Se quando lei era giovane la gente si fosse spaventata davvero, oggi non saremmo messi così male». E uno scolaretto che ne combina di tutti i colori, forse invisibile ma non per questo assente, come diceva sant’Agostino dei defunti, benché il marmocchio in questione sia vivo e vegeto. Tre  boîtes à surprise  con le quali Shirley Jackson suscita, a partire dal candore arcano dei ragazzi, sorrisi e brividi glaciali in egual misura. Senza rinunciare a condurci, al seguito di una donna che deve farsi estrarre un molare, nel suo territorio d’elezione: quella zona d’ombra ai confini della follia dove le cose note perdono i loro connotati familiari e appaiono estranee e perturbanti, dove un luciferino sconosciuto, materializzatosi dal nulla al nostro fianco, può prenderci per mano e, in un battito di ciglia, portarci a correre sulla sabbia calda, mentre le onde «tintinnano come campanelli sulla spiaggia» e «i flauti suonano tutta la notte».    Traduzione di Silvia Pareschi.",«Tutto ciò che fa terrore mi attrae» (Shirley Jackson).,Shirley Jackson,Un giorno come un altro,«I racconti di Shirley Jackson sono fra i più terrificanti mai scritti» (Donna Tartt).,"Fabula, 386",2022 / pp. 277 /,"€ 19,00","€ 15,20","€ 12,99",La luna di miele di Mrs. Smith,"Fabula, 364",2020 / pp. 279 /,,,
Miti emblemi spie. Morfologia e storia - Carlo Ginzburg,Miti emblemi spie,Carlo Ginzburg,"Il ramo d'oro  , 75   2023, pp. 332   isbn: 9788845938139","€ 35,00","€ 33,25",,Storia delle idee         Critica della cultura         Storia moderna         Arte,,,"Sono molti, e variegati, i temi affrontati in questa straordinaria raccolta di saggi: dalla stregoneria al divieto di conoscere ciò che sta in alto, inteso letteralmente e metaforicamente; dalle pitture erotiche di Tiziano all’«uomo dei lupi» di Freud, interpretato come un lupo mannaro mancato; da Aby Warburg e i suoi continuatori all’intreccio tra riflessioni sul mito e ideologia nazista negli scritti di Georges Dumézil. Che cosa lega ricerche così distanti tra loro? La prefazione alla prima edizione insisteva sulla morfologia, usata «come una sonda, per scandagliare uno strato inattingibile agli strumenti consueti della conoscenza storica». E alla morfologia si ritorna, in una prospettiva diversa, negli scritti inediti che ora si aggiungono, imperniati sulla nozione di «testo invisibile» (e perciò riproducibile) che era stata proposta in  Spie. Radici di un paradigma indiziario  . In questa nuova edizione Ginzburg rilegge il libro anche a partire da un tema fondamentale che, almeno in apparenza, in Spie mancava: il rapporto tra indizi e prove. È lecito supporre (come aveva fatto, in passato, lo stesso autore) che la ricchezza cognitiva degli indizi avesse indotto a trascurare l’importanza delle prove? Un dubbio da avvocato del diavolo, che ha portato a riesaminare da un’angolazione inattesa la sequenza che, partendo dalla triade Morelli-Freud-Sherlock Holmes, proietta il lettore da un lato verso i cacciatori del Neolitico, dall’altro verso il presente. E un invito a trasformarsi in cacciatori di indizi, per cercare di rispondere a questa e ad altre domande.","L’attesa, nuova edizione di una memorabile raccolta di saggi.",Carlo Ginzburg,Indagini su Piero,"La pittura di Piero della Francesca, in una luce inattesa.","Imago, 8",2022 / pp. 460 /,"€ 48,00","€ 38,40",,Il formaggio e i vermi,"L'oceano delle storie, 24",2019 / pp. 231 /,"€ 24,00","€ 19,20","Jan Assmann   Esodo   «Jan Assmann ha scritto un libro splendido. Con Esodo ci introduce a un’opera capitale della storia delle religioni, e ci mostra il suo significato per la storia universale» («Neue Zürcher Zeitung»).              Gwenn Rigal   Il tempo sacro delle caverne   Un luminoso spiraglio sulla vita e sulla mente dei primi artisti europei.              Francesco Calasso   Medioevo del diritto   «Una storia del diritto, che ha come sua epoca il medio evo, come teatro d’azione l’Italia».                  Carlo Ginzburg   La lettera uccide   Un libro che insegna a leggere lentamente, tra le righe.              Wendy Doniger   L’anello della verità   «Con il suo contagioso interesse per il sesso, Wendy Doniger passa con facilità dalle leggende sanscrite ai film con Doris Day» (Francis Ford Coppola). 
Dal  Ring  di Wagner a Marilyn Monroe e Doris Day, l’eterno legame tra gioielli e bellezza.              Marcel Granet   Danze e leggende dell’antica Cina   Il libro dove la Cina arcaica parla con i suoi passi di danza e ostentando i suoi emblemi.                  Éveline Lot-Falck   I riti di caccia dei popoli siberiani   «Il primitivo non ha coscienza di se stesso come entità distinta, non si vede separato da ciò che lo circonda; tutto, in natura, è per lui vivo e può apparire sotto qualsiasi aspetto».              Carlo Ginzburg   Storia notturna   L'immagine del sabba alla luce di miti e riti eurasiatici a sfondo sciamanico. Una rivoluzionaria interpretazione.              Ananda K. Coomaraswamy   La tenebra divina   Il pensiero metafisico di Coomaraswamy in una fondamentale raccolta di saggi."
"La ballata del piccolo rimorchiatore - Iosif Brodskij, Igor’ Olejnikov",La ballata del piccolo rimorchiatore,"Iosif Brodskij  ,  Igor’ Olejnikov","Illustrazioni di Igor’ Olejnikov   Traduzione di Serena Vitale    i cavoli a merenda  , 40   2023, pp. 32   isbn: 9788845938061","€ 18,00","€ 17,10",,Letteratura per l'infanzia         Letterature slave         Poesia,,,"Anteo è un piccolo rimorchiatore che vive a Pietroburgo, tra marinai, fumo di ciminiere e grandi navi da scortare. Nei pochi momenti di riposo sogna di salpare per il vasto oceano e visitare paesi meravigliosi, ma non vuole sottrarsi alla sua vita di lavoro, che accetta con gioia e coraggio – una vita che solo i delicatissimi versi di Iosif Brodskij potevano rendere tanto luminosa nella sua piccola eroicità quotidiana.",L’opera prima di Iosif Brodskij – un piccolo gioiello della letteratura per l’infanzia che parla al cuore di tutti.,Iosif Brodskij,Dolore e ragione,"«Una prosa dove a ogni passo, a ogni frase, il pensiero può trasportare il lettore molto lontano, come su un tappeto volante» (Roberto Calasso).","gli Adelphi, 664",2023 / pp. 267 /,"€ 13,00","€ 10,40","€ 20,00      € 16,00",Conversazioni,"La collana dei casi, 110",2015 / pp. 314 /,"€ 24,00","€ 19,20",
Metafisica concreta - Massimo Cacciari,Metafisica concreta,Massimo Cacciari,,"€ 38,00","€ 36,10",,Filosofia,,,"Metafisica: ecco la parola «davanti alla quale ognuno, più o meno, si affretta a fuggire come davanti a un appestato» (Hegel). Un fuggire che, a furia di decostruzioni, oltrepassamenti, dichiarazioni di morte o di inesorabile, fatale compimento nelle forme della razionalità scientifica, ha finito col diventare una sorta di habitus del pensiero contemporaneo. E tuttavia, ripercorrendo  contropelo  le filosofie classiche e i grandi sistemi del razionalismo moderno, così come le più ardite e recenti teorie della scienza, è possibile riscoprire ciò che di quel termine rimane  inaudito  : la  tessitura  che collega l’essente in quanto osservabile e determinabile allo  s-fondo  della sua provenienza e del suo imprevedibile avvenire; la relazione tra la  theoría  della cosa sotto l’aspetto della sua caducità, nell’ordine di Chronos, e quella che cerca di esprimerla nella sua relazione al Tutto e in tale relazione giunge a considerarla  res divina  . Nessun ‘al di là’, nessuna  Hinterwelt  , o mondo ‘dietro’  tà physiká  , dietro il manifestarsi di Physis. Questo mondo, e il soggetto che intende conoscerlo conoscendo sé stesso, il cui essere-possibile non si arrende al Muro dell’Impossibile, esigono di essere interrogati anche secondo una tale prospettiva.  Metafisica concreta  , dunque, come Florenskij, scienziato, filosofo e teologo, voleva intitolare l’opera che avrebbe dovuto concludere la sua ricerca. Filosofia e scienza possono in essa ritrovarsi ed esprimere insieme, in forme distinte e inseparabili, l’integrità e inesauribilità della vita dell’essente.",Come riscoprire ciò che della metafisica rimane inaudito.,Massimo Cacciari,Il lavoro dello spirito,L’attualità di Max Weber nella penetrante analisi di Massimo Cacciari.,"Piccola Biblioteca Adelphi, 751",2020 / pp. 118 /,"€ 13,00","€ 10,40","€ 6,99",Doppio ritratto,"Biblioteca minima, 48",2012 / pp. 88 /,"€ 7,00","€ 5,60","Martin Heidegger   L’inizio della filosofia occidentale   «L'inizio non sta più dietro di noi, alle no­stre spalle, bensì sta davanti a noi in quan­to compito essenziale della nostra più pro­pria essenza».              Emanuele Severino   Testimoniando il destino   I fondamenti della filosofia di Severino in una ulteriore, approfondita delucidazione.              Jacob Taubes, Carl Schmitt   Ai lati opposti delle barricate   «Sapevamo di essere nemici acerrimi, ma ci capivamo benissimo. Eravamo consapevoli di una cosa: di parlare allo stesso livello – e questo è molto raro» (Jacob Taubes).                  Martin Heidegger   Concetti fondamentali della filosofia aristotelica   Il preludio a  Essere e tempo  .              Emanuele Severino   Storia, Gioia   Il libro che svela il rapporto tra il pensiero filosofico di Severino più profondo, e ‘difficile’, e quello ‘più facile’, relativo all’attualità.              Carl Schmitt   Stato, grande spazio, nomos   Il pensiero di uno dei massimi filosofi della politica e del diritto in una imprescindibile raccolta di saggi.                  Emanuele Severino   Dike   Un cammino verso le radici del significato di  dike  : «il principio più stabile» secondo Aristotele.              Massimo Cacciari   Labirinto filosofico   2014, pp. 348, SALEPRICE              Martin Heidegger   Il «Sofista» di Platone   2013, pp. 667, SALEPRICE"
L’ora di greco - Han Kang,L’ora di greco,Han Kang,"Traduzione di Lia Iovenitti    Fabula  , 397   2023, 3ª ediz., pp. 163   isbn: 9788845938337","€ 18,00","€ 17,10",,Letteratura coreana,2023 / pp. 163 /,"€ 10,99","In una Seoul rovente e febbrile, una don­na vestita di nero cerca di recuperare la parola che ha perso in seguito a una serie di traumi. Le era già successo una prima volta, da adolescente, e allora era stato l’in­solito suono di una parola francese a scar­dinare il silenzio. Ora, di fronte al riaffio­rare di quel mutismo, si aggrappa alla ra­dicale estraneità del greco di Platone nel­la speranza di riappropriarsi della sua vo­ce. Nell’aula semideserta di un’accademia privata, il suo silenzio incontra lo sguardo velato dell’insegnante di greco, che sta per­dendo la vista e che, emigrato in Germa­nia da ragazzo e tornato a Seoul da qualche anno, sembra occupare uno spazio limina­le fra le due lingue. Tra di loro nasce un’in­timità intessuta di penombra e di perdi­ta, grazie alla quale la donna riuscirà for­se a ritornare in contatto con il mondo. Scritto dopo  La vegetariana  e definito dal­ la stessa autrice «quasi un suo lieto fine»,  L’ora di greco  si insinua − avvolto in un bozzolo di apparente semplicità − nella mente del lettore, come un «assurdo indimostra­bile», una voce limpida e familiare che ar­riva da un altro pianeta.",«Un romanzo eccelso che diventa più profondo a ogni lettura» («The Guardian»).,Han Kang,Atti umani,La pagina più cruenta del recente passato coreano in un romanzo implacabile.,"gli Adelphi, 666",2023 / pp. 205 /,"€ 12,00","€ 9,60","€ 19,00",Convalescenza,"Piccola Biblioteca Adelphi, 739",2019 / pp. 86 /,"€ 11,00","€ 8,80","Lawrence Osborne   Java Road   Cosa faresti se il tuo più vecchio amico
fosse un assassino, ma non ne avessi le
prove?              Benjamín Labatut   Maniac   L’odissea nera di John von Neumann, l’uomo che disegnò la mappa infernale del mondo che oggi abitiamo, nel nuovo straordinario libro di Benjamín Labatut.              Ian Fleming   Al servizio segreto di Sua Maestà   Uno dei più celebri, e rapinosi, capitoli delle avventure di James Bond.                  Michael Bible   L’ultima cosa bella sulla faccia della terra   «Un pugno nello stomaco» («New York Times Book Review»).              Pierre Boileau, Thomas Narcejac   I volti dell’ombra   Una lenta, inesorabile discesa nell’incubo.              Jean Stafford   Il puma   Una grande scrittrice che attende ancora di essere scoperta.                  Inès Cagnati   Giorno di vacanza   Il dolore delle origini in un romanzo di insolente intensità.              Peter Cameron   Che cosa fa la gente tutto il giorno?   I moti infinitesimali del nostro animo svelati dal Cameron più penetrante.              Christopher Isherwood   Il mondo di sera   Isherwood al massimo del suo estro narrativo."
Inferno. Leggende - Giacobbe lotta - August Strindberg,Inferno,August Strindberg,"A cura e con un saggio di Luciano Codignola    gli Adelphi  , 675   2023, pp. 459   isbn: 9788845938221","€ 15,00","€ 14,25",national library of sweden,Quaderni         Letterature scandinave,1972 / pp. 444 /,"€ 25,00","La vita di Strindberg fu una successione di cataclismi: il più brutale, il più irriducibilmente strindberghiano fu quello del 1895, quando, a Parigi, la ‘mano dell’invisibile’ lo precipitò in un’esperienza dissestante, introducendolo a terribili cieli e inferni, retti da quelle ‘potenze sconosciute’ che Strindberg riuscì poi, a sua volta, a introdurre in un romanzo-diario. Scritto di getto, come una stenografia visionaria,  Inferno  risponde tuttavia a un piano cifrato che difficilmente riesce a cogliere chi legga, anziché l’intera trilogia, solo la prima parte, l’unica che si usa pubblicare. Che cos’è l’  Inferno  di Strindberg? È, in primo luogo, quello che Swedenborg aveva descritto in tante sue opere e che ora Strindberg riconosce in ogni particolare per le vie del Quartier Latin, come una lugubre messa in scena finalmente svelata. Ma non è solo questo: attore principale in una portentosa macchinazione, Strindberg ci appare qui al tempo stesso come l’alchimista delirante che in squallide stanze d’albergo trasforma il piombo in oro; come l’uomo dello ‘scetticismo illuminato’, che ha superato ogni illusione; come il primo scrittore moderno che fa confluire fisiologia, psicologia e parapsicologia; come l’aruspice per cui ogni coincidenza è una ‘corrispondenza’.","«Tra i miei lettori ho un autentico genio, lo svedese August Strindberg» (Friedrich Nietzsche a Meta von Salis, 29 dicembre 1888).",August Strindberg,L’arringa di un pazzo,Il rapporto fra i sessi narrato e anatomizzato come un’atroce lotta per la sopraffazione.,"Biblioteca Adelphi, 657",2016 / pp. 284 /,"€ 19,00","€ 15,20","€ 10,99",Teatro da camera,"Piccola Biblioteca Adelphi, 98",1980 / pp. 280 /,"€ 18,00","€ 14,40","Ingeborg Bachmann   Il libro Franza   «Anzi io affermo – e tenterò soltanto di fornire una prima prova – che ancora oggi moltissime persone non muoiono ma vengono assassinate».              Daisetz T. Suzuki   Lo Zen e la cultura giapponese   La migliore guida per avvicinarsi al Giappone.              Alfred Polgar   Marlene   La sola attrice capace di «far sognare il nostro sangue nelle vene».                  Kenneth Anger   Hollywood Babilonia, II   «... un universo splendido e crudelissimo, mistura di paradiso e inferno, di lustrini e di lacrime, di successo e di abiezione» (Giovanni Mariotti).              Georges Simenon   Gli altri   Un suicidio inspiegabile, un’eredità contesa, una famiglia dilaniata da antichi dissapori – sotto lo sguardo inclemente di un’intera città.              Igor’ Stravinskij, Robert Craft   Ricordi e commenti   Vita, incontri, pensieri del grande  sorcier  del Novecento musicale.                  Milan Kundera   L’arte del romanzo   «... il romanziere non è né uno storico, né un profeta: è un esploratore dell’esistenza» (Milan Kundera).              Katherine Mansfield   Qualcosa di infantile ma di molto naturale   «La sola scrittura di cui sia mai stata invidiosa» (Virginia Woolf).              Sam Kean   La Brigata dei bastardi   L’avvincente racconto di una missione bellico-scientifica tanto misconosciuta quanto decisiva."
I viaggi la morte - Carlo Emilio Gadda,I viaggi la morte,Carlo Emilio Gadda,"A cura di Mariarosa Bricchi    Biblioteca Adelphi  , 751   2023, pp. 423   isbn: 9788845938078","€ 24,00","€ 22,80",tokyo fuji art museum / bridgeman images,Letteratura italiana         Critica e storia letteraria         Prose saggistiche,,,"Presentando nel 1958 gli scritti che compongono  I viaggi la morte  , Gadda suggeriva che, in luogo del comune «saggi», sarebbe forse stato preferibile per definirli il francese  entretiens  , ‘conversazioni’. Con questa discreta indicazione l’ormai celebre autore del  Pasticciaccio  rivendicava l’estraneità del libro alla «nostra coltura solidificata», e insieme ammantava di rassicurante affabilità la sua vera natura e la missione di cui era investito. Che era quella – come confidava a Livio Garzanti – di delineare il «panorama général» della sua «sindrome», abbracciando un’intera vita e tutta la gamma dei suoi interessi: di consegnare insomma ai nuovi fan una bussola per orientarsi nella più vertiginosa officina del Novecento e comprenderne le leggi. Leggi radicate in una riflessione filosofica che impone la demolizione del mito dello scrittore come vate o profeta, «bambolotto della credulità tolemaica», mentre l’io rappresentatore è un «groppo, o nodo, o groviglio, di rapporti fisici e metafisici» e solo dalla «tensione polare» con la cosa rappresentata nasce l’atto espressivo; e che nella maccheronea o «tumescenza barocca» individua un’arma letale, capace di annientare vaniloquio e falsità, enfasi e «teatrati atteggiamenti», nonché di contrastare l’«uso-Cesira», la lingua piccolo-borghese, «piccoletto grembiule casalingo da rigovernare le stoviglie». Se dunque Gadda, «bracconiere di frodo», fa razzia di varianti lessicali e ortoepiche, se ricorre al frasario gergale dei pratici e ai dialetti – da quello irresistibilmente sincopato e monosillabico dell’industre Milano alla parlata di Roma, «città mondo» – è nel nome di un’esigenza etica e gnoseologica: riscattare la lingua «dall’ossessione della frode» e ricreare la «magìa della verità».",«... riverisco i vati: non lavoro come i vati: lavoro come i non vati» (C.E. Gadda).,Carlo Emilio Gadda,Quer pasticciaccio brutto de via Merulana,"«… il più assoluto “giallo” che sia mai stato scritto, un “giallo” senza soluzione, un  pasticciaccio  »  (Leonardo Sciascia).","gli Adelphi, 660",2023 / pp. 370 /,"€ 14,00","€ 11,20","€ 22,00      € 17,60",La casa dei ricchi,"Microgrammi, 2",2020 / pp. 87 /,"€ 5,00","€ 4,00",
Kabloona. L’uomo bianco - Gontran de Poncins,Kabloona,Gontran de Poncins,"Disegni e fotografie dell’Autore   Con la collaborazione di Lewis Galantière   Traduzione di Marco Rossari    Biblioteca Adelphi  , 753   2023, pp. 332   isbn: 9788845938290","€ 24,00","€ 22,80",,Antropologia         Letteratura di viaggi         Reportage,2023 / pp. 332 /,"€ 19,49","Nel 1938 un visconte francese avventuroso e un po’ avventuriero, sempre alla ricerca di un senso da dare alla vita, decide di partire per l’estremo Nord, al di là del Canada, dove vivono le popolazioni più «primitive». Nel racconto di questa esperienza – una lenta e progressiva acclimatazione, in ogni senso, al nuovo mondo – tutto incanta fin dal primo istante: le durissime prove di resistenza, l’asprezza degli elementi, descritti con una vivacità e un’immediatezza fuori del comune, ma sopra ogni altra cosa l’incontro con gli  Inuit  , i più arcaici abitanti dell’Artico. Dapprima irrigidito nella sua supremazia di  Kabloona  , «uomo bianco» – si spingerà a dire che gli  Inuit  «non pensano», il che secondo i nostri angusti canoni potrebbe sembrare vero –, Gontran de Poncins finirà per imparare molto da queste genti, che non si pongono affatto il problema di dare un senso alla vita, come scopriremo in pagine profonde, spiazzanti, educative nel senso più alto della parola. E nell’ora sofferta del ritorno, si renderà conto, inaspettatamente, di essere diventato  uno di loro  . Il suo cuore rimarrà lì, come quello di noi lettori, illuminati da un’avventura che, superando ogni distanza, riesce a farci entrare nell’anima di un popolo e di un tempo che non potranno essere più.",L’avventura impossibile di un aristocratico francese nel mondo aspro e arcaico degli inuit,,,,,,,,,,,,,,
Un romanzo russo - Emmanuel Carrère,Un romanzo russo,Emmanuel Carrère,"Traduzione di Lorenza Di Lella e Maria Laura Vanorio    gli Adelphi  , 672   2023, pp. 283   isbn: 9788845938214","€ 13,00","€ 12,35",evgenia arbugaeva,Letteratura francese         Autobiografie         Storia contemporanea,2018 / pp. 283 /,"€ 19,00      € 15,20","«La follia e l’orrore hanno attanagliato la mia vita» scriveva Carrère presentando  Un romanzo russo  ai lettori francesi. Un giorno, però, dopo aver concluso la stesura dell’  Avversario  , alla follia e all’orrore decide di sfuggire. Trova un nuovo amore e accetta di realizzare un reportage su un prigioniero di guerra ungherese dimenticato per più di cinquant’anni in un ospedale psichiatrico russo. Arriva così in una cittadina a ottocento chilometri da Mosca, dove tornerà poi una seconda volta, ad aspettare, quasi in agguato, che accada qualcosa. Qualcosa accadrà: un delitto atroce. La follia e l’orrore l’hanno dunque «riagguantato». Anche nella vita amorosa: un racconto erotico scritto per gioco, per «fare irruzione nel reale», precipita lui e la sua compagna in un incubo destinato a devastare le loro vite. Nel frattempo, il viaggio in Russia ha messo fatalmente in gioco le sue origini e il suo rapporto con la lingua della madre – e Carrère comincia a indagare su quello che gli «è stato proibito raccontare»: «il fantasma che ossessiona la nostra famiglia». Per esorcizzare quel fantasma compirà «un oscuro percorso nell’inconscio di due generazioni», che lo porterà alla resa dei conti con un retaggio «di paura e di vergogna».","Il «romanzo familiare» di Carrère – quello in cui, intrecciando generi e fili narrativi diversi, l’autore fa i conti con un retaggio «di paura e di vergogna».",Emmanuel Carrère,V13,"Un viaggio al termine dell’orrore e della pietà raccontato con lucida empatia, senza un’ombra di enfasi o di lirismo, dall’autore dell’  Avversario  .","La collana dei casi, 147",2023 / pp. 267 /,"€ 20,00","€ 16,00","€ 10,99",La settimana bianca,"gli Adelphi, 618",2021 / pp. 139 /,"€ 12,00","€ 9,60","Ingeborg Bachmann   Il libro Franza   «Anzi io affermo – e tenterò soltanto di fornire una prima prova – che ancora oggi moltissime persone non muoiono ma vengono assassinate».              Daisetz T. Suzuki   Lo Zen e la cultura giapponese   La migliore guida per avvicinarsi al Giappone.              Alfred Polgar   Marlene   La sola attrice capace di «far sognare il nostro sangue nelle vene».                  Kenneth Anger   Hollywood Babilonia, II   «... un universo splendido e crudelissimo, mistura di paradiso e inferno, di lustrini e di lacrime, di successo e di abiezione» (Giovanni Mariotti).              Georges Simenon   Gli altri   Un suicidio inspiegabile, un’eredità contesa, una famiglia dilaniata da antichi dissapori – sotto lo sguardo inclemente di un’intera città.              Igor’ Stravinskij, Robert Craft   Ricordi e commenti   Vita, incontri, pensieri del grande  sorcier  del Novecento musicale.                  Milan Kundera   L’arte del romanzo   «... il romanziere non è né uno storico, né un profeta: è un esploratore dell’esistenza» (Milan Kundera).              Katherine Mansfield   Qualcosa di infantile ma di molto naturale   «La sola scrittura di cui sia mai stata invidiosa» (Virginia Woolf).              Sam Kean   La Brigata dei bastardi   L’avvincente racconto di una missione bellico-scientifica tanto misconosciuta quanto decisiva."
Il viaggio della tartaruga - Carl Safina,Il viaggio della tartaruga,Carl Safina,"Traduzione di Isabella C. Blum    Animalia  , 11   2023, pp. 623   isbn: 9788845938351","€ 32,00","€ 30,40",jorge hauser,Etologia,2023 / pp. 623 /,"€ 16,99","«Esiste una presenza, nell’oceano, che raramente cogli nelle ore di veglia, e che visualizzi meglio nei sogni. Mentre scivoli nel sonno, le tartarughe cavalcano la curva degli abissi, cercando respiro in superficie e ispirazione dal cielo». Fin dal rapinoso incipit melvilliano, il libro che Carl Safina ha dedicato alle tartarughe, osservandole e studiandole per anni in ogni mare e oceano, si rivela molto più di un trattato biologico-etologico. È una lunga, serrata narrazione visionaria, dove sin dalle prime pagine emerge una protagonista indiscussa, vera guida del viaggio: la Tartaruga Liuto, a un tempo l’esemplare più grande del suo ordine (può sfiorare la tonnellata) e tra quelli più antichi sotto il profilo evolutivo, che fa di lei «l’ultimo dinosauro» sulla Terra. Seguendo «il Leviatano delle tartarughe» nei suoi vertiginosi tragitti migratori – strappi anche di sedicimila chilometri, che riflettono una distribuzione amplissima, dai mari equatoriali alle acque artico-antartiche – Safina ne descrive le sorprendenti caratteristiche: morfologiche, a partire dal guscio «molle» a mosaico; anatomiche, in particolare il complesso sistema cardiovascolare, che armonizza polmoni piccoli e un cuore gigantesco da un battito al minuto; cognitivo-comportamentali, giacché l’intricata routine della stagione riproduttiva è guidata dall’attività ormonale e da un «riuscitissimo cervello da neanche novanta grammi». E alla fine, attraverso una prosa piena di incanto – ben più potente di ogni invettiva morale –, riesce ad elevare via via la sua ricerca ad appassionato memento ecologico: basterebbero le sequenze sulle Liuto uccise dalle plastiche (scambiate per meduse) o sui loro carapaci scheggiati dai machete dei pescatori, per cogliere nella cecità ambientale del  Sapiens  un ritratto spietato e dolente della sua (auto)distruttività.",Il «Leviatano delle tartarughe» in uno studio che è anche una narrazione travolgente.,Carl Safina,Animali non umani,"Famiglia, bellezza e pace nelle culture animali.","Animalia, 9",2022 / pp. 565 /,"€ 30,00","€ 24,00","€ 13,99",Al di là delle parole,"Animalia, 1",2018 / pp. 687 /,"€ 34,00","€ 27,20","Len Howard   Star   Gli studi pionieristici che hanno cambiato la storia dell’ornitologia.              Carl Safina   Animali non umani   Famiglia, bellezza e pace nelle culture animali.              Lee Alan Dugatkin, Ljudmila Trut   Come addomesticare una volpe   «Una storia che in parte è scienza, in parte fiaba russa, e in parte thriller di spionaggio».   («New York Times»)                  Peter Godfrey-Smith   Metazoa   Peter Godfrey-Smith scrive e pensa come nessun altro che io conosca. È un palombaro immerso nella scienza della vita e  Metazoa  è la sua più profonda immersione (Carl Safina).              Giorgio Vallortigara   Pensieri della mosca con la testa storta   Un approccio minimalista che apre nuove prospettive allo studio della coscienza.              Bert Hölldobler, Edward O. Wilson   Le formiche tagliafoglie   «Una formica, da sola, non è una formica» (Edward O. Wilson).                  Richard O. Prum   L’evoluzione della bellezza   La sopravvivenza dei più belli – l’evoluzione come non è mai stata raccontata.              Bernd Heinrich   La mente del corvo   E l’uomo incontrò il corvo.              Peter Godfrey-Smith   Altre menti   «Affascinante e spesso delizioso» («The Times»)."
L’ultima cosa bella sulla faccia della terra - Michael Bible,L’ultima cosa bella sulla faccia della terra,Michael Bible,"Traduzione di Martina Testa    Fabula  , 393   2023, 5ª ediz., pp. 135   isbn: 9788845938115","€ 16,00","€ 15,20",david de las heras,Letteratura nordamericana,2023 / pp. 135 /,"€ 9,99",,«Un pugno nello stomaco» («New York Times Book Review»).,,,,,,,,,,,,,,"Lawrence Osborne   Java Road   Cosa faresti se il tuo più vecchio amico
fosse un assassino, ma non ne avessi le
prove?              Han Kang   L’ora di greco   «Un romanzo eccelso che diventa più profondo a ogni lettura» («The Guardian»).              Benjamín Labatut   Maniac   L’odissea nera di John von Neumann, l’uomo che disegnò la mappa infernale del mondo che oggi abitiamo, nel nuovo straordinario libro di Benjamín Labatut.                  Ian Fleming   Al servizio segreto di Sua Maestà   Uno dei più celebri, e rapinosi, capitoli delle avventure di James Bond.              Pierre Boileau, Thomas Narcejac   I volti dell’ombra   Una lenta, inesorabile discesa nell’incubo.              Jean Stafford   Il puma   Una grande scrittrice che attende ancora di essere scoperta.                  Inès Cagnati   Giorno di vacanza   Il dolore delle origini in un romanzo di insolente intensità.              Peter Cameron   Che cosa fa la gente tutto il giorno?   I moti infinitesimali del nostro animo svelati dal Cameron più penetrante.              Christopher Isherwood   Il mondo di sera   Isherwood al massimo del suo estro narrativo."
