Book Title,Book Title,Price,Price,Author,Publisher,Price,Price,Book Title,Book Title,Book Description,Price,Publisher,Category,Book type,Other,Dimensions,Code/ID,Author,Author,Author,Book Title,Other,Other,Other,Other,Other,Other,Other,Other,Other,Other,Other,Other
"Pirati, corsari e filibustieri | Alain Blondy | Giunti Editore","Pirati, corsari e filibustieri","€16,06","€16,90",Alain Blondy,,"€16,06","€16,90","Diminuisci quantità per Pirati, corsari e filibustieri::Tanti codici, un solo onore","Aumenta quantità per Pirati, corsari e filibustieri::Tanti codici, un solo onore","Barbanera è senza dubbio il più famoso, Anne Bonny la più affascinante e Jack Sparrow il più sexy (e il meno reale!), ma cosa sappiamo veramente dei pirati? Sebbene sia storicamente provato che abbiano dominato i Caraibi nel XVIII secolo, le loro vicende non si riassumono certo in  cliché  dal sapore hollywoodiano. L’immagine egualitaria, persino libertaria, dei “signori del mare” che nei secoli successivi valse loro una simpatia non dissimulata ha tuttavia un suo fondamento storico, che consiste nel disprezzo delle leggi “borghesi” e ingiuste, nel gusto di rubare ai ricchi, nell’etica del codice d’onore.
Fin dall’antichità il mondo marittimo è uno spazio dove vige la legge del più forte, dove la violenza e l’astuzia per raggiungere il proprio scopo sono legittimate. Presto però una forma di collaborazione si afferma tra questi banditi e il potere politico ed è così che si sviluppa la pirateria. A partire dal Medioevo è la volta della guerra di corsa e dei corsari, i famosi “pirati di stato” autorizzati a saccheggiare e attaccare le navi nemiche. Con le grandi scoperte geografiche incontriamo, soprattutto nei Caraibi, il filibustiere, sapiente mix tra il pirata e il corsaro. 
In questa grande, completa e unica sintesi, 
Alain Blondy ripercorre magistralmente le tracce di ammiragli e semplici mozzi evidenziando l’unicità di tale fenomeno storico. Attraverso razzie, attacchi navali e saccheggi, ci accompagna nelle epoche e tra i popoli, in un viaggio dal Mediterraneo all’oceano Pacifico, passando per i mari del Nord, che non finirà di stupire.","Default Title - €16,90",,STORIA E STORIE,Brossura con bandelle,336.0,"14.0 x
    
  
    
      21.5
    
  
  cm",9788809974234.0,Alain Blondy,Alain Blondy,Alain Blondy: biografia e libri in vendita | Giunti Editore,"Scopri tutti i libri di Alain Blondy. Consulta il catalogo dell'autore, ordina online o trova una copia nella libreria più vicina a te.",,Fascismo e populismo - COPIA AUTOGRAFATA,Antonio Scurati,"€11,40","€12,00",Madre patria - COPIA AUTOGRAFATA,Vittorio Emanuele Parsi,"€16,15","€17,00",Il cammino di un popolo,"€38,00","€40,00"
Come un fiore di ciliegio nel vento | Etsu Inagaki Sugimoto | Giunti Editore,Come un fiore di ciliegio nel vento,"€17,10","€18,00",Etsu Inagaki Sugimoto,,"€17,10","€18,00",Diminuisci quantità per Come un fiore di ciliegio nel vento,Aumenta quantità per Come un fiore di ciliegio nel vento,"Pubblicato per la prima volta a New York nel 1925 e diventato subito un bestseller internazionale, questo libro è il racconto in prima persona della vita di Etsu Inagaki Sugimoto, la figlia minore di un samurai di alto rango, che vive sulla sua pelle il passaggio tra il Giappone feudale del XIX secolo e la potente modernità americana del primo Novecento.
Nata nella città di Nagaoka, nel nord del paese, Etsu riceve una rigida educazione, improntata ai principi dei nobili guerrieri samurai, ma il destino ha in serbo per lei tutt’altro: in seguito alla morte improvvisa del padre, la ragazza viene promessa in sposa a Matsuo, un amico del fratello, che vive negli Stati Uniti. Sarà solo l’inizio del suo viaggio nel Nuovo Mondo e dentro se stessa, un viaggio ricco di momenti belli e difficili come solo la vita sa essere.
Forte della sua identità e delle sue convinzioni, tra i ricordi magici dell’infanzia in Giappone e l’incontro dirompente con la realtà occidentale, che la sospinge verso nuovi orizzonti, la giovane donna cresce, impara e ama con coraggio.
Più di un  memoir  , più di una saga familiare, la vicenda di Etsu, leggera e forte come un fiore di ciliegio nel vento, è una bellissima storia di formazione al femminile che non smette di appassionare e commuovere.","Default Title - €18,00",,VARIA BIOGRAFIE,Brossura con bandelle,312.0,"14.0 x
    
  
    
      21.5
    
  
  cm",9788809971684.0,,,,,,,,,,,,,,,,
Superalbum dei dinosauri | Martina Boschi | Giunti Editore,Superalbum dei dinosauri,,,Martina Boschi,,,,Diminuisci quantità per Superalbum dei dinosauri,Aumenta quantità per Superalbum dei dinosauri,,,,ACTIVITY,,12.0,"21.5 x
    
  
    
      28.0
    
  
  cm",,Martina Boschi,Martina Boschi,Martina Boschi: biografia e libri in vendita | Giunti Editore,"Scopri tutti i libri di Martina Boschi. Consulta il catalogo dell'autore, ordina online o trova una copia nella libreria più vicina a te.",,Il libro pop-up della natura,Sylvie Baussier,"€21,76","€22,90",Metamorfosi - Lettera al padre,Franz Kafka,"€7,13","€7,50",Buonanotte,"€7,51","€7,90"
Cosimo I dei Medici | Eugenio Giani | Giunti Editore,Cosimo I dei Medici,"€15,20","€16,00",Eugenio Giani,,"€15,20","€16,00",Diminuisci quantità per Cosimo I dei Medici::Il padre della Toscana moderna,Aumenta quantità per Cosimo I dei Medici::Il padre della Toscana moderna,"Una storia di genio e bellezza, ma anche di intrighi e sventure: ingredienti che hanno caratterizzato la vicenda biografica della famiglia dei Medici, signori di Firenze, e l’intero Rinascimento. Figura centrale di questo periodo fondamentale nella storia e nella cultura europee è Cosimo I (Firenze 1519-1574), primo granduca di Toscana e artefice della sua trasformazione in Stato. L’autore, in questo libro, ne ripercorre la vita e le imprese di governo, il rapporto con le arti e ne evidenzia soprattutto la dimensione di legislatore e statista capace di portare quella che fino allora era stata una piccola potenza regionale al livello delle corti e delle grandi nazioni del Cinquecento.","Default Title - €16,00",,VARIA ARTE,Brossura con bandelle,0.0,"15.0 x
    
  
    
      20.0
    
  
  cm",9788809919853.0,,,,,,Metamorfosi - Lettera al padre,Franz Kafka,"€7,13","€7,50",Delitti a Fleet House,Lucinda Riley,"€12,35","€13,00",Bambini lupo,"€17,01","€17,90"
Liberati dai pensieri ossessivi e dalle compulsioni | Klaus Bernhardt | Giunti Editore,Liberati dai pensieri ossessivi e dalle compulsioni,"€16,06","€16,90",Klaus Bernhardt,Demetra,"€16,06","€16,90","Diminuisci quantità per Liberati dai pensieri ossessivi e dalle compulsioni::Come superare i rituali, i tic e le piccole manie che ti ingabbiano la mente","Aumenta quantità per Liberati dai pensieri ossessivi e dalle compulsioni::Come superare i rituali, i tic e le piccole manie che ti ingabbiano la mente","L'ansia è un problema molto diffuso, che riguarda anche gli adolescenti, e quando non arriva a provocare attacchi di panico, può sfociare in disturbi ossessivi compulsivi, assai più comuni di quanto si possa pensare. Questo libro offre un metodo concreto per risolvere gli stati d’ansia profonda che sfociano in comportamenti ossessivo compulsivi (tic, rituali, piccole manie...) nei casi in cui non ci sia una patologia grave, che resta di ambito psichiatrico. Sono tante, infatti, le persone borderline che mettono in atto abitudini ripetitive, che seguono rituali o riti scaramantici per contenere stati ansiosi altrimenti insopportabili e non sanno che esistono tecniche di autoterapia per liberarsi da queste gabbie mentali.","Default Title - €16,90",Demetra,PENSARE POSITIVO,Brossura con bandelle,304.0,"14.0 x
    
  
    
      21.5
    
  
  cm",9788844075422.0,Klaus Bernhardt,Klaus Bernhardt,Klaus Bernhardt: biografia e libri in vendita | Giunti Editore,"Scopri tutti i libri di Klaus Bernhardt. Consulta il catalogo dell'autore, ordina online o trova una copia nella libreria più vicina a te.",,,,,,,,,,,,
Metamorfosi - Lettera al padre | Franz Kafka | Giunti Editore,Metamorfosi - Lettera al padre,"€7,13","€7,50",Franz Kafka,Giunti Barbera,"€7,13","€7,50",Diminuisci quantità per Metamorfosi - Lettera al padre,Aumenta quantità per Metamorfosi - Lettera al padre,"Massimo Morasso rilegge in 10 parole chiave i due capolavori del grande scrittore tedesco (1882-1924) nel centenario della morte: Estraneità, Inadeguatezza, Inettitudine, Disperanza, Emarginazione, Invidia, Gelosia, Crudeltà, Vergogna, Vendetta. Secondo il poeta e filosofo, il sentimento della colpa è quanto accomuna lo scarafaggio-Gregor a Franz-figlio: in una identica messa in scena dell’estraneità e della crudeltà, entrambi vivono una stessa realtà di dipendenza dagli altri, fra parassitismo ed emarginazione. Sconfitto, corroso, non per scelta ma per necessità storica, Kafka nella sua opera racconta cosa resta dell’uomo una volta abolito il legame con il Trascendente e la Tradizione. E ci dice che non resta nulla.","Default Title - €7,50",Giunti Barbera,PASSEPARTOUT,Brossura,160.0,"12.5 x
    
  
    
      19.5
    
  
  cm",9788809920583.0,Franz Kafka,Franz Kafka,Franz Kafka: biografia e libri in vendita | Giunti Editore,"Scopri tutti i libri di Franz Kafka. Consulta il catalogo dell'autore, ordina online o trova una copia nella libreria più vicina a te.","Aggiungi   Sold out!                 Tutti i romanzi   Tutti i romanzi      Franz Kafka   Franz Kafka        € 65,00   € 61,75        -5%   IN OFFERTA                                         Aggiungi   Sold out!                 La metamorfosi. Lettera al padre   La metamorfosi. Lettera al padre      Franz Kafka   Franz Kafka        € 6,50   € 6,18        -5%   IN OFFERTA                                         Non Disponibile   Sold out!                 La metamorfosi. Lettera al padre   La metamorfosi. Lettera al padre      Franz Kafka   Franz Kafka        € 5,90   € 5,61        -5%   IN OFFERTA                                         Non Disponibile   Sold out!                 Il processo   Il processo      Franz Kafka   Franz Kafka        € 5,90   € 5,61        -5%   IN OFFERTA                                         Aggiungi   Sold out!                 La metamorfosi. Lettera al padre   La metamorfosi. Lettera al padre      Franz Kafka   Franz Kafka        € 6,00   € 5,70        -5%   IN OFFERTA                                         Non Disponibile   Sold out!                 Il processo   Il processo      Franz Kafka   Franz Kafka        € 6,90   € 6,56        -5%   IN OFFERTA   OUTLET                                         Non Disponibile   Sold out!                 La metamorfosi. Lettera al padre   La metamorfosi. Lettera al padre      Franz Kafka   Franz Kafka        € 6,50   € 6,18        -5%   IN OFFERTA   OUTLET",Cosimo I dei Medici,Eugenio Giani,"€15,20","€16,00",Delitti a Fleet House,Lucinda Riley,"€12,35","€13,00",Bambini lupo,"€17,01","€17,90"
Gorjuss. Albo magico. Teneri cuccioli | Lisa Capiotto | Giunti Editore,Gorjuss. Albo magico. Teneri cuccioli,,,Lisa Capiotto,Pon Pon Edizioni,,,Diminuisci quantità per Gorjuss. Albo magico. Teneri cuccioli,Aumenta quantità per Gorjuss. Albo magico. Teneri cuccioli,"Colora i tenerissimi cuccioli delle ragazze Gorjuss con il magico pennarello svelacolori. È sicuro, atossico e non macchia. Il divertimento continua con il set da scrivania in regalo: sono inclusi nella confezione segnalibri, righello e portapenne da ritagliare. Dimensioni 25,5 x 34,8 cm.",,Pon Pon Edizioni,GORJUSS,,0.0,"25.8 x
    
  
    
      34.5
    
  
  cm",9788893304962.0,Lisa Capiotto,Lisa Capiotto,Lisa Capiotto: biografia e libri in vendita | Giunti Editore,"Scopri tutti i libri di Lisa Capiotto. Consulta il catalogo dell'autore, ordina online o trova una copia nella libreria più vicina a te.",,Peppa Pig. Natale con Peppa. Shopper bag,,"€12,26","€12,90",PERA TOONS. Il libro delle risposte,Toons Pera,"€14,16","€14,90",Cry Babies. I colorelli. Valigetta con acquerelli,"€9,41","€9,90"
Poesie d'amore | Emily Dickinson | Giunti Editore,Poesie d'amore,"€7,13","€7,50",Emily Dickinson,Giunti Barbera,"€7,13","€7,50",Diminuisci quantità per Poesie d'amore,Aumenta quantità per Poesie d'amore,"Franco Buffoni introduce in 10 parole chiave le più belle poesie di Emily Dickinson (1830-1886): Amore, Libro, Bibbia, Traduzione, Realtà, Congiunzione, Estasi, Rivelazione, Viaggio, Mistero. Secondo il poeta e professore emerito di Lingua e Letteratura inglese nella vita di solitudine e autoreclusione che condusse, un erotismo da Cantico dei Cantici prorompe dai suoi versi, stordendo quasi il lettore. Il più grande poeta americano dell’Ottocento era una donna molto intelligente e sensibile, capace di una poesia mai pacificante e pacificatrice, che comunica sempre asprezza, ansietà e disagio. La sua via all’estasi è costruita sul linguaggio della secchezza, asperità e brevità in una vera e propria modulazione del grido.","Default Title - €7,50",Giunti Barbera,PASSEPARTOUT,Brossura,256.0,"12.5 x
    
  
    
      19.5
    
  
  cm",9788809920576.0,Emily Dickinson,Emily Dickinson,Emily Dickinson: biografia e libri in vendita | Giunti Editore,"Scopri tutti i libri di Emily Dickinson. Consulta il catalogo dell'autore, ordina online o trova una copia nella libreria più vicina a te.","Aggiungi   Sold out!                 Poesie d'amore   Poesie d'amore      Emily Dickinson   Emily Dickinson        € 10,00   € 9,50        -5%   IN OFFERTA                                         Aggiungi   Sold out!                 Poesie   Poesie      Emily Dickinson   Emily Dickinson        € 6,50   € 6,18        -5%   IN OFFERTA                                         Non Disponibile   Sold out!                 Poesie   Poesie      Emily Dickinson   Emily Dickinson        € 5,90   € 5,61        -5%   IN OFFERTA                                         Non Disponibile   Sold out!                 Poems   Poems      Emily Dickinson   Emily Dickinson        € 7,00   € 6,65        -5%   IN OFFERTA   OUTLET                                         Non Disponibile   Sold out!                 Poesie   Poesie      Emily Dickinson   Emily Dickinson        € 6,00   € 5,70        -5%   IN OFFERTA                                         Non Disponibile   Sold out!                 Non c'è nave che possa come un lib...   Non c'è nave che possa come un libro      Emily Dickinson   Emily Dickinson        € 12,00   € 11,40        -5%   IN OFFERTA   OUTLET                                         Non Disponibile   Sold out!                 Poesie   Poesie      Emily Dickinson   Emily Dickinson        € 6,00   € 5,70        -5%   IN OFFERTA                                         Non Disponibile   Sold out!                 Poesie d'amore. Testo inglese a fr...   Poesie d'amore. Testo inglese a fronte      Emily Dickinson   Emily Dickinson        € 8,00   € 7,60        -5%   IN OFFERTA                                         Non Disponibile   Sold out!                 Poesie e lettere   Poesie e lettere      Emily Dickinson   Emily Dickinson        € 17,00   € 16,15        -5%   IN OFFERTA",,,,,,,,,,,
Il regalo del Capo D’anno – Libro di lezioni per la seconda classe elementare – Libro di lezioni per la terza classe elementare – La lanterna magica di Giannettino | Carlo Collodi | Giunti Editore,Il regalo del Capo D’anno – Libro di lezioni per la seconda classe elementare – Libro di lezioni per la terza classe elementare – La lanterna magica di Giannettino,"€28,50","€30,00",Carlo Collodi,,"€28,50","€30,00",Diminuisci quantità per Il regalo del Capo D’anno – Libro di lezioni per la seconda classe elementare – Libro di lezioni per la terza classe elementare – La lanterna magica di Giannettino,Aumenta quantità per Il regalo del Capo D’anno – Libro di lezioni per la seconda classe elementare – Libro di lezioni per la terza classe elementare – La lanterna magica di Giannettino,"I testi di Collodi qui raccolti appartengono agli ultimi anni
di vita dell’autore:  Il regalo del Capo d’Anno  (1884 e 1887);  Lezioni
per la seconda classe elementare  e  Lezioni per la terza classe elementare  (1889);  La lanterna magica di Giannettino  (1889 ma datata 1890).
Vi traspare una nuova posizione pedagogica, in parte più
lontana dai suoi capolavori, e dal  Pinocchio  (1883) soprattutto.
Sempre più la produzione per le scuole si pone al
centro, il contesto narrativo si istituzionalizza nella narrazione
collocata tra famiglia e scuola e si trama intimamente
e sempre di più di un’etica borghese assunta come regola
nell’Italia postrisorgimentale. L’educatore Collodi si rende
più conforme alle attese della società del tempo e ne veicola
i punti di vista etico-sociali più condivisi e comuni, e lo fa
ormai con significativa e precisa evidenza.
Un volume, questo VII del corpus collodiano, che ci fa riflettere
sulla ricchezza e varietà e complessità dell’opera
dello scrittore, ritmata tra forme narrative diverse, dal
giornalismo ai romanzi, al teatro e poi tra narrazioni per
l’infanzia e di altissima qualità, testi scolastici innovatori
e altri più conformati sulle attese governative, ma tutti più
o meno sempre animati da quello spirito popolare che in
vari modi lì resta presente, come un vivo e anche critico
imprinting nazionale da preservare.","Default Title - €30,00",,INIZIATIVE SPECIALI IN LIBRERIA,Cartonato con sovraccoperta,656.0,"17.0 x
    
  
    
      24.0
    
  
  cm",9788809916821.0,Carlo Collodi,Carlo Collodi,Carlo Collodi: biografia e libri in vendita | Giunti Editore,"Scopri tutti i libri di Carlo Collodi. Consulta il catalogo dell'autore, ordina online o trova una copia nella libreria più vicina a te.","Aggiungi   Sold out!                 Le avventure di Pinocchio. Edizion...   Le avventure di Pinocchio. Edizione Anniversario 1883-20...      Carlo Collodi   Carlo Collodi        € 28,00   € 26,60        -5%   IN OFFERTA                                         Aggiungi   Sold out!                 Le avventure di Pinocchio   Le avventure di Pinocchio      Carlo Collodi   Carlo Collodi        € 9,90   € 9,41        -5%   IN OFFERTA                                         Aggiungi   Sold out!                 Le avventure di Pinocchio   Le avventure di Pinocchio      Carlo Collodi   Carlo Collodi        € 22,00   € 20,90        -5%   IN OFFERTA                                         Aggiungi   Sold out!                 Articoli di costume   Articoli di costume      Carlo Collodi   Carlo Collodi        € 30,00   € 28,50        -5%   IN OFFERTA                                         Aggiungi   Sold out!                 Le avventure di Pinocchio   Le avventure di Pinocchio      Carlo Collodi   Carlo Collodi        € 29,00   € 27,55        -5%   IN OFFERTA                                         Aggiungi   Sold out!                 Le avventure di Pinocchio   Le avventure di Pinocchio      Carlo Collodi   Carlo Collodi        € 5,90   € 5,61        -5%   IN OFFERTA                                         Aggiungi   Sold out!                 Le avventure di Pinocchio   Le avventure di Pinocchio      Carlo Collodi, Lorenzo Mattotti   Carlo Collodi, Lorenzo Mattotti        € 35,00   € 33,25        -5%   IN OFFERTA                                         Aggiungi   Sold out!                 Le avventure di Pinocchio (ill. Mu...   Le avventure di Pinocchio (ill. Mussino)      Carlo Collodi   Carlo Collodi        € 20,00   € 19,00        -5%   IN OFFERTA                                         Non Disponibile   Sold out!                 Le avventure di Pinocchio (ill. Ne...   Le avventure di Pinocchio (ill. Nespolo)      Carlo Collodi   Carlo Collodi        € 35,00   € 33,25        -5%   IN OFFERTA   OUTLET                                         Aggiungi   Sold out!                 Pinocchio   Pinocchio      Carlo Collodi   Carlo Collodi        € 5,90   € 5,61        -5%   IN OFFERTA                                         Aggiungi   Sold out!                 Le avventure di Pinocchio (ill. Ch...   Le avventure di Pinocchio (ill. Chiostri)      Carlo Collodi   Carlo Collodi        € 10,00   € 9,50        -5%   IN OFFERTA                                         Aggiungi   Sold out!                 Le avventure di Pinocchio (ill. Mu...   Le avventure di Pinocchio (ill. Mussino)      Carlo Collodi   Carlo Collodi        € 5,00   € 4,75        -5%   IN OFFERTA                                         Non Disponibile   Sold out!                 Le avventure di Pinocchio   Le avventure di Pinocchio      Carlo Collodi   Carlo Collodi        € 49,00   € 46,55        -5%   IN OFFERTA   OUTLET                                         Non Disponibile   Sold out!                 I racconti delle fate - Storie all...   I racconti delle fate - Storie allegre      Carlo Collodi   Carlo Collodi        € 30,00   € 28,50        -5%   IN OFFERTA   OUTLET                                         Aggiungi   Sold out!                 Le avventure di Pinocchio + Quader...   Le avventure di Pinocchio + Quaderno operativo      Carlo Collodi   Carlo Collodi        € 7,90   € 7,51        -5%   IN OFFERTA                                         Aggiungi   Sold out!                 Le avventure di Pinocchio   Le avventure di Pinocchio      Carlo Collodi   Carlo Collodi        € 7,90   € 7,51        -5%   IN OFFERTA   OUTLET                                         Aggiungi   Sold out!                 Le avventure di Pinocchio   Le avventure di Pinocchio      Carlo Collodi   Carlo Collodi        € 30,00   € 28,50        -5%   IN OFFERTA                                         Aggiungi   Sold out!                 Le avventure di Pinocchio letto da...   Le avventure di Pinocchio letto da Paolo Poli + CD      Carlo Collodi   Carlo Collodi        € 12,00   € 11,40        -5%   IN OFFERTA                                         Aggiungi   Sold out!                 Un romanzo in vapore. Da Firenze a...   Un romanzo in vapore. Da Firenze a Livorno - I misteri d...      Carlo Collodi   Carlo Collodi        € 35,00   € 33,25        -5%   IN OFFERTA                                         Aggiungi   Sold out!                 Le avventure di Pinocchio (ill. Mu...   Le avventure di Pinocchio (ill. Mussino) (lusso)      Carlo Collodi   Carlo Collodi        € 26,50   € 25,18        -5%   IN OFFERTA",Il dottore di Varsavia,Elisabeth Gifford,"€9,41","€9,90",Where I end and you begin,Preston Norton,"€13,30","€14,00",Lettere a una fanciulla che non risponde,"€17,10","€18,00"
Goebbels | Lionel Richard | Giunti Editore,Goebbels,"€16,06","€16,90",Lionel Richard,,"€16,06","€16,90",Diminuisci quantità per Goebbels::Ritratto di un manipolatore,Aumenta quantità per Goebbels::Ritratto di un manipolatore,"Una biografia che ricostruisce, contro ogni possibile mistificazione, la personalità di Joseph Goebbels, il gerarca nazista che insieme a Himmler ricoprì la più alta carica del Terzo Reich dopo Hitler, tristemente noto soprattutto come ministro per l’istruzione pubblica e la propaganda dal marzo 1933 fino alla caduta del nazismo. “Storpio nel corpo e nell’anima”, come lo definì Thomas Mann, fu lui il responsabile della feroce propaganda che accompagnò l’ascesa del regime hitleriano, comprese la campagna contro la cultura “degenerata” e la giustificazione ideologica del violento, crescente antisemitismo.
Ma chi era davvero Goebbels? Attingendo direttamente alle fonti, a partire dal suo diario personale, dalle opere letterarie fino ai discorsi radiofonici e ai numerosi, atroci film che aveva ideato (  L’ebreo errante  su tutti), queste pagine tratteggiano il polemista spietato, il manipolatore consapevole e cinico, il virtuoso dell’astuzia e della seduzione. Capitolo dopo capitolo, emerge il modo sinistro di quest’uomo di costruire la fedeltà a un regime, di alimentarla, mantenerla e seguirla coerentemente, fino all’ultimo, folle sacrificio che coinvolse anche la sua numerosa famiglia.","Default Title - €16,90",,STORIA E STORIE,Brossura con bandelle,264.0,"14.0 x
    
  
    
      21.5
    
  
  cm",9788809971677.0,Lionel Richard,Lionel Richard,Lionel Richard: biografia e libri in vendita | Giunti Editore,"Scopri tutti i libri di Lionel Richard. Consulta il catalogo dell'autore, ordina online o trova una copia nella libreria più vicina a te.",,Fascismo e populismo - COPIA AUTOGRAFATA,Antonio Scurati,"€11,40","€12,00",Madre patria - COPIA AUTOGRAFATA,Vittorio Emanuele Parsi,"€16,15","€17,00",Il cammino di un popolo,"€38,00","€40,00"
Canti della gratitudine - COPIA AUTOGRAFATA | Franco Arminio | Giunti Editore,Canti della gratitudine - COPIA AUTOGRAFATA,"€17,10","€18,00",Franco Arminio,Bompiani,"€17,10","€18,00",Diminuisci quantità per Canti della gratitudine - COPIA AUTOGRAFATA,Aumenta quantità per Canti della gratitudine - COPIA AUTOGRAFATA,"Fin dalle prime righe, questo libro ci invita
a un gesto semplice e prezioso: fare buon uso
delle parole.
Le parole che pronunciamo, scriviamo, leggiamo
ogni giorno sono una moltitudine, ma troppo
spesso attraversano le nostre vite senza lasciare
traccia. Franco Arminio allora si inoltra nel
silenzio – quello dei paesi delle aree interne
svuotati dall’emigrazione, quello delle notti in
cui siamo soli di fronte alla nostra ossessione –
e, come un rabdomante, cerca la vena in cui
ancora scorrono parole dense di significato
e di luce. I suoi versi si offrono a tutti come
occasione per aprire il cuore alla meraviglia
e alla fratellanza, cantano l’importanza
di prestare attenzione al minuscolo per sentirci
parte dell’immenso.
Il fardello della famiglia in cui siamo nati,
la fatica di amare e lasciarsi amare, l’angoscioso
orizzonte della morte che sembra chiudersi
davanti a ogni pensiero – tutto viene riscattato
dal potere della gratitudine, che illumina
i doni nascosti in ogni singolo giorno. A queste
pagine Arminio consegna il frutto di anni di
ascolto di se stesso e del mondo, la summa di ciò
che ha imparato nel suo cammino attraverso città
e paesi: la parola poetica dispiega la sua forza
trasformativa, da esperienza intima si fa
comunitaria e ci chiede di essere pronunciata
come sfida all’indifferenza, come forma
di resistenza, come il più salvifico dei contagi.","Default Title - €18,00",Bompiani,NARRATORI ITALIANI,Brossura con sovraccoperta,192.0,"15.0 x
    
  
    
      21.0
    
  
  cm",9788830137561.0,Franco Arminio,Franco Arminio,Franco Arminio: biografia e libri in vendita | Giunti Editore,"Scopri tutti i libri di Franco Arminio. Consulta il catalogo dell'autore, ordina online o trova una copia nella libreria più vicina a te.","Aggiungi   Sold out!                 Canti della gratitudine   Canti della gratitudine      Franco Arminio   Franco Arminio        € 18,00   € 17,10        -5%   IN OFFERTA                                         Aggiungi   Sold out!                 Busajo   Busajo      Igiaba Scego, Pietro Ichino, Franco Arminio, Alessandro Cassin, Francesca Melandri, Tommaso Maiorelli, Lucia Giubbi Montanarini, Giulia Ichino, André Benaim, Martino Montanarini, Sebastiano Nata   Igiaba Scego, Pietro Ichino, Franco Arminio, Alessandro Cassin, Francesca Melandri, Tommaso Maiorelli, Lucia Giubbi Montanarini, Giulia Ichino, André Benaim, Martino Montanarini, Sebastiano Nata        € 25,00   € 23,75        -5%   IN OFFERTA                                         Aggiungi   Sold out!                 Busajo   Busajo      Igiaba Scego, Pietro Ichino, Franco Arminio, Alessandro Cassin, Francesca Melandri, Tommaso Maiorelli, Lucia Giubbi Montanarini, Giulia Ichino, André Benaim, Martino Montanarini, Sebastiano Nata   Igiaba Scego, Pietro Ichino, Franco Arminio, Alessandro Cassin, Francesca Melandri, Tommaso Maiorelli, Lucia Giubbi Montanarini, Giulia Ichino, André Benaim, Martino Montanarini, Sebastiano Nata        € 25,00   € 23,75        -5%   IN OFFERTA                                         Aggiungi   Sold out!                 Lettera a chi non c'era   Lettera a chi non c'era      Franco Arminio   Franco Arminio        € 16,00   € 15,20        -5%   IN OFFERTA                                         Aggiungi   Sold out!                 La cura dello sguardo   La cura dello sguardo      Franco Arminio   Franco Arminio        € 16,00   € 15,20        -5%   IN OFFERTA                                         Aggiungi   Sold out!                 L'infinito senza farci caso   L'infinito senza farci caso      Franco Arminio   Franco Arminio        € 14,00   € 13,30        -5%   IN OFFERTA                                         Aggiungi   Sold out!                 Resteranno i canti   Resteranno i canti      Franco Arminio   Franco Arminio        € 15,00   € 14,25        -5%   IN OFFERTA",,,,,,,,,,,
Chiassovezzano | Piero Dorfles | Giunti Editore,Chiassovezzano,"€17,10","€18,00",Piero Dorfles,Bompiani,"€17,10","€18,00",Diminuisci quantità per Chiassovezzano::Una casa e una famiglia temeraria in tempo di guerra,Aumenta quantità per Chiassovezzano::Una casa e una famiglia temeraria in tempo di guerra,"Nella Trieste della metà del Novecento quella
dei Dörfles è una delle tante famiglie ebraiche
assimilate, intensamente partecipe della vita
culturale e civile della città. Giorgio – futuro
padre di Piero – si converte e sposa Alma,
e con lei rimane in città cercando di svolgere
il suo lavoro di avvocato. Anche Gillo, con
la moglie Lalla, continua la sua vita di viaggi
e di incontri, ma si ritira in Toscana, perché
le leggi razziali, la cui promulgazione Mussolini
sceglie di annunciare proprio a Trieste,
impediscono ai Dörfles di svolgere il loro lavoro.
Nel 1943, con l’armistizio e l’occupazione
militare tedesca, la fuga si fa inevitabile. È da
quel momento che la tenuta di Chiassovezzano,
nel comune di Lajatico, tra Pisa e Volterra,
diventa il rifugio di questa particolare famiglia.
Piero Dorfles – il cui cognome ha perso la Umlaut
durante le vicissitudini narrate nel libro –
sceglie di rievocare quei mesi terribili attraverso
il racconto della casa di Chiassovezzano, delle sue
stanze piene di storia e di storie, del suo giardino,
degli scantinati usati come rifugi antiaerei,
della pantera nera che ne è il simbolo un po’
misterioso: perché ogni cosa, in quel luogo, parla
di chi lo ha scelto e abitato. “Ma nessun eroismo,
in famiglia. Sconsideratezza, una buona dose
di incoscienza. Il termine che mi sembra più
adatto è quello di temerarietà.”","Default Title - €18,00",Bompiani,OVERLOOK,Brossura con sovraccoperta,204.0,"15.0 x
    
  
    
      21.0
    
  
  cm",9788830108226.0,Piero Dorfles,Piero Dorfles,Piero Dorfles: biografia e libri in vendita | Giunti Editore,"Scopri tutti i libri di Piero Dorfles. Consulta il catalogo dell'autore, ordina online o trova una copia nella libreria più vicina a te.","Aggiungi   Sold out!                 Il lavoro del lettore   Il lavoro del lettore      Piero Dorfles   Piero Dorfles        € 16,00   € 15,20        -5%   IN OFFERTA",Poesie d'amore,Emily Dickinson,"€7,13","€7,50",Fascismo e populismo - COPIA AUTOGRAFATA,Antonio Scurati,"€11,40","€12,00",I sorrisi non fanno rumore - COPIA AUTOGRAFATA,"€16,15","€17,00"
Le affinità elettive | Johann Wolfgang von Goethe | Giunti Editore,Le affinità elettive,"€7,13","€7,50",Johann Wolfgang von Goethe,Giunti Barbera,"€7,13","€7,50",Diminuisci quantità per Le affinità elettive,Aumenta quantità per Le affinità elettive,"Maria Tosca Finazzi introduce con 10 parole chiave il capolavoro di Goethe (1749-1832): Trasformazione, Corrispondenze, Natura, Castello, Filo rosso, Lago, Santità, Corpo, Amore, Costellazione. Secondo la docente di Lingua e letteratura tedesca a Bergamo, il libro conserva la sua sorprendente attualità, non tanto per la modernità del romanzo-saggio, per l’ambivalenza e l’indicibilità, ma per quel groviglio di istinto, libera scelta, caso e destino che così bene corrisponde al nostro tempo. Paragonato alla  Gioconda  di Leonardo per la stessa bellezza e armonia formale, lo stesso inquieto enigma che si nasconde nel profondo, tutto è in connessione in questo romanzo: alchimia e scienza, psicologia e storia, religione e superstizione.","Default Title - €7,50",Giunti Barbera,PASSEPARTOUT,Brossura,320.0,"12.5 x
    
  
    
      19.5
    
  
  cm",9788809920590.0,Johann Wolfgang von Goethe,Johann Wolfgang von Goethe,Johann Wolfgang von Goethe: biografia e libri in vendita | Giunti Editore,"Scopri tutti i libri di Johann Wolfgang von Goethe. Consulta il catalogo dell'autore, ordina online o trova una copia nella libreria più vicina a te.","Aggiungi   Sold out!                 Dalla mia vita. Poesia e verità   Dalla mia vita. Poesia e verità      Johann Wolfgang von Goethe   Johann Wolfgang von Goethe        € 60,00   € 57,00        -5%   IN OFFERTA                                         Non Disponibile   Sold out!                 Le affinità elettive   Le affinità elettive      Johann Wolfgang von Goethe   Johann Wolfgang von Goethe        € 5,90   € 5,61        -5%   IN OFFERTA                                         Non Disponibile   Sold out!                 I dolori del giovane Werther   I dolori del giovane Werther      Johann Wolfgang von Goethe   Johann Wolfgang von Goethe        € 5,90   € 5,61        -5%   IN OFFERTA                                         Aggiungi   Sold out!                 I dolori del giovane Werther   I dolori del giovane Werther      Johann Wolfgang von Goethe   Johann Wolfgang von Goethe        € 6,00   € 5,70        -5%   IN OFFERTA                                         Non Disponibile   Sold out!                 Le affinità elettive   Le affinità elettive      Johann Wolfgang von Goethe   Johann Wolfgang von Goethe        € 8,00   € 7,60        -5%   IN OFFERTA                                         Non Disponibile   Sold out!                 Le affinità elettive   Le affinità elettive      Johann Wolfgang von Goethe   Johann Wolfgang von Goethe        € 6,90   € 6,56        -5%   IN OFFERTA   OUTLET                                         Non Disponibile   Sold out!                 I dolori del giovane Werther   I dolori del giovane Werther      Johann Wolfgang von Goethe   Johann Wolfgang von Goethe        € 5,90   € 5,61        -5%   IN OFFERTA   OUTLET                                         Non Disponibile   Sold out!                 Le affinità elettive   Le affinità elettive      Johann Wolfgang von Goethe   Johann Wolfgang von Goethe        € 6,00   € 5,70        -5%   IN OFFERTA   OUTLET",,,,,,,,,,,
"Judith | Loredana Frescura, Marco Tomatis | Giunti Editore",Judith,"€13,30","€14,00","Loredana Frescura  ,   Marco Tomatis",,"€13,30","€14,00",Diminuisci quantità per Judith,Aumenta quantità per Judith,"Allo scoppio del secondo conflitto mondiale, Judith, ragazza ebrea di 14 anni, vive in un paesino della Polonia. Non si rende ben conto di ciò che sta accadendo intorno a lei, fino a quando con la sua numerosa famiglia viene rinchiusa nel ghetto. Sarà solo il primo dei tanti soprusi che dovranno subire. Un giorno, vengono tutti riuniti davanti a una grande fossa. Mentre le persone intorno cadono, lei viene colpita di striscio. Sopravvivere a quella orribile strage per Judith ha un solo significato: dovrà testimoniare al mondo ciò che è accaduto.","Default Title - €14,00",,SPINE,Brossura con bandelle,240.0,"14.0 x
    
  
    
      21.5
    
  
  cm",,,,,,"Aggiungi   Sold out!                 I perfezionatori   I perfezionatori      Loredana Frescura, Marco Tomatis   Loredana Frescura, Marco Tomatis        € 10,00   € 9,50        -5%   IN OFFERTA                                         Aggiungi   Sold out!                 Roberto e le sfidanzate   Roberto e le sfidanzate      Loredana Frescura, Marco Tomatis   Loredana Frescura, Marco Tomatis        € 9,90   € 9,41        -5%   IN OFFERTA                                         Aggiungi   Sold out!                 Glauco e Lenina   Glauco e Lenina      Loredana Frescura, Marco Tomatis   Loredana Frescura, Marco Tomatis        € 14,00   € 13,30        -5%   IN OFFERTA                                         Aggiungi   Sold out!                 Storia di Fiordaliso   Storia di Fiordaliso      Loredana Frescura, Marco Tomatis   Loredana Frescura, Marco Tomatis        € 14,00   € 13,30        -5%   IN OFFERTA                                         Aggiungi   Sold out!                 Massimo da sistemare   Massimo da sistemare      Loredana Frescura, Marco Tomatis   Loredana Frescura, Marco Tomatis        € 9,90   € 9,41        -5%   IN OFFERTA                                         Aggiungi   Sold out!                 Sarò io la tua Fortuna   Sarò io la tua Fortuna      Loredana Frescura, Marco Tomatis   Loredana Frescura, Marco Tomatis        € 14,00   € 13,30        -5%   IN OFFERTA",,,,,,,,,,,
Caro signor Germain | Albert Camus | Giunti Editore,Caro signor Germain,"€15,20","€16,00",Albert Camus,Bompiani,"€15,20","€16,00",Diminuisci quantità per Caro signor Germain,Aumenta quantità per Caro signor Germain,"Un libro pulsante di emozioni, uno
straordinario omaggio a tutti i maestri
e professori che svolgono il loro lavoro con
passione e sostengono i ragazzi che ne hanno
più bisogno. Per la prima volta raccolte in
volume le lettere inedite tra Albert Camus
e il suo insegnante Louis Germain.
Fu proprio Germain a riconoscere nel giovane
Albert, orfano di padre e proveniente da
una famiglia di umili origini, un dono unico
e una sensibilità nel guardare il mondo, fu
lui a infondergli fiducia e a consigliarlo nei
primi passi verso gli studi. Quando molti anni
dopo nel 1957 Camus ricevette il Nobel per
la letteratura, una delle lettere più toccanti
la scrisse proprio al signor Germain, per
esprimere tutta la sua gratitudine al vecchio
insegnante. Ma c’è più del ricordo affettuoso
del “figlio spirituale”, come si firma Camus,
nei confronti del mentore: c’è un sodalizio
lungo una vita tra due uomini che affrontano
dolori e gioie sapendo di poter contare l’uno
sull’altro.","Default Title - €16,00",Bompiani,PASSAGGI,Brossura con bandelle,128.0,"12.0 x
    
  
    
      18.0
    
  
  cm",9788830119123.0,Albert Camus,Albert Camus,Albert Camus: biografia e libri in vendita | Giunti Editore,"Scopri tutti i libri di Albert Camus. Consulta il catalogo dell'autore, ordina online o trova una copia nella libreria più vicina a te.","Aggiungi   Sold out!                 Saremo leggeri   Saremo leggeri      Albert Camus, Maria Casarès   Albert Camus, Maria Casarès        € 65,00   € 61,75        -5%   IN OFFERTA                                         Aggiungi   Sold out!                 La peste   La peste      Albert Camus   Albert Camus        € 14,00   € 13,30        -5%   IN OFFERTA   OUTLET                                         Aggiungi   Sold out!                 Conferenze e discorsi (1937-1958)   Conferenze e discorsi (1937-1958)      Albert Camus   Albert Camus        € 22,00   € 20,90        -5%   IN OFFERTA                                         Aggiungi   Sold out!                 Il primo uomo   Il primo uomo      Albert Camus   Albert Camus        € 14,00   € 13,30        -5%   IN OFFERTA                                         Aggiungi   Sold out!                 I demoni   I demoni      Albert Camus   Albert Camus        € 12,00   € 11,40        -5%   IN OFFERTA                                         Aggiungi   Sold out!                 L’estate e altri saggi solari   L’estate e altri saggi solari      Albert Camus   Albert Camus        € 12,00   € 11,40        -5%   IN OFFERTA                                         Aggiungi   Sold out!                 La caduta   La caduta      Albert Camus   Albert Camus        € 10,00   € 9,50        -5%   IN OFFERTA                                         Aggiungi   Sold out!                 Caligola   Caligola      Albert Camus   Albert Camus        € 11,00   € 10,45        -5%   IN OFFERTA                                         Aggiungi   Sold out!                 La morte felice   La morte felice      Albert Camus   Albert Camus        € 12,00   € 11,40        -5%   IN OFFERTA                                         Aggiungi   Sold out!                 L’esilio e il regno   L’esilio e il regno      Albert Camus   Albert Camus        € 10,00   € 9,50        -5%   IN OFFERTA                                         Aggiungi   Sold out!                 Tutto il teatro   Tutto il teatro      Albert Camus   Albert Camus        € 16,00   € 15,20        -5%   IN OFFERTA                                         Aggiungi   Sold out!                 Taccuini   Taccuini      Albert Camus   Albert Camus        € 16,00   € 15,20        -5%   IN OFFERTA                                         Aggiungi   Sold out!                 Il diritto e il rovescio   Il diritto e il rovescio      Albert Camus   Albert Camus        € 9,00   € 8,55        -5%   IN OFFERTA                                         Aggiungi   Sold out!                 Riflessioni sulla pena di morte   Riflessioni sulla pena di morte      Albert Camus   Albert Camus        € 9,00   € 8,55        -5%   IN OFFERTA                                         Aggiungi   Sold out!                 Questa lotta vi riguarda   Questa lotta vi riguarda      Albert Camus   Albert Camus        € 16,00   € 15,20        -5%   IN OFFERTA                                         Aggiungi   Sold out!                 La peste   La peste      Albert Camus   Albert Camus        € 13,00   € 12,35        -5%   IN OFFERTA                                         Aggiungi   Sold out!                 Lo straniero   Lo straniero      Albert Camus   Albert Camus        € 13,00   € 12,35        -5%   IN OFFERTA                                         Non Disponibile   Sold out!                 L’estate e altri saggi solari   L’estate e altri saggi solari      Albert Camus   Albert Camus        € 10,00   € 9,50        -5%   IN OFFERTA   OUTLET                                         Aggiungi   Sold out!                 Il mito di Sisifo   Il mito di Sisifo      Albert Camus   Albert Camus        € 12,00   € 11,40        -5%   IN OFFERTA                                         Non Disponibile   Sold out!                 Questa lotta vi riguarda. Corrispo...   Questa lotta vi riguarda. Corrispondenze per Combat 1944...      Albert Camus   Albert Camus        € 19,50   € 18,53        -5%   IN OFFERTA",Fascismo e populismo - COPIA AUTOGRAFATA,Antonio Scurati,"€11,40","€12,00",I sorrisi non fanno rumore - COPIA AUTOGRAFATA,Enrica Tesio,"€16,15","€17,00",I Libri di Jakub,"€27,55","€29,00"
,,,,,,,,,,,,,,,,,,,,,,,,,,,,,,,,,
,,,,,,,,,,,,,,,,,,,,,,,,,,,,,,,,,
La ragazza eterna | Andrea Piva | Giunti Editore,La ragazza eterna,"€18,05","€19,00",Andrea Piva,Bompiani,"€18,05","€19,00",Diminuisci quantità per La ragazza eterna,Aumenta quantità per La ragazza eterna,"Renata è una fuoriclasse, una donna che indossa
bellezza e intelligenza con la grazia di una farfalla
tropicale: per questo, forse, Boccia si è sempre
fatto una ragione che il loro amore non potesse
assumere la forma della coppia borghese, e
ha addirittura trovato il coraggio per partecipare
al matrimonio di lei con un altro. Ma un giorno
Renata suona alla porta del suo appartamento
nel centro di Bari e gli rivela di aver ricevuto una
diagnosi che non lascia speranza; il suo ritorno
è una richiesta di aiuto.
Secondo il suo stile imprevedibile, però, Renata
sceglie la via della rimozione tuffandosi nella
variopinta vita mondana barese, e tocca a Boccia
– che è psichiatra e ha un alto sentimento della
sua missione – fare i conti con l’ombra del male
che li ha lambiti. È così che, insieme a un collega,
comincia a pensare alla possibilità di sperimentare
proprio con Renata una terapia illegale per
la legge italiana ma della cui efficacia è molto
convinto: quella psichedelica, che la comunità
scientifica sta riscoprendo nelle sue potenzialità
di cura della depressione, delle dipendenze
e delle angosce più profonde tramite sostanze
come la psilocibina, l’ayahuasca, l’lsd.
Questo romanzo è un viaggio dentro la psiche
umana, le sue sofferenze ma anche le sue
possibilità di apertura, condivisione, generazione
di nuovi universi. È un romanzo sociale che,
nel raccontare la desacralizzazione della vita
contemporanea, mette in scena la nostra commedia
umana con irresistibile umorismo. Ed è una
grande storia d’amore: quello di Boccia e Renata
ma anche quello che ciascuno di noi può
riscoprire per sé stesso e per i propri fantasmi,
decidendo di aprirsi a un nuovo sentimento
del tempo e dell’identità. Gli antichi greci
intraprendevano il viaggio a Eleusi per essere
iniziati ai misteri di Demetra, Persefone e Ade:
i protagonisti di Andrea Piva portano fino a noi
le ultime schegge della luminosa forza sprigionata
da quei riti di morte e di rinascita.","Default Title - €19,00",Bompiani,NARRATORI ITALIANI,Brossura con sovraccoperta,360.0,"15.0 x
    
  
    
      21.0
    
  
  cm",9788830107793.0,,,,,"Aggiungi   Sold out!                 L'animale notturno   L'animale notturno      Andrea Piva   Andrea Piva        € 13,00   € 12,35        -5%   IN OFFERTA                                         Non Disponibile   Sold out!                 L'animale notturno   L'animale notturno      Andrea Piva   Andrea Piva        € 16,00   € 15,20        -5%   IN OFFERTA",Fascismo e populismo - COPIA AUTOGRAFATA,Antonio Scurati,"€11,40","€12,00",I sorrisi non fanno rumore - COPIA AUTOGRAFATA,Enrica Tesio,"€16,15","€17,00",I Libri di Jakub,"€27,55","€29,00"
"Il vino è rosa | Giulia Cataldi Madonna, Luigi Cataldi Madonna | Giunti Editore",Il vino è rosa,"€23,75","€25,00","Giulia Cataldi Madonna  ,   Luigi Cataldi Madonna",Topic Edizioni,"€23,75","€25,00",Diminuisci quantità per Il vino è rosa,Aumenta quantità per Il vino è rosa,"Il vino rosa viene, non di rado, considerato un vino di seconda fascia rispetto al bianco e al rosso. Ma è sempre stato così? La storia della tecnica e dell’arte ci vengono in aiuto per definire il ruolo di questo vino, protagonista nel passato ma poco conosciuto nel presente. In queste pagine, con una visione storica e filosofica, gli autori ci accompagnano in un affascinante viaggio nel corso dei secoli, per scoprire l’evoluzione di un vino dal passato nobile e che oggi è pronto a vivere una rinascita.","Default Title - €25,00",Topic Edizioni,PROGETTI SPECIALI,Brossura con sovraccoperta,208.0,"15.0 x
    
  
    
      21.0
    
  
  cm",9791281608023.0,Giulia Cataldi Madonna,Giulia Cataldi Madonna,Giulia Cataldi Madonna: biografia e libri in vendita | Giunti Editore,"Scopri tutti i libri di Giulia Cataldi Madonna. Consulta il catalogo dell'autore, ordina online o trova una copia nella libreria più vicina a te.",,Liberati dai pensieri ossessivi e dalle compulsioni,Klaus Bernhardt,"€16,06","€16,90",Caro signor Germain,Albert Camus,"€15,20","€16,00",Spidey Il primo libro pop-up,"€12,26","€12,90"
Paesaggi e personaggi | Gillo Dorfles | Giunti Editore,Paesaggi e personaggi,"€14,25","€15,00",Gillo Dorfles,Bompiani,"€14,25","€15,00",Diminuisci quantità per Paesaggi e personaggi,Aumenta quantità per Paesaggi e personaggi,"Un’antologia di appunti e ricordi. I viaggi di Gillo Dorfles raccolti
capitolo dopo capitolo come un diario ordinato per città e paesi
frequentati. Dorfles racconta la sua storia dalla nascita a Trieste
allo sfollamento in Toscana fino alla scelta di Milano come città
elettiva perché la “più attiva d’Italia”. L’autore narra con semplicità
e senza indulgere nei personalismi numerosi passaggi storici
del Novecento, come la fondazione di Brasilia nel 1960, o spaccati
di vita quotidiana, come la sua visita ad Harlem, quando i neri
avevano fontanelle pubbliche diverse dai bianchi. Ogni pagina
esprime amore per culture lontane come quella russa e giapponese
o visite lampo in piccoli paesi vicini e remoti. Attraverso numerosi
racconti inediti che percorrono per intero tutto il Secolo breve,
Gillo Dorfles narra le sue frequentazioni e le amicizie con uomini
come Toscanini e Montale e donne come Leonor Fini. Un libro
prezioso, che più di tanti trattati o testi accademici restituisce
l’immagine vivida e potente di un uomo dalle molteplici esperienze.","Default Title - €15,00",Bompiani,TASCABILI VARIA,Brossura,320.0,"13.0 x
    
  
    
      19.8
    
  
  cm",9788830108530.0,Gillo Dorfles,Gillo Dorfles,Gillo Dorfles: biografia e libri in vendita | Giunti Editore,"Scopri tutti i libri di Gillo Dorfles. Consulta il catalogo dell'autore, ordina online o trova una copia nella libreria più vicina a te.","Aggiungi   Sold out!                 Il Kitsch   Il Kitsch      Gillo Dorfles   Gillo Dorfles        € 48,00   € 45,60        -5%   IN OFFERTA                                         Aggiungi   Sold out!                 Estetica dovunque   Estetica dovunque      Gillo Dorfles   Gillo Dorfles        € 24,00   € 22,80        -5%   IN OFFERTA                                         Aggiungi   Sold out!                 Abbecedario   Abbecedario      Gillo Dorfles   Gillo Dorfles        € 14,00   € 13,30        -5%   IN OFFERTA                                         Non Disponibile   Sold out!                 Paesaggi e personaggi   Paesaggi e personaggi      Gillo Dorfles   Gillo Dorfles        € 15,00   € 14,25        -5%   IN OFFERTA                                         Aggiungi   Sold out!                 Estetica senza dialettica. Scritti...   Estetica senza dialettica. Scritti dal 1933 al 2014      Gillo Dorfles   Gillo Dorfles        € 70,00   € 66,50        -5%   IN OFFERTA",Fascismo e populismo - COPIA AUTOGRAFATA,Antonio Scurati,"€11,40","€12,00",I sorrisi non fanno rumore - COPIA AUTOGRAFATA,Enrica Tesio,"€16,15","€17,00",I Libri di Jakub,"€27,55","€29,00"
La mia prima antologia di racconti | Anna Casalis | Giunti Editore,La mia prima antologia di racconti,,,Anna Casalis,DAMI EDITORE,,,Diminuisci quantità per La mia prima antologia di racconti::per imparare a leggere e scrivere in stampatello maiuscolo,Aumenta quantità per La mia prima antologia di racconti::per imparare a leggere e scrivere in stampatello maiuscolo,"Un libro in stampatello maiuscolo che ha l’obiettivo di favorire l’arricchimento lessicale e la letto-scrittura dei bambini, attraverso attività piacevoli e motivanti. Nella pagina di sinistra sono presenti un breve racconto e un’attività con gli stickers, mentre nella pagina di destra i bambini saranno invitati a ricreare attivamente un vocabolario figurato scrivendo le parole della storia in corrispondenza delle immagini di riferimento.",,DAMI EDITORE,LEGGO E SCRIVO IO,Brossura,48.0,"23.0 x
    
  
    
      29.0
    
  
  cm",,Anna Casalis,Anna Casalis,Anna Casalis: biografia e libri in vendita | Giunti Editore,"Scopri tutti i libri di Anna Casalis. Consulta il catalogo dell'autore, ordina online o trova una copia nella libreria più vicina a te.",,Le avventure di Pinocchio. Edizione Anniversario 1883-2023,Carlo Collodi,"€26,60","€28,00",W.I.T.C.H. Il Reboot - Il cuore dell'amicizia,Walt Disney,"€9,41","€9,90",L'incredibile storia della bambina nata come un fiore,"€13,30","€14,00"
"Io, Filippo e l'albero di ciliegie | Paola Peretti | Giunti Editore","Io, Filippo e l'albero di ciliegie","€15,20","€16,00",Paola Peretti,,"€15,20","€16,00","Diminuisci quantità per Io, Filippo e l'albero di ciliegie","Aumenta quantità per Io, Filippo e l'albero di ciliegie","Il commovente seguito de  La distanza tra me e il ciliegio  : Mafalda ha tredici anni ed è cieca da quando ne aveva dieci. Ha un migliore amico, Filippo, e un gatto fedele che l'accompagna ovunque, Ottimo Turcaret. Nonostante cerchi sempre il lato positivo, stavolta è preoccupata per suo papà, che ha perso il lavoro ed è ora in preda alla depressione. E poi... poi quell'orrenda
compagna di scuola, Debbie, ora sembra interessata a Filippo. Lui, che le è amico da anni, potrebbe
essere la persona di cui Mafalda si sta innamorando? Nella sua vita entrano due nuovi adulti: Elsa, una giovane senzatetto, e il signor Nino, l'anziano vicino del piano di sopra, con un pessimo carattere, e una grande passione per Charles Dickens. A poco a poco, Mafalda apprende le loro storie e come anche le loro vite sono state plasmate da scelte coraggiose e difficili.","Default Title - €16,00",,BIBLIOTECA JUNIOR,Cartonato con sovraccoperta,144.0,"14.0 x
    
  
    
      21.5
    
  
  cm",,Paola Peretti,Paola Peretti,Paola Peretti: biografia e libri in vendita | Giunti Editore,"Scopri tutti i libri di Paola Peretti. Consulta il catalogo dell'autore, ordina online o trova una copia nella libreria più vicina a te.","Aggiungi   Sold out!                 La distanza tra me e il ciliegio   La distanza tra me e il ciliegio      Paola Peretti   Paola Peretti        € 16,00   € 15,20        -5%   IN OFFERTA",,,,,,,,,,,
Il libro pop-up della natura | Sylvie Baussier | Giunti Editore,Il libro pop-up della natura,"€21,76","€22,90",Sylvie Baussier,Editoriale Scienza,"€21,76","€22,90",Diminuisci quantità per Il libro pop-up della natura,Aumenta quantità per Il libro pop-up della natura,"Che cos’è un ecosistema? Quante specie esistono sulla Terra? Perché l’acqua
dei fiumi scorre? Come respirano i pesci? C’è vita sottoterra? Le montagne
invecchiano? Scopri com’è fatta una foresta di mangrovie, come vivono gli
animali nella savana, quali specie abitano la barriera corallina e le profondità
dell’oceano. Alla fine del libro troverai un capitolo dedicato alle invenzioni che
gli esseri umani hanno realizzato ispirandosi dalla natura e un quiz per mettere
alla prova quello che hai imparato!","Default Title - €22,90",Editoriale Scienza,POP-UP & CO.,Cartonato,32.0,"23.0 x
    
  
    
      23.0
    
  
  cm",,,,,,"Aggiungi   Sold out!                 Il libro pop-up dello Spazio   Il libro pop-up dello Spazio      Sylvie Baussier, Michel Viso   Sylvie Baussier, Michel Viso        € 22,90   € 21,76        -5%   IN OFFERTA                                         Aggiungi   Sold out!                 Il libro pop-up dello Spazio   Il libro pop-up dello Spazio      Sylvie Baussier, Michel Viso   Sylvie Baussier, Michel Viso        € 19,90   € 18,91        -5%   IN OFFERTA                                         Aggiungi   Sold out!                 La mia prima enciclopedia dei perc...   La mia prima enciclopedia dei perché      Sylvie Baussier   Sylvie Baussier        € 14,90   € 14,16        -5%   IN OFFERTA                                         Aggiungi   Sold out!                 Il libro Pop-up dei Perché   Il libro Pop-up dei Perché      Sylvie Baussier   Sylvie Baussier        € 19,90   € 18,91        -5%   IN OFFERTA                                         Non Disponibile   Sold out!                 Il libro Pop-up dei Perché   Il libro Pop-up dei Perché      Sylvie Baussier   Sylvie Baussier        € 19,90   € 18,91        -5%   IN OFFERTA   OUTLET",,,,,,,,,,,
Il mondo del gin | Anthony Gladman | Giunti Editore,Il mondo del gin,"€20,90","€22,00",Anthony Gladman,SLOW FOOD EDITORE,"€20,90","€22,00","Diminuisci quantità per Il mondo del gin::Conoscerlo, sceglierlo e imparare a degustarlo","Aumenta quantità per Il mondo del gin::Conoscerlo, sceglierlo e imparare a degustarlo","Il gin ha vissuto picchi di popolarità nella
sua storia. Originalmente concepito come
cura per le malattie più svariate, dalla
pestilenza alla malaria, ha una vicenda
lunga e complessa e non è sempre stato il
prodotto da cocktail per eccellenza che
conosciamo oggi.
L’autore Anthony Gladman, un vero
esperto, ci accompagna raccontando i suoi
usi antichi fino al rinascimento attuale,
dando fondamento al discorso attraverso la
degustazione di molte varietà di prodotto e
facendoci così conoscere le tante possibilità
del gin: un mondo da scoprire anche per chi
crede già di conoscerlo quando ordina un
gin tonic con una base alcolica un po’ più
ricercata.
Completano il volume le schede di ben
100 tra i migliori gin al mondo e la sezione
dedicata ai cocktail, per celebrare uno dei
distillati in grado di offrire un ventaglio
di sapori, profumi e sfumature tra i più
complessi","Default Title - €22,00",SLOW FOOD EDITORE,MANUALI,Brossura con bandelle,224.0,"19.3 x
    
  
    
      25.3
    
  
  cm",9788884998286.0,Anthony Gladman,Anthony Gladman,Anthony Gladman: biografia e libri in vendita | Giunti Editore,"Scopri tutti i libri di Anthony Gladman. Consulta il catalogo dell'autore, ordina online o trova una copia nella libreria più vicina a te.",,Le strade del vino di Francia,"Adrien Grant Smith Bianchi, Charlie Garros, Jules Gaubert-Turpin","€33,25","€35,00",Estate,,"€23,28","€24,50",Giappone illustrato,"€23,75","€25,00"
I riti delle dee | Surabhi Guastalla | Giunti Editore,I riti delle dee,"€11,40","€12,00",Surabhi Guastalla,DE VECCHI,"€11,40","€12,00",Diminuisci quantità per I riti delle dee::Incanti e meditazioni per scoprire il tuo potere femminile,Aumenta quantità per I riti delle dee::Incanti e meditazioni per scoprire il tuo potere femminile,"Dalla Preistoria all’antico Egitto, dalla classicità
greca e romana alla mitologia celtica,
dall’India al Giappone, ogni cultura e ogni civiltà
ha venerato il potere femminile.
Questo libro affascinante, oltre a presentare
le divinità più amate assieme alle piante,
agli animali e alle pietre cui sono abbinate,
vi suggerisce meditazioni e rituali
per entrare in contatto con le Dee
e trarre dalla vostra femminilità
tutta la forza di cui avete bisogno.","Default Title - €12,00",DE VECCHI,BIBLIOTECA ESOTERICA,Brossura,160.0,"14.5 x
    
  
    
      19.5
    
  
  cm",9788841254165.0,Surabhi Guastalla,Surabhi Guastalla,Surabhi Guastalla: biografia e libri in vendita | Giunti Editore,"Scopri tutti i libri di Surabhi Guastalla. Consulta il catalogo dell'autore, ordina online o trova una copia nella libreria più vicina a te.","Aggiungi   Sold out!                 Le carte dell'Angelo Custode   Le carte dell'Angelo Custode      Surabhi Guastalla   Surabhi Guastalla        € 24,00   € 22,80        -5%   IN OFFERTA                                         Aggiungi   Sold out!                 Le carte dell'angelo custode   Le carte dell'angelo custode      Surabhi Guastalla   Surabhi Guastalla        € 10,00   € 9,50        -5%   IN OFFERTA                                         Aggiungi   Sold out!                 Le carte dell'Angelo Custode   Le carte dell'Angelo Custode      Surabhi Guastalla   Surabhi Guastalla        € 24,00   € 22,80        -5%   IN OFFERTA   OUTLET                                         Non Disponibile   Sold out!                 Le carte dell'Angelo Custode   Le carte dell'Angelo Custode      Surabhi Guastalla   Surabhi Guastalla        € 19,90   € 18,91        -5%   IN OFFERTA   OUTLET                                         Non Disponibile   Sold out!                 Il grande libro degli angeli   Il grande libro degli angeli      Philippe Olivier, Aurelio Penna, Surabhi Guastalla   Philippe Olivier, Aurelio Penna, Surabhi Guastalla        € 4,90   € 4,66        -5%   IN OFFERTA   OUTLET",Tarocchi magici dei gatti,"Catherine Davidson, Thiago Corrêa","€24,70","€26,00",I poteri magici del gatto,Fabio Nocentini,"€11,40","€12,00",Il potere della strega,"€20,90","€22,00"
Nella tua pelle - COPIA AUTOGRAFATA | Chiara Carminati | Giunti Editore,Nella tua pelle - COPIA AUTOGRAFATA,"€15,20","€16,00",Chiara Carminati,Bompiani,"€15,20","€16,00",Diminuisci quantità per Nella tua pelle - COPIA AUTOGRAFATA,Aumenta quantità per Nella tua pelle - COPIA AUTOGRAFATA,"Giovanna, Caterina e Vittorio si conoscono
e crescono insieme nell’Istituto per i figli della guerra
di Portogruaro: sono bambini orfani ma non orfani,
separati dalle madri, ignorati dai padri naturali
e respinti da quelli putativi, accolti da un pugno
di religiosi illuminati che cercano di dar loro una
famiglia. Poi le loro strade si dividono: Giovanna
viene adottata da una ricca coppia di Padova
che la vuole signorina perbene e le cambia il nome;
Vittorio l’avventuroso non esita a fuggire ma
desidera ardentemente farsi catturare da qualcuno
che gli voglia bene per quello che è; Caterina
non lo sa ma può contare sulla forza di un legame
che la tiene e la guida, un filo teso, una nuova
possibilità.
Ancora una volta Chiara Carminati racconta storie
dentro la Storia: le vicende di questo romanzo
sono ispirate ai fascicoli e ai documenti custoditi
in un vecchio armadio di legno dell’Istituto
San Filippo Neri di Portogruaro, un luogo unico
in Europa, in cui venivano accolti i cosiddetti
figli della guerra. Una materia viva, dolente ma
soprattutto viva, con adulti a volte ostili a volte
complici, anche loro vittime degli eventi e dello
spirito del tempo.","Default Title - €16,00",Bompiani,NARRATORI ITALIANI,Brossura con bandelle,192.0,"15.0 x
    
  
    
      21.0
    
  
  cm",9788830137578.0,Chiara Carminati,Chiara Carminati,Chiara Carminati: biografia e libri in vendita | Giunti Editore,"Scopri tutti i libri di Chiara Carminati. Consulta il catalogo dell'autore, ordina online o trova una copia nella libreria più vicina a te.","Aggiungi   Sold out!                 Nella tua pelle   Nella tua pelle      Chiara Carminati   Chiara Carminati        € 16,00   € 15,20        -5%   IN OFFERTA   NEWS                                         Aggiungi   Sold out!                 Fuori Fuoco   Fuori Fuoco      Chiara Carminati   Chiara Carminati        € 10,00   € 9,50        -5%   IN OFFERTA                                         Aggiungi   Sold out!                 Viaggia verso   Viaggia verso      Chiara Carminati   Chiara Carminati        € 10,00   € 9,50        -5%   IN OFFERTA                                         Aggiungi   Sold out!                 Piccolo verde   Piccolo verde      Chiara Carminati, Massimiliano Tappari   Chiara Carminati, Massimiliano Tappari        € 11,00   € 10,45        -5%   IN OFFERTA                                         Aggiungi   Sold out!                 Un pinguino a Trieste   Un pinguino a Trieste      Chiara Carminati   Chiara Carminati        € 13,00   € 12,35        -5%   IN OFFERTA                                         Aggiungi   Sold out!                 Il mare in una rima + CD   Il mare in una rima + CD      Chiara Carminati   Chiara Carminati        € 15,00   € 14,25        -5%   IN OFFERTA                                         Aggiungi   Sold out!                 Viaggia verso   Viaggia verso      Chiara Carminati   Chiara Carminati        € 12,00   € 11,40        -5%   IN OFFERTA                                         Aggiungi   Sold out!                 La signora degli abissi   La signora degli abissi      Chiara Carminati   Chiara Carminati        € 13,90   € 13,21        -5%   IN OFFERTA                                         Aggiungi   Sold out!                 Fuori fuoco   Fuori fuoco      Chiara Carminati   Chiara Carminati        € 12,00   € 11,40        -5%   IN OFFERTA",,,,,,,,,,,
Il volo di Sara | Lorenza Farina | Giunti Editore,Il volo di Sara,"€14,16","€14,90",Lorenza Farina,FATATRAC,"€14,16","€14,90",Diminuisci quantità per Il volo di Sara,Aumenta quantità per Il volo di Sara,"L'incontro lieve tra una bambina e un pettirosso è il tema di questo straordinario testo di Lorenza Farina. Se aggiungiamo il contesto storico in cui si inquadra, un campo di concentramento durante la Seconda Guerra Mondiale, e le immagini di una delle illustratrici più intense del panorama italiano, Sonia Possentini, ne esce un insieme di potenza e lirismo unici.   Il piccolo pettirosso deciderà di portare con sé questa nuova amica dal nastro azzurro tra i capelli, perché la Shoah e i campi di concentramento sono cosa troppo crudele per una bambina.","Default Title - €14,90",FATATRAC,GRANDI ALBI,Altro,32.0,"24.5 x
    
  
    
      32.5
    
  
  cm",,Lorenza Farina,Lorenza Farina,Lorenza Farina: biografia e libri in vendita | Giunti Editore,"Scopri tutti i libri di Lorenza Farina. Consulta il catalogo dell'autore, ordina online o trova una copia nella libreria più vicina a te.","Non Disponibile   Sold out!                 Il volo di Sara   Il volo di Sara      Lorenza Farina   Lorenza Farina        € 14,90   € 14,16        -5%   IN OFFERTA   OUTLET                                         Non Disponibile   Sold out!                 Il volo di Sara   Il volo di Sara      Lorenza Farina   Lorenza Farina        € 14,90   € 14,16        -5%   IN OFFERTA   OUTLET                                         Non Disponibile   Sold out!                 Il volo di Sara   Il volo di Sara      Lorenza Farina   Lorenza Farina        € 14,90   € 14,16        -5%   IN OFFERTA   OUTLET                                         Non Disponibile   Sold out!                 Il volo di Sara   Il volo di Sara      Lorenza Farina   Lorenza Farina        € 14,90   € 14,16        -5%   IN OFFERTA   OUTLET                                         Non Disponibile   Sold out!                 Il volo di Sara   Il volo di Sara      Lorenza Farina   Lorenza Farina        € 14,90   € 14,16        -5%   IN OFFERTA   OUTLET                                         Non Disponibile   Sold out!                 Il volo di Sara   Il volo di Sara      Lorenza Farina   Lorenza Farina        € 14,90   € 14,16        -5%   IN OFFERTA   OUTLET                                         Non Disponibile   Sold out!                 Il volo di Sara   Il volo di Sara      Lorenza Farina   Lorenza Farina        € 14,90   € 14,16        -5%   IN OFFERTA   OUTLET                                         Non Disponibile   Sold out!                 Il volo di Sara   Il volo di Sara      Lorenza Farina   Lorenza Farina        € 14,90   € 14,16        -5%   IN OFFERTA   OUTLET                                         Non Disponibile   Sold out!                 Il volo di Sara   Il volo di Sara      Lorenza Farina   Lorenza Farina        € 14,90   € 14,16        -5%   IN OFFERTA   OUTLET                                         Non Disponibile   Sold out!                 Il volo di Sara   Il volo di Sara      Lorenza Farina   Lorenza Farina        € 14,90   € 14,16        -5%   IN OFFERTA   OUTLET",Le avventure di Pinocchio. Edizione Anniversario 1883-2023,Carlo Collodi,"€26,60","€28,00",W.I.T.C.H. Il Reboot - Il cuore dell'amicizia,Walt Disney,"€9,41","€9,90",L'incredibile storia della bambina nata come un fiore,"€13,30","€14,00"
Lettere a una fanciulla che non risponde | Davide Orecchio | Giunti Editore,Lettere a una fanciulla che non risponde,"€17,10","€18,00",Davide Orecchio,Bompiani,"€17,10","€18,00",Diminuisci quantità per Lettere a una fanciulla che non risponde,Aumenta quantità per Lettere a una fanciulla che non risponde,"Sarà ancora possibile amare in un mondo
dove tutto ormai è governato da algoritmi?
Avrà ancora senso farlo quando la nostra stessa
memoria non risiederà più dentro di noi ma sarà
affidata a meccanismi che ci trascendono?
La domanda (e forse la risposta) affiora dalle
lettere di LB, il protagonista di questo romanzo,
un robot d’amore più umano di un essere umano,
capace di provare un sentimento inestinguibile
per Livia, la donna che lo ha abbandonato
e che ora riceve le sue parole affidate ad antichi
strumenti: la penna, l’inchiostro e la carta. LB è,
anche, una nuova Sherazade: cerca storie o le
inventa per Livia, così da mantenere in vita il loro
legame; le scrive dal proprio esilio, mentre viaggia
nella solitudine abissale di un mondo apocalittico
e dimentico del valore di simboli e parole.
Davide Orecchio intreccia un epistolario d’amore
nell’era delle intelligenze artificiali, ambientato
in un tempo inquietante e vividamente prossimo
al nostro, solcato da personaggi che sono
grottesche o commoventi epifanie dei nostri
stessi limiti. LB, eroe tragico e ultramoderno,
affida la sua ricerca di una salvezza possibile
a una scrittura esatta ed evocativa, che sprigiona
la sua potenza anche all’epoca del trionfo dei
byte: come scrivere lettere lascia una traccia
anche se colei che le riceve non risponde, così
l’amore è il nostro baluardo per rimanere umani.","Default Title - €18,00",Bompiani,NARRATORI ITALIANI,Brossura con sovraccoperta,216.0,"15.0 x
    
  
    
      21.0
    
  
  cm",9788830107168.0,,,,,"Aggiungi   Sold out!                 Storia aperta   Storia aperta      Davide Orecchio   Davide Orecchio        € 22,00   € 20,90        -5%   IN OFFERTA",Fascismo e populismo - COPIA AUTOGRAFATA,Antonio Scurati,"€11,40","€12,00",I sorrisi non fanno rumore - COPIA AUTOGRAFATA,Enrica Tesio,"€16,15","€17,00",I Libri di Jakub,"€27,55","€29,00"
Hagakure. Il codice segreto dei Samurai | Yamamoto Tsunetomo | Giunti Editore,Hagakure. Il codice segreto dei Samurai,"€7,13","€7,50",Yamamoto Tsunetomo,Giunti Barbera,"€7,13","€7,50",Diminuisci quantità per Hagakure. Il codice segreto dei Samurai,Aumenta quantità per Hagakure. Il codice segreto dei Samurai,"Nunzia Castravelli, docente di lingua e letteratura giapponese a Napoli, traduce e introduce con 10 parole chiave i primi due libri (integrali) di uno dei testi più rappresentativi e profondi della saggezza giapponese: Bushido, Tokugawa, Morte, Seppuku, Kamikaze, Lealtà, Coraggio, Autodisciplina, Onore, Vuoto. Scritto da Yamamoto Tsunetomo (1659-1719), samurai del clan di Saga che abbracciò la vita ascetica, fu pubblicato solo nel 1906. Nel suo eremo “nascosto tra le foglie” dettò questi pensieri al discepolo Tashiro Tsuramoto. Malgrado utilizzato dai piloti-suicidi giapponesi nella seconda guerra mondiale, il libro è un manifesto di “impareggiabile moralità, energetico e rasserenante”, secondo il grande scrittore Yukio Mishima. Un libro che riscuote da sempre un grande successo nella cultura pop e manga delle giovani generazioni.","Default Title - €7,50",Giunti Barbera,PASSEPARTOUT,Brossura,240.0,"12.5 x
    
  
    
      19.5
    
  
  cm",9788809973145.0,Yamamoto Tsunetomo,Yamamoto Tsunetomo,Yamamoto Tsunetomo: biografia e libri in vendita | Giunti Editore,"Scopri tutti i libri di Yamamoto Tsunetomo. Consulta il catalogo dell'autore, ordina online o trova una copia nella libreria più vicina a te.","Aggiungi   Sold out!                 Hagakure   Hagakure      Yamamoto Tsunetomo   Yamamoto Tsunetomo        € 22,00   € 20,90        -5%   IN OFFERTA",Le affinità elettive,Johann Wolfgang von Goethe,"€7,13","€7,50",Metamorfosi - Lettera al padre,Franz Kafka,,,Poesie d'amore,,
"J.R.R. Tolkien. Artista e illustratore | Christina Scull, Wayne G. Hammond | Giunti Editore",J.R.R. Tolkien. Artista e illustratore,"€33,25","€35,00","Christina Scull  ,   Wayne G. Hammond",Bompiani,"€33,25","€35,00",Diminuisci quantità per J.R.R. Tolkien. Artista e illustratore,Aumenta quantità per J.R.R. Tolkien. Artista e illustratore,"J.R.R. Tolkien ha espresso il suo talento artistico
più grande con le parole, ma si è cimentato
anche con le immagini. Per lui infatti parole
e immagini erano strettamente legate, e dai
dipinti come dai disegni emerge tutta la sua
forza mitopoietica: paesaggi, città, creature
fantastiche, sotto i nostri occhi sfila di tutto,
in alcuni casi per la prima volta. Se infatti i suoi
libri sono stati letti da milioni di persone, alcune
espressioni della sua arte sono poco note:
accanto alle illustrazioni ormai iconiche
legate allo  Hobbit  e al  Signore degli Anelli  ,
i curatori hanno raccolto qui anche le immagini
che Tolkien ha realizzato per i suoi figli
(in particolare per le  Lettere da Babbo Natale  e  Mr. Bliss  ), esempi della sua calligrafia
espressiva e i suoi contributi alla tipografia
e al design dei suoi libri.","Default Title - €35,00",Bompiani,ILLUSTRATI,Cartonato,208.0,"28.0 x
    
  
    
      22.0
    
  
  cm",9788830119512.0,Christina Scull,Christina Scull,Christina Scull: biografia e libri in vendita | Giunti Editore,"Scopri tutti i libri di Christina Scull. Consulta il catalogo dell'autore, ordina online o trova una copia nella libreria più vicina a te.","Aggiungi   Sold out!                 L' arte dello Hobbit di J. R. R. T...   L' arte dello Hobbit di J. R. R. Tolkien      Christina Scull, Wayne G. Hammond   Christina Scull, Wayne G. Hammond        € 30,00   € 28,50        -5%   IN OFFERTA                                         Aggiungi   Sold out!                 L'arte del Signore degli Anelli di...   L'arte del Signore degli Anelli di J. R. R. Tolkien      Christina Scull, Wayne G. Hammond   Christina Scull, Wayne G. Hammond        € 40,00   € 38,00        -5%   IN OFFERTA",Fascismo e populismo - COPIA AUTOGRAFATA,Antonio Scurati,"€11,40","€12,00",I sorrisi non fanno rumore - COPIA AUTOGRAFATA,Enrica Tesio,"€16,15","€17,00",I Libri di Jakub,"€27,55","€29,00"
Com'è finita | Jay McInerney | Giunti Editore,Com'è finita,"€12,35","€13,00",Jay McInerney,Bompiani,"€12,35","€13,00",Diminuisci quantità per Com'è finita,Aumenta quantità per Com'è finita,"Accanto al familiare mondo dell’autore affollato di droghe,
celebrità e battute affilate, in questi dieci racconti il lettore
troverà un’umanità sorprendentemente varia che sembra agli
antipodi del sogno americano. Una prostituta transessuale riceve
una avance imprevista dal proprio padre; un senatore del
Congresso mette a repentaglio la sua carriera per le troppe
infedeltà coniugali; due giovani innamorati trascorrono insieme
il Natale sotto l’effetto di sostanze psicotrope molto differenti.
E poi medici tossicomani, fumatori incalliti, coppie in crisi
e uomini abbandonati dall’amante. Storie che hanno in comune
una costante: irrequieti o in lotta, insoddisfatti e comici,
i personaggi di McInerney sono colti nel momento in cui
le vecchie e rassicuranti certezze non esistono più e nessuno
di loro può dirsi sicuro del posto che occupa nel mondo.","Default Title - €13,00",Bompiani,TASCABILI NARRATIVA,Brossura,176.0,"13.0 x
    
  
    
      19.8
    
  
  cm",9788830108479.0,Jay McInerney,Jay McInerney,Jay McInerney: biografia e libri in vendita | Giunti Editore,"Scopri tutti i libri di Jay McInerney. Consulta il catalogo dell'autore, ordina online o trova una copia nella libreria più vicina a te.","Aggiungi   Sold out!                 L'ultimo scapolo   L'ultimo scapolo      Jay McInerney   Jay McInerney        € 13,00   € 12,35        -5%   IN OFFERTA                                         Aggiungi   Sold out!                 I piaceri della cantina   I piaceri della cantina      Jay McInerney   Jay McInerney        € 12,00   € 11,40        -5%   IN OFFERTA                                         Aggiungi   Sold out!                 La luce dei giorni   La luce dei giorni      Jay McInerney   Jay McInerney        € 13,00   € 12,35        -5%   IN OFFERTA                                         Aggiungi   Sold out!                 Le mille luci di New York   Le mille luci di New York      Jay McInerney   Jay McInerney        € 13,00   € 12,35        -5%   IN OFFERTA                                         Aggiungi   Sold out!                 Good life   Good life      Jay McInerney   Jay McInerney        € 13,00   € 12,35        -5%   IN OFFERTA                                         Non Disponibile   Sold out!                 La luce dei giorni   La luce dei giorni      Jay McInerney   Jay McInerney        € 20,00   € 19,00        -5%   IN OFFERTA   OUTLET                                         Non Disponibile   Sold out!                 I piaceri della cantina   I piaceri della cantina      Jay McInerney   Jay McInerney        € 18,50   € 17,58        -5%   IN OFFERTA                                         Non Disponibile   Sold out!                 Com'è finita   Com'è finita      Jay McInerney   Jay McInerney        € 7,00   € 6,65        -5%   IN OFFERTA                                         Non Disponibile   Sold out!                 Professione: modella   Professione: modella      Jay McInerney   Jay McInerney        € 6,46   € 6,14        -5%   IN OFFERTA                                         Non Disponibile   Sold out!                 Nudi sull'erba   Nudi sull'erba      Jay McInerney   Jay McInerney        € 4,65   € 4,42        -5%   IN OFFERTA                                         Non Disponibile   Sold out!                 Tanto per cambiare   Tanto per cambiare      Jay McInerney   Jay McInerney        € 6,97   € 6,62        -5%   IN OFFERTA                                         Aggiungi   Sold out!                 Si spengono le luci   Si spengono le luci      Jay McInerney   Jay McInerney        € 13,00   € 12,35        -5%   IN OFFERTA                                        Non Disponibile   Sold out!                 Riscatto   Riscatto      Jay McInerney   Jay McInerney        € 6,71   € 6,37        -5%   IN OFFERTA                                         Non Disponibile   Sold out!                 L' ultimo dei Savage   L' ultimo dei Savage      Jay McInerney   Jay McInerney        € 7,23   € 6,87        -5%   IN OFFERTA",Fascismo e populismo - COPIA AUTOGRAFATA,Antonio Scurati,"€11,40","€12,00",I sorrisi non fanno rumore - COPIA AUTOGRAFATA,Enrica Tesio,"€16,15","€17,00",I Libri di Jakub,"€27,55","€29,00"
La baronessa | Anne Jacobs | Giunti Editore,La baronessa,"€17,96","€18,90",Anne Jacobs,,"€17,96","€18,90",Diminuisci quantità per La baronessa::La saga dei von Dranitz,Aumenta quantità per La baronessa::La saga dei von Dranitz,"Franziska non può credere che sia vero:
adesso che il muro di Berlino è caduto può
finalmente andare nella Germania dell’Est,
dove si trova la tenuta dei von Dranitz. Un
ritorno al passato, nella casa in cui è nata,
in cui ha conosciuto il suo primo amore, in
cui sono seppelliti i suoi antenati. E che, a
causa degli sconvolgimenti della Seconda
guerra mondiale, è stata espropriata mentre
lei e sua madre sono state costrette ad andare
via.
Ma ora che è di nuovo lì deve fare i conti
con la realtà: sono passati più di quarant’anni
e la casa padronale, oltre a essere trascurata
e fatiscente, è diventata una cooperativa
sociale di proprietà dello Stato e, come se
non bastasse, il sindaco che la gestisce non
ha la minima intenzione di restituirgliela.
Franziska è ormai anziana e vedova, la figlia
preferisce vivere in una comune e della
nipote non ha notizie, però non si scoraggia
e decide che si accamperà lì, anche a costo
di dormire all’addiaccio, fino a che non avrà
trovato il modo di riprendersela. Dopotutto
è una von Dranitz e una von Dranitz non si
arrende mai.
Tra le pareti della casa avita e i campi abbandonati
si fanno strada i ricordi, le illusioni
della gioventù e tante domande irrisolte.
Nessuno sa cosa sia veramente successo
all’uomo che doveva sposare, il maggiore
Iversen, e come sia morta sua sorella Elfriede.
Eppure la verità è più vicina di quanto
non creda…
Dai fasti degli anni ’40 all’inizio degli anni
’90, La baronessa è il primo capitolo di una
nuova appassionante saga familiare, ricca
di emozioni e colpi di scena.","Default Title - €18,90",,A,Brossura con bandelle,492.0,"14.0 x
    
  
    
      21.5
    
  
  cm",9788809888876.0,Anne Jacobs,Anne Jacobs,Anne Jacobs: biografia e libri in vendita | Giunti Editore,"Scopri tutti i libri di Anne Jacobs. Consulta il catalogo dell'autore, ordina online o trova una copia nella libreria più vicina a te.","Aggiungi   Sold out!                 La Villa delle Stoffe   La Villa delle Stoffe      Anne Jacobs   Anne Jacobs        € 13,00   € 12,35        -5%   IN OFFERTA                                         Aggiungi   Sold out!                 Appuntamento all’atelier Rosen   Appuntamento all’atelier Rosen      Anne Jacobs   Anne Jacobs        € 15,90   € 15,11        -5%   IN OFFERTA                                         Aggiungi   Sold out!                 Incontro alla Villa delle Stoffe   Incontro alla Villa delle Stoffe      Anne Jacobs   Anne Jacobs        € 16,90   € 16,06        -5%   IN OFFERTA                                         Aggiungi   Sold out!                 La Villa delle Stoffe   La Villa delle Stoffe      Anne Jacobs   Anne Jacobs        € 9,90   € 9,41        -5%   IN OFFERTA                                         Aggiungi   Sold out!                 Tempesta sulla villa delle stoffe   Tempesta sulla villa delle stoffe      Anne Jacobs   Anne Jacobs        € 9,90   € 9,41        -5%   IN OFFERTA                                         Aggiungi   Sold out!                 La ragazza dell’atelier Rosen   La ragazza dell’atelier Rosen      Anne Jacobs   Anne Jacobs        € 15,90   € 15,11        -5%   IN OFFERTA                                         Aggiungi   Sold out!                 Ritorno alla villa delle stoffe   Ritorno alla villa delle stoffe      Anne Jacobs   Anne Jacobs        € 9,90   € 9,41        -5%   IN OFFERTA                                         Aggiungi   Sold out!                 Tempesta sulla villa delle stoffe   Tempesta sulla villa delle stoffe      Anne Jacobs   Anne Jacobs        € 16,90   € 16,06        -5%   IN OFFERTA   OUTLET                                         Aggiungi   Sold out!                 L'eredità della Villa delle Stoffe   L'eredità della Villa delle Stoffe      Anne Jacobs   Anne Jacobs        € 9,90   € 9,41        -5%   IN OFFERTA                                         Aggiungi   Sold out!                 La villa dei sogni   La villa dei sogni      Martina Sahler, Anne Jacobs, Hanna Caspian, Karin Baldvinsson   Martina Sahler, Anne Jacobs, Hanna Caspian, Karin Baldvinsson        € 14,90   € 14,16        -5%   IN OFFERTA                                         Aggiungi   Sold out!                 Ritorno alla Villa delle Stoffe   Ritorno alla Villa delle Stoffe      Anne Jacobs   Anne Jacobs        € 16,90   € 16,06        -5%   IN OFFERTA                                         Aggiungi   Sold out!                 Le ragazze della Villa delle Stoffe   Le ragazze della Villa delle Stoffe      Anne Jacobs   Anne Jacobs        € 9,90   € 9,41        -5%   IN OFFERTA                                         Aggiungi   Sold out!                 L'eredità della Villa delle Stoffe   L'eredità della Villa delle Stoffe      Anne Jacobs   Anne Jacobs        € 16,90   € 16,06        -5%   IN OFFERTA                                         Aggiungi   Sold out!                 La villa delle stoffe   La villa delle stoffe      Anne Jacobs   Anne Jacobs        € 9,90   € 9,41        -5%   IN OFFERTA                                         Aggiungi   Sold out!                 Le ragazze della Villa delle Stoffe   Le ragazze della Villa delle Stoffe      Anne Jacobs   Anne Jacobs        € 16,90   € 16,06        -5%   IN OFFERTA                                         Aggiungi   Sold out!                 La Villa delle Stoffe   La Villa delle Stoffe      Anne Jacobs   Anne Jacobs        € 14,90   € 14,16        -5%   IN OFFERTA",,,,,,,,,,,
