Product Name,Brand Name,Product Name,Features
Tommy Hilfiger NEW DENTON - Cintura - black/nero - Zalando.it,Tommy Hilfiger,NEW DENTON - Cintura,black
Bonton REVERSIBLE FUR GRAND CABAS UNISEX - Shopping bag - carreau british/marrone - Zalando.it,,,
Reima VELI - Giacca invernale - thyme green/verde - Zalando.it,Reima,VELI - Giacca invernale,thyme green
The North Face NORM SHALLOW UNISEX - Berretto - black/nero - Zalando.it,The North Face,NORM SHALLOW UNISEX - Berretto,black
Nike SB FORCE 58 UNISEX - Sneakers basse - monarch/persian violet/midnight navy/light brown/marrone chiaro - Zalando.it,Nike SB,FORCE 58 UNISEX - Sneakers basse,monarch/persian violet/midnight navy/light brown
Nike Sportswear HOODIE - Felpa con cappuccio - anthracite/black/white/antracite - Zalando.it,Nike Sportswear,HOODIE - Felpa con cappuccio,anthracite/black/white
Polo Ralph Lauren COLD WEATHER - Berretto - andover hthr/grigio - Zalando.it,,,
South Beach Stivali da neve  - khaki/cachi - Zalando.it,South Beach,Stivali da neve,khaki
Pepe Jeans WINTER ROSE - Felpa - steel blue/blu - Zalando.it,Pepe Jeans,WINTER ROSE - Felpa,steel blue
Nike Sportswear HOODIE - Felpa con cappuccio - green/verde - Zalando.it,Nike Sportswear,HOODIE - Felpa con cappuccio,green
Polo Ralph Lauren COLD WEATHER HAT - Berretto - dark granite/grigio scuro - Zalando.it,,,
Monnalisa ANFIBIO CON FIOCCHI  - Scarpe primi passi - red/rosso - Zalando.it,,,
Dr. Martens 7' VEGAN SATCHEL   - Borsa a tracolla - cherry red oxford rub off/rosso - Zalando.it,Dr. Martens,7' VEGAN SATCHEL   - Borsa a tracolla,cherry red oxford rub off
,,,
Mos Mosh MARGO - Maglione - blue horizon/sabbia - Zalando.it,Mos Mosh,MARGO - Maglione,blue horizon
Name it NMFOLASNA UNISEX - Maglione - oxford tan/marrone chiaro - Zalando.it,Name it,NMFOLASNA UNISEX - Maglione,oxford tan
camano BASIC 6 PACK - Calze - black/nero - Zalando.it,camano,BASIC 6 PACK - Calze,black
Pier One Borsa a tracolla - black/nero - Zalando.it,Pier One,Borsa a tracolla,black
Dr. Martens 1460  BOOT - Stivaletti stringati - black/white/nero - Zalando.it,Dr. Martens,1460  BOOT - Stivaletti stringati,black/white
,,,
Gucci MASK - Occhiali da sole - pink/multicolor/yellow/fuxia - Zalando.it,,,
,,,
Makeup Revolution REVOLUTION AWESOME EYELINER - Eyeliner - felt & kohl/nero - Zalando.it,Makeup Revolution,REVOLUTION AWESOME EYELINER - Eyeliner,felt & kohl
Dr. Martens 1460 J Softy - Stivaletti stringati - cherry red/rosso scuro - Zalando.it,Dr. Martens,1460 J Softy - Stivaletti stringati,cherry red
camano CHILDREN 6 PACK UNISEX - Calze - orchid smoke/multicolore - Zalando.it,camano,CHILDREN 6 PACK UNISEX - Calze,orchid smoke
,,,
,,,
Reima NAAPURI - Giacca invernale - cinnamon brown/marrone - Zalando.it,Reima,NAAPURI - Giacca invernale,cinnamon brown
Tommy Jeans ALASKA PUFFER - Piumino - faded willow/oliva - Zalando.it,Tommy Jeans,ALASKA PUFFER - Piumino,faded willow
WAUW CAPOW by Bangbang Copenhagen DARK DEAN HOODIE UNISEX - Felpa - black/nero - Zalando.it,WAUW CAPOW by Bangbang Copenhagen,DARK DEAN HOODIE UNISEX - Felpa,black
"Abbigliamento, scarpe e accessori alla moda | Scoprili su Zalando",,,
Nike Sportswear DUNK UNISEX - Sneakers basse - white/black/bianco - Zalando.it,Nike Sportswear,DUNK UNISEX - Sneakers basse,white/black
Polaroid NOW GEN 2 SET - Macchina fotografica - black/white/bianco - Zalando.it,Polaroid,NOW GEN 2 SET - Macchina fotografica,black/white
Zadig & Voltaire ALL IN ONE - Tuta jumpsuit - rasberry/fuxia - Zalando.it,,,
,,,
