hotel,city,hotel,other,address,number_of_reviews,review,Recensioni con foto,other,distance_from_city_center,distance,distance,distance,airport,distance,time,available beds,price per person,hotel details,description,hotel,location
,,,,,,,,,,,,,,,,,,,,,
c-hotels Rubens | Prezzi aggiornati 2024 | Hotel | Skyscanner,Milano,c-hotels Rubens,151.0,"Via Rubens 21, Municipio 7, Milano, 20148, Italia",1.183 recensioni,"'Ho soggiornato 4 notti nella camera 411 tra il 17 ed il 21 agosto, quando ho prenotato il check in era segnalato alle ore 14 ma qualche giorno prima dell’arrivo è diventato alle ore 15, non mi è mai capitato da nessuna parte di fare un check in cosi tardi e di solito se si ha già la camera disponibile si tende a consegnare già la camera al cliente subito o comunque in un orario un po’ antecedente al check in ufficiale (in questo caso non posso sapere se fosse già pronta la mia camera ma ho avuto l’impressione che anche se lo fosse stata gli addetti erano impegnati a fare altro e che facessero tornare tutti i clienti verso le 15…). La stanza aveva un bellissimo bagno moderno con grandissima doccia a soffione (all’inizio è stato però molto difficile non tanto capire come andava regolata la temperatura ma proprio come richiudere l’acqua!), il resto del bagno era piuttosto piccolo specie riguardo lo spazio tra il wc e il bidet. Il set di cortesia in omaggio è di buona qualità ed ogni giorno tutto veniva ben rifornito. Devo purtroppo però far notare (allego foto) che ho trovato una grossa ragnatela sul soffitto che non è mai stata pulita e al mio arrivo ho anche trovato un pelo/capello nella doccia, per il resto nei giorni successivi la pulizia è sempre stata efficace anche se alcune volte a mio avviso è stata effettuata in orari fin troppo mattinieri tanto che tornando dalla colazione ho dovuto aspettare che finissero per entrare. La mia camera era carina ma con qualche segno del tempo (le tende con alcune brutte macchie per esempio) ho trovato le ciabattine in stoffa (sempre molto gradite), il bollitore (che però poi ho scoperto il penultimo giorno che non funzionava) cosi come la cassaforte (ho provato in tutti i modi la procedura che mi hanno detto alla reception ma niente da fare). Tv grande (credo sui 40 pollici lg se non ricordo male) con uscita usb  (utile se uno si porta dietro come faccio sempre una chiavetta con film ecc.) ed erano presenti in canali sky sia cinema che sport ma non purtroppo le tv locali. A parte come detto il bagno un po’ sacrificato il resto della stanza era di buonissime dimensioni (cosi come anche il frigobar) e come avevo scritto all’hotel qualche giorno prima di arrivare me ne è stata data una ai piani alti (il quarto)  e sul lato interno. Il corridoio del mio piano (il quarto) rispetto per esempio ad altri era molto afoso (probabilmente aria condizionata rotta) e appena uscivi dalla stanza se rimanevi li iniziavi quasi a sudare!, menzione altamente positiva invece per i due ascensori presenti veramente una scheggia di velocità! (super efficienti e forse i più veloci trovati negli hotel che sono stato negli ultimi anni). Chiudo la recensione con la colazione che viene effettuata al quinto piano nella bella sala delle nuvole, ogni giorno uguale ma molto buona con tanta varietà (briosche farcite, macchina per fare i pancake, yogurt,frutta…) l’unica cose che non mi sembrava il massimo… erano le torte presenti ed infatti erano poco gettonate dalla clientela… . Al momento del check out non mi è stato chiesto se fosse andato tutto bene o come mi fossi trovato… Devo dire che avevo scelto l’hotel anchè perché in molte recensioni lo danno comodo per lo stadio beh non sono proprio d’accordo…  In conclusione il mio voto finale su Google e Trip advisor sarebbe un 3.75 su 5 che arrotondo a 4. Con più attenzione alcune migliorie l’hotel potrebbe essere migliore!'",Recensioni con foto (8)     Servizio (48)     Camera (45)     Cucina (41)     Pulizia (33)     Posizione (30)     Trasporti (24)     Parcheggio (18)     Bagno (16)     Ristorante (9)     Area shopping (4)     Panorama (2)     Tranquillità (2)     Wi-Fi (1)     Servizi per viaggi d'affari (1),45.0,"2,78 km da Museo Archeologico","nel raggio di 1,26 km","nel raggio di 2,55 km","nel raggio di 13,67 km",Milano Linate,"10,89 km",11:00,"Letti extra      Gratis     Gratis   fino a 3 anni     I bambini possono utilizzare letti extra gratis.           Gratis     Gratis   fino a 7 anni     I bambini possono utilizzare letti extra gratis.                                    Letti disponibili      Gratis     Gratis   fino a 7 anni     Per ogni stanza, Un bambino può utilizzare i letti presenti gratis.           Costi     Costi   da 8 a 12 anni     Per ogni stanza, Un bambino può utilizzare i letti presenti a un costo aggiuntivo di EUR 15.",€ 15 a persona,"In risposta al Coronavirus (COVID-19) questa struttura ha adottato misure extra di sicurezza e igiene. A causa del Coronavirus (COVID-19) questa struttura sta adottando misure per proteggere la salute degli ospiti e dello staff. Pertanto, alcuni servizi potrebbero essere ridotti o non disponibili, così come le dotazioni. La palestra è aperta dalle 07:00 alle 23:00. Le famiglie con 2 bambini saranno tenute a pagare l'importo di 1 letto supplementare per il 2° bambino, indipendentemente dall'età.","Situato a 100 metri dalla stazione della metropolitana Gambara, con collegamenti al centro storico di Milano e a Piazza Duomo, l'Hotel Rubens offre un centro fitness, un elegante wine bar e un ristorante all'ultimo piano con giardino pensile.",,Milano         Municipio 7
Hotel Plebiscito Aparthotel | Prezzi aggiornati 2024 | Hotel | Skyscanner,Napoli,Hotel Plebiscito Aparthotel,148.0,"Via Chiaia, 79, San Ferdinando, Napoli, 80121, Italia",402 recensioni,"'Il personale super gentile ci hanno spiegato tutto alla perfezione , posto pulito e accogliente ,qualità e prezzo viaggiano a pari passo, il posto si trova in centro trovi tutti i servizi, esperienza bellissima ci tornerò sicuramente.'",Recensioni con foto (2)     Camera (23)     Posizione (21)     Servizio (20)     Pulizia (9)     Bagno (8)     Area shopping (5)     Cucina (5)     Tranquillità (5)     Ristorante (3)     Panorama (2)     Trasporti (2)     Famiglia (2)     Parcheggio (1),11.0,"0,87 km da Castel dell'Ovo","nel raggio di 0,18 km","nel raggio di 2,28 km","nel raggio di 6,55 km",Napoli International,"6,55 km",11:00,"Letti extra      Gratis     Gratis   fino a 5 anni     I bambini possono utilizzare letti extra gratis.           Costi     Costi   fino a 17 anni     I bambini possono utilizzare letti extra a un costo aggiuntivo di EUR 15.                                    Letti disponibili      Gratis     Gratis   fino a 5 anni     Per ogni stanza, Un bambino può utilizzare i letti presenti gratis.           Costi     Costi   da 6 a 10 anni     Per ogni stanza, Un bambino può utilizzare i letti presenti a un costo aggiuntivo di EUR 10.","Se hai bisogno di informazioni sui prezzi, contatta l’hotel","In risposta al Coronavirus (COVID-19) questa struttura ha adottato misure extra di sicurezza e igiene. I servizi di ristorazione e somministrazione di bevande in questa struttura potrebbero essere limitati o sospesi a causa del Coronavirus (COVID-19). A causa del Coronavirus (COVID-19) questa struttura sta adottando misure per proteggere la salute degli ospiti e dello staff. Pertanto, alcuni servizi potrebbero essere ridotti o non disponibili, così come le dotazioni. Siete pregati di comunicare in anticipo a Hotel Plebiscito Aparthotel l'orario in cui prevedete di arrivare. Potrete inserire questa informazione nella sezione Richieste Speciali al momento della prenotazione, o contattare la struttura utilizzando i recapiti riportati nella conferma della prenotazione. A causa del Coronavirus (COVID-19) è obbligatorio indossare la mascherina in tutte le aree comuni interne. Non è possibile soggiornare presso questa struttura a scopo di quarantena per Coronavirus (COVID-19). La struttura si trova in una zona a traffico limitato. Le prenotazioni di oltre 4 camere potrebbero essere soggette a condizioni differenti e a costi aggiuntivi. Le camere non sono dotate di un bidet.","Hotel Plebiscito Aparthotel si trova nel centro di Napoli, a 4 minuti a piedi da Palazzo Reale e 5 minuti da Teatro San Carlo.

Questo hotel si trova a 0,9 km da Galleria Umberto e 1,3 km da Piazza del Plebiscito.
Avrai a disposizione utili servizi come il Wi-Fi gratuito, servizi di concierge e un servizio babysitter a pagamento.
Presso questo hotel è disponibile il servizio in camera con orario limitato.

Concludi la giornata in bellezza con il tuo drink preferito! Presso questa struttura troverai un bar/lounge davvero fantastico.

La colazione continentale è disponibile a pagamento tutti i giorni dalle ore 08:00 alle ore 11:00.
Potrai usufruire di personale poliglotta, deposito bagagli e ascensore.
Rilassati in una delle 14 camere con aria condizionata della struttura, complete di minibar e TV a schermo piatto.

L'Wi-Fi gratuito ti consentirà di restare connesso con il mondo. Il bagno in camera dispone di doccia, set di cortesia gratuiti e asciugacapelli.

I comfort includono telefoni, casseforti e accessori per la preparazione di caffè/tè.","Hotel Lanfipe Palace            0,67 km dall’hotel       4,0       306 recensioni      € 87   a notte                                   NAPOLITAMO HOTEL PRINCIPE            0,71 km dall’hotel       4,0       654 recensioni      € 87   a notte                                   NAPOLITAMO HOTEL MEDINA            0,84 km dall’hotel       4,0       635 recensioni      € 58   a notte                                   Golden Hotel            0,85 km dall’hotel       4,0       288 recensioni      € 116   a notte                                   Mh Design Hotel            0,22 km dall’hotel       3,5       444 recensioni      € 86   a notte                                   Hotel Il Convento            0,54 km dall’hotel       4,5       1.358 recensioni      € 74   a notte                                   Toledo Hotel            0,73 km dall’hotel       4,0       576 recensioni      € 113   a notte                                   Rex Lifestyle Hotel            0,67 km dall’hotel       4,5       1.458 recensioni      € 142   a notte                                   Hotel San Marco            0,83 km dall’hotel       4,0       50 recensioni      € 70   a notte",Napoli         San Ferdinando
Palazzo Salgar | Prezzi aggiornati 2024 | Hotel | Skyscanner,Napoli,Palazzo Salgar,166.0,"Via Nuova Marina 120, 80133, Napoli, Italia",1.363 recensioni,"'Ottimo Hotel 4 stelle, pulito e confortevole. La posizione è comoda sia per il centro storico facilmente raggiungibile a piedi sia perché è vicino alla fermata Duomo della metro personale gentile e colazione discreta.'",Recensioni con foto (9)     Cucina (74)     Servizio (65)     Camera (59)     Posizione (59)     Pulizia (45)     Trasporti (21)     Bagno (20)     Ristorante (14)     Parcheggio (11)     Tranquillità (10)     Panorama (6)     Wi-Fi (5)     Area shopping (3)     Spa (1)     Palestra (1),55.0,"1,20 km da Naples Central Train Station","nel raggio di 0,93 km","nel raggio di 0,96 km","nel raggio di 4,77 km",Napoli International,"4,77 km",12:00,Letti extra      Gratis     Gratis   fino a 2 anni     I bambini possono utilizzare letti extra gratis.,,,"La posizione in cui si trova Palazzo Salgar di Napoli è centralissima, a solo 5 minuti di auto da Molo Beverello e Porto di Napoli.

Questo hotel a 4 stelle si trova a 2,1 km da Piazza del Plebiscito e 2,1 km da Via Toledo.
Scegli tra l'ampia gamma di servizi ricreativi disponibili, che includono una sauna e una palestra.

Questo hotel offre, inoltre, il Wi-Fi gratuito e servizi di concierge.
Scopri i deliziosi piatti del ristorante di questo hotel, che serve il pranzo e la cena oppure, se preferisci restare nel tuo alloggio, richiedi servizio in camera con orario limitato.

Dissetati con il tuo drink preferito! Presso questa struttura troverai un bar/lounge. La colazione a buffet viene servita gratuitamente tutti i giorni dalle ore 07:00 alle ore 10:00.
Potrai usufruire di un business center, quotidiani gratuiti nella hall e un pratico servizio di lavanderia e lavaggio a secco.

È possibile usufruire di una navetta da e per l'aeroporto 24 ore su 24 a pagamento.
Rilassati in una delle 85 camere della struttura, complete di minibar e TV a schermo piatto.

Grazie ad un comodo letto con copriletto in piuma e biancheria da letto di alta qualità dormirai sonni tranquilli.

L'Wi-Fi gratuito ti consente di restare connesso con il mondo, mentre la TV con canali via satellite è l'ideale per concedersi un po' di svago.

Il bagno in camera dispone di vasca o doccia, set di cortesia gratuiti e bidet.",,Napoli
Vado Al Massimo | Prezzi aggiornati 2024 | Hotel | Skyscanner,,Vado Al Massimo,49.0,"Via Gaetano Donizetti, 19, 90134, Palermo, Italia",205 recensioni,'Posto carino e confortevole. Posizione centrale. Parcheggio gratuito ma in ZTL: dopo l'arrivo non abbiamo più spostato la macchina fino a che non ce ne siamo andati. L'host è accogliente e disponibile.',Recensioni con foto (1)     Posizione (27)     Camera (22)     Cucina (19)     Pulizia (9)     Parcheggio (7)     Bagno (6)     Famiglia (5)     Servizio (4)     Area shopping (3)     Ristorante (3)     Tranquillità (3)     Trasporti (2)     Wi-Fi (1)     Panorama (1),13.0,"1,16 km da Stazione Centrale - Pensilina Interna","nel raggio di 0,83 km","nel raggio di 1,23 km","nel raggio di 23,24 km",,"23,24 km",10:30,"Letti extra      Costi     Costi   fino a 1 anni     I bambini possono utilizzare letti extra a un costo aggiuntivo di EUR 20.           Costi     Costi   fino a 11 anni     I bambini possono utilizzare letti extra a un costo aggiuntivo di EUR 25.           Costi     Costi   a partire da 12 anni     I bambini possono utilizzare letti extra a un costo aggiuntivo di EUR 27.                                    Letti disponibili      Costi     Costi   fino a 5 anni     Per ogni stanza, Un bambino può utilizzare i letti presenti a un costo aggiuntivo di EUR 10.",€ 5 a persona,"Siete pregati di comunicare in anticipo a Vado Al Massimo l'orario in cui prevedete di arrivare. Potrete inserire questa informazione nella sezione Richieste Speciali al momento della prenotazione, o contattare la struttura utilizzando i recapiti riportati nella conferma della prenotazione. La struttura non è disponibile per feste di addio al nubilato/celibato o simili. In risposta al Coronavirus (COVID-19) questa struttura ha adottato misure extra di sicurezza e igiene. A causa del Coronavirus (COVID-19) questa struttura sta adottando misure per proteggere la salute degli ospiti e dello staff. Pertanto, alcuni servizi potrebbero essere ridotti o non disponibili, così come le dotazioni. A causa del Coronavirus (COVID-19) questa struttura ha ridotto gli orari di servizio e reception. Al check-in gli ospiti devono esibire un documento d'identità con foto e una carta di credito. Siete pregati di notare che le Richieste Speciali sono soggette a disponibilità, e potrebbero comportare l'addebito di un supplemento. I servizi di ristorazione e somministrazione di bevande in questa struttura potrebbero essere limitati o sospesi a causa del Coronavirus (COVID-19). Siete pregati di notare che la biancheria da letto e da bagno viene cambiata ogni 3 giorni. L'arrivo al di fuori degli orari di check-in incorre in un supplemento di 20 EUR, e tutte le richieste di arrivo tardivo sono soggette a conferma da parte della struttura.","B&B Vado al Massimo ti permetterà di alloggiare in una zona centralissima di Palermo, vicino a Via Maqueda e a 4 minuti a piedi da Teatro Massimo.

Questo bed and breakfast si trova a 4,6 km da Porto di Palermo e 10,8 km da Spiaggia di Mondello.
Le opportunità di svago non mancano: avrai a disposizione un servizio di noleggio biciclette, oltre a il Wi-Fi gratuito e servizi di concierge.
La colazione a buffet è disponibile a pagamento tutti i giorni dalle ore 08:00 alle ore 10:00.
Potrai usufruire di deposito bagagli e una cassetta di sicurezza presso la reception.

Potrai usufruire di una navetta da e per l'aeroporto su richiesta a pagamento; inoltre, in loco troverai il un parcheggio gratuito.
Rilassati in una delle 4 camere della struttura, complete di minibar e TV LCD.

L'Wi-Fi gratuito ti consentirà di restare connesso con il mondo. I bagni dispongono di doccia e asciugacapelli.

I comfort includono scrivanie, mentre un ferro/asse da stiro e culle/letti per bambini (con supplemento) sono disponibili su richiesta.","Hotel Posta            0,42 km dall’hotel       4,0       612 recensioni      € 79   a notte                                   Hotel Joli            0,71 km dall’hotel       4,0       848 recensioni      € 55   a notte                                   Hotel Del Centro            0,87 km dall’hotel       4,0       672 recensioni      € 61   a notte                                   Art Lincoln Palermo            1,16 km dall’hotel       4,0       175 recensioni      € 48   a notte                                   B&B Hotels - Hotel Palermo Quattro Canti            0,42 km dall’hotel       4,5       690 recensioni      € 47   a notte                                   Bio Hotel Palermo            0,54 km dall’hotel       4,0       154 recensioni      € 67   a notte                                   Hotel Florio Operà            0,55 km dall’hotel       4,0       162 recensioni      € 159   a notte                                   Hotel Tonic            0,58 km dall’hotel       4,0       951 recensioni      € 54   a notte                                   Hotel Elite            0,54 km dall’hotel       3,5       241 recensioni      € 59   a notte",
Hotel Morfeo Milano | Prezzi aggiornati 2024 | Hotel | Skyscanner,Milano,Hotel Morfeo Milano,215.0,"Viale Certosa 68, Municipio 8, Milano, 20155, Italia",30 recensioni,"'Hotel completamente nuovo, di fronte fermata tram 1-14 che in 20-25 minuti ti portano in centro. Camera dotata di ogni comfort, smart tv 50 pollici con pacchetto sky incluso. Letto comodissimo e bagno ampio dotato di kit cortesia, accappatoi e doccia ampia. la mia camera al quarto piano - 411 - silenziosa e con vista su city life. colazione dolce salato varia e di qualità, prodotti freschi consumati in un'atmosfera piacevole che di sera diventa anche ristorante. Da ritornarci...'",Recensioni con foto (1)     Servizio (39)     Camera (38)     Cucina (34)     Pulizia (23)     Trasporti (19)     Posizione (12)     Ristorante (10)     Bagno (10)     Parcheggio (3)     Area shopping (3)     Tranquillità (3)     Servizi per viaggi d'affari (1)     Palestra (1),25.0,"2,66 km da Porta Sempione","nel raggio di 1,58 km","nel raggio di 1,88 km","nel raggio di 13,22 km",Milano Linate,"11,61 km",11:00,,€ 25 a persona,"Al check-in gli ospiti devono esibire un documento d'identità con foto e una carta di credito. Siete pregati di notare che le Richieste Speciali sono soggette a disponibilità, e potrebbero comportare l'addebito di un supplemento. Non è possibile soggiornare presso questa struttura a scopo di quarantena per Coronavirus (COVID-19). Gli ospiti di età inferiore ai 18 anni possono effettuare il check-in solo se accompagnati da un genitore o da un tutore legale. Le prenotazioni per più di 4 camere potrebbero essere soggette a condizioni differenti e costi aggiuntivi. Si prega di notare che il parcheggio è aperto dalle 07:00 alle 23:00. Al di fuori di questi orari è disponibile un garage aperto 24 ore su 24 a 300 metri dall'Hotel.","Dotato di connessione WiFi gratuita e palestra, l'Hotel Morfeo si trova a 15 minuti a piedi dal centro congressi Mi.

Co e dalla Fiera Milano City.","Hotel Raffaello            0,57 km dall’hotel       4,0       593 recensioni      € 80   a notte                                       DoubleTree by Hilton Milan            1,20 km dall’hotel       4,0       1.409 recensioni      € 136   a notte                                       Hotel Nasco            1,24 km dall’hotel       4,0       897 recensioni      € 103   a notte                                       B&B Hotel Milano Portello            1,32 km dall’hotel       4,0       862 recensioni      € 90   a notte                                       UNAHOTELS Scandinavia Milano            1,48 km dall’hotel       4,0       986 recensioni      € 139   a notte                                       City Life Hotel Poliziano            1,65 km dall’hotel       4,0       69 recensioni      € 143   a notte                                       Hotel Mirage, Sure Hotel Collection by Best Western            0,54 km dall’hotel       4,5       1.128 recensioni      € 102   a notte                                       Hotel Oro Blu            1,30 km dall’hotel       4,0       371 recensioni      € 121   a notte                                       Radisson Blu Hotel Milan            0,98 km dall’hotel       4,0       2.716 recensioni      € 150   a notte",Milano         Municipio 8
Hotel des Artistes | Prezzi aggiornati 2024 | Hotel | Skyscanner,Napoli,Hotel des Artistes,77.0,"Via Duomo, 61, 80138, Napoli, Italia",364 recensioni,"'Ottimo per chi vuole visitare il centro di Napoli.
Si trova vicino a Duomo e Spaccanapoli.
Nelle vicinanze si può  trovare parcheggio a 45 euro/notte
Zona di shopping    bar, ristoranti
20 minuti a piedi da piazza del Plebiscito e via Toledo.
Personale super gentile e disponibile 24/24 - ottima colazione'",Recensioni con foto (3)     Cucina (13)     Camera (13)     Posizione (11)     Servizio (10)     Bagno (3)     Parcheggio (2)     Area shopping (2)     Ristorante (2)     Tranquillità (2)     Trasporti (2)     Pulizia (1)     Famiglia (1),8.0,"1,44 km da Naples Central Train Station",,,,,,11:00,"Visualizza pagina tradotta                                Letti extra        Children 2 years old and under can use extra beds for free. Children can use extra beds with additional EUR 20.0 charge per person per night.         Visualizza pagina tradotta                                Letti disponibili        For each room, 1 child 5 years old and under can use existing beds for free.         Visualizza pagina tradotta",Please contact the hotel for the price.,"In risposta al Coronavirus (COVID-19) questa struttura ha adottato misure extra di sicurezza e igiene. A causa del Coronavirus (COVID-19) questa struttura sta adottando misure per proteggere la salute degli ospiti e dello staff. Pertanto, alcuni servizi potrebbero essere ridotti o non disponibili, così come le dotazioni. A causa del Coronavirus (COVID-19) è obbligatorio indossare la mascherina in tutte le aree comuni interne. Lo staff dell'hotel può comunicare nella lingua dei segni.","L'Hotel des Artistes occupa un tranquillo cortile nel centro di Napoli, a 5 minuti da una fermata della metropolitana e in prossimità della stazione ferroviaria e del Duomo di San Gennaro.",,Napoli
Leonardo Hotel Milan City Center | Prezzi aggiornati 2024 | Hotel | Skyscanner,Milano,Leonardo Hotel Milan City Center,139.0,"Via Messina 10, Municipio 8, Milano, 20154, Italia",750 recensioni,"'Centralissimo,colazione normale,più americana che italiana.Il bagno non ha la doccia ma la vasca  ,in camera c'è macchina del caffè. Lo consiglio per la centralità della posizione e per la qualità prezzo.'",Recensioni con foto (13)     Camera (59)     Servizio (49)     Posizione (42)     Cucina (31)     Trasporti (30)     Pulizia (28)     Ristorante (18)     Bagno (15)     Parcheggio (9)     Tranquillità (8)     Area shopping (3)     Wi-Fi (2)     Famiglia (2)     Servizi per viaggi d'affari (1)     Panorama (1),55.0,"2,40 km da Duomo di Milano","nel raggio di 2,05 km","nel raggio di 1,07 km","nel raggio di 11,00 km",Milano Linate,"9,17 km",12:00,"Letti extra      Gratis     Gratis   fino a 3 anni     I bambini possono utilizzare letti extra gratis.           Costi     Costi   I bambini possono utilizzare letti extra a un costo aggiuntivo di EUR 30.                                    Letti disponibili      Gratis     Gratis   fino a 5 anni     Per ogni stanza, Un bambino può utilizzare i letti presenti gratis.",€ 12 a persona,"Siete pregati di comunicare in anticipo a Leonardo Hotel Milan City Center l'orario in cui prevedete di arrivare. Potrete inserire questa informazione nella sezione Richieste Speciali al momento della prenotazione, o contattare la struttura utilizzando i recapiti riportati nella conferma della prenotazione. Al check-in gli ospiti devono esibire un documento d'identità con foto e una carta di credito. Siete pregati di notare che le Richieste Speciali sono soggette a disponibilità, e potrebbero comportare l'addebito di un supplemento. A causa del Coronavirus (COVID-19) questa struttura sta adottando misure per proteggere la salute degli ospiti e dello staff. Pertanto, alcuni servizi potrebbero essere ridotti o non disponibili, così come le dotazioni. Non è possibile soggiornare presso questa struttura a scopo di quarantena per Coronavirus (COVID-19).","Situato a 5 minuti a piedi dalla stazione della metropolitana Monumentale e a 10 minuti di auto dal centro espositivo MiCo, il Leonardo Hotel Milan City Center offre camere climatizzate con connessione WiFi gratuita, il tutto a 3 km dal polo di.

..","City Life Hotel Poliziano            0,85 km dall’hotel       4,0       69 recensioni      € 143   a notte                                       Holiday Inn Milan - Garibaldi Station, an IHG Hotel            0,91 km dall’hotel       4,0       1.379 recensioni      € 160   a notte                                       UNAHOTELS Scandinavia Milano            0,97 km dall’hotel       4,0       986 recensioni      € 139   a notte                                       AC Hotel Milano            0,67 km dall’hotel       4,0       1.271 recensioni      € 261   a notte                                       Hotel Nasco            1,28 km dall’hotel       4,0       897 recensioni      € 103   a notte                                       NH Collection Milano Touring            1,75 km dall’hotel       4,0       1.911 recensioni      € 214   a notte                                       UNAHOTELS Century Milano            1,87 km dall’hotel       4,0       1.703 recensioni      € 191   a notte                                       Hilton Milan            1,94 km dall’hotel       4,0       3.643 recensioni      € 320   a notte                                       Hotel Windsor Milano            1,55 km dall’hotel       4,0       2.892 recensioni      € 180   a notte",Milano         Municipio 8
Quintocanto Hotel & Spa | Prezzi aggiornati 2024 | Hotel | Skyscanner,,Quintocanto Hotel & Spa,249.0,"Via Vittorio Emanuele, 310, 90100, Palermo, Italia",1.012 recensioni,"'Questo hotel si trova in una posizione assolutamente perfetta a Palermo, a pochi passi dai quattro angoli, dove succedono tante cose. L'hotel in sé è incantevole, il personale è attento e gentile. Tutto è perfetto. Anche lì abbiamo fatto una colazione meravigliosa.'",Recensioni con foto (3)     Posizione (50)     Servizio (42)     Camera (41)     Cucina (37)     Ristorante (23)     Spa (14)     Pulizia (13)     Bagno (11)     Tranquillità (10)     Parcheggio (6)     Trasporti (4)     Panorama (2)     Benessere (2)     Wi-Fi (1)     Area shopping (1)     Piscina (1)     Famiglia (1),35.0,"0,77 km da Stazione Centrale - Pensilina Interna","nel raggio di 0,62 km","nel raggio di 0,84 km","nel raggio di 23,56 km",,"23,56 km",11:00,"Letti disponibili      Gratis     Gratis   fino a 11 anni     Per ogni stanza, Un bambino può utilizzare i letti presenti gratis.",€ 15 a persona,"Siete pregati di notare che il centro benessere è accessibile a un costo aggiuntivo e su prenotazione. I bambini di età inferiore ai 12 anni non possono accedere al centro benessere. Il Quintocanto Hotel & Spa si trova in una zona a traffico limitato. Per ulteriori dettagli su come raggiungere l'albergo, dovrete contattare direttamente il personale. Le prenotazioni di 5 o più camere potrebbero prevedere condizioni differenti e costi aggiuntivi.","Edificio del XVI secolo ristrutturato in maniera eccellente e situato proprio nel centro storico di Palermo, all'incrocio Quattro Canti, il Quinto Canto Hotel & Spa offre camere spaziose ed eleganti.","Eurostars Centrale Palace            0,03 km dall’hotel       4,0       1.505 recensioni      € 70   a notte                                       Palazzo Brunaccini            0,34 km dall’hotel       4,0       767 recensioni      € 117   a notte                                       Grand Hotel Piazza Borsa            0,37 km dall’hotel       4,0       964 recensioni      € 127   a notte                                       Central Palace Hotel Federico II            0,93 km dall’hotel       4,0       486 recensioni      € 105   a notte                                       Hotel Mercure Palermo Centro            0,94 km dall’hotel       4,0       2.452 recensioni      € 53   a notte                                       Artemisia Palace Hotel            1,08 km dall’hotel       4,0       1.013 recensioni      € 60   a notte                                       Hotel Garibaldi            1,10 km dall’hotel       4,0       1.547 recensioni      € 80   a notte                                       Hotel Plaza Opera            1,23 km dall’hotel       4,0       624 recensioni      € 98   a notte                                       Hotel Vecchio Borgo            1,43 km dall’hotel       4,0       491 recensioni      € 40   a notte",
Palazzo Brunaccini | Prezzi aggiornati 2024 | Hotel | Skyscanner,,Palazzo Brunaccini,248.0,"Piazzetta Lucrezia Brunaccini, 10, 90134, Palermo, Italia",767 recensioni,"'Palazzo storico, posto in una piazza nevralgica di Palermo, vicino alla stupenda chiesa Casa Professa
La hall, e il piano che porta al ristorante interno è pregno di mobili, statue, quadri, suppellettili, tappeti di fine mise, con vetrinette dedidete alla vendita di oggetti di valore e di antiquariato, perché il palazzo è anche una stupenda Boutique Hotel.
Aleggia per tutta la stupenda struttura, la figura della ex padrona di casa, la mitica nobildonna Lucrezia Brunaccini, che si occupò della cura dei poveri palermitani del suo periodo storico.'",Recensioni con foto (5)     Camera (45)     Posizione (44)     Cucina (40)     Servizio (35)     Ristorante (19)     Pulizia (10)     Tranquillità (9)     Bagno (8)     Area shopping (7)     Trasporti (7)     Parcheggio (5)     Wi-Fi (1)     Spa (1)     Piscina (1)     Panorama (1),39.0,"0,57 km da Stazione Centrale - Pensilina Interna","nel raggio di 0,84 km","nel raggio di 0,63 km","nel raggio di 23,63 km",,"23,63 km",11:00,"Letti extra      Gratis     Gratis   fino a 2 anni     I bambini possono utilizzare letti extra gratis.           Costi     Costi   da 3 a 11 anni     I bambini possono utilizzare letti extra a un costo aggiuntivo di EUR 30.                                    Letti disponibili      Gratis     Gratis   fino a 3 anni     Per ogni stanza, Un bambino può utilizzare i letti presenti gratis.",€ 12 a persona,"Al check-in gli ospiti devono esibire un documento d'identità con foto e una carta di credito. Siete pregati di notare che le Richieste Speciali sono soggette a disponibilità, e potrebbero comportare l'addebito di un supplemento. Siete pregati di comunicare in anticipo a Hotel Palazzo Brunaccini l'orario in cui prevedete di arrivare. Potrete inserire questa informazione nella sezione Richieste Speciali al momento della prenotazione, o contattare la struttura utilizzando i recapiti riportati nella conferma della prenotazione. In risposta al Coronavirus (COVID-19) questa struttura ha adottato misure extra di sicurezza e igiene. In conformità con le indicazioni del governo per ridurre la diffusione del Coronavirus (COVID-19), questa struttura potrebbe richiedere documentazione aggiuntiva che attesti l'identità, l'itinerario di viaggio e altre informazioni rilevanti, durante il periodo di validità di tali direttive. In conformità con le indicazioni del governo per ridurre la diffusione del Coronavirus (COVID-19), questa struttura non accetta ospiti da specifici Paesi durante il periodo di validità di tali direttive. A causa del Coronavirus (COVID-19) questa struttura sta adottando misure per proteggere la salute degli ospiti e dello staff. Pertanto, alcuni servizi potrebbero essere ridotti o non disponibili, così come le dotazioni. A causa del Coronavirus (COVID-19) è obbligatorio indossare la mascherina in tutte le aree comuni interne. Non è possibile soggiornare presso questa struttura a scopo di quarantena per Coronavirus (COVID-19). La struttura si trova in una zona a traffico limitato. Per le indicazioni precise siete pregati di contattare direttamente il personale. Se utilizzate un sistema di navigazione GPS, siete invitati a inserire il seguente indirizzo: Via Ponticello. Seguite questa via fino a una strada a senso unico, poi girate a sinistra. Il numero di licenza CIR di questa struttura è 19082053A200506.","Provvisto di suite moderne e del WiFi gratuito in tutte le aree, il Palazzo Brunaccini è un elegante edificio ubicato nel centro storico di Palermo, a pochi passi dal mercato locale di Ballarò e a 700 metri dalla cattedrale cittadina e dalla stazione.

..","Quintocanto Hotel & Spa            0,34 km dall’hotel       4,0       1.012 recensioni      € 108   a notte                                       Eurostars Centrale Palace            0,36 km dall’hotel       4,0       1.505 recensioni      € 70   a notte                                       Grand Hotel Piazza Borsa            0,59 km dall’hotel       4,0       964 recensioni      € 127   a notte                                       Central Palace Hotel Federico II            1,25 km dall’hotel       4,0       486 recensioni      € 105   a notte                                       Hotel Mercure Palermo Centro            1,29 km dall’hotel       4,0       2.452 recensioni      € 53   a notte                                       Artemisia Palace Hotel            1,42 km dall’hotel       4,0       1.013 recensioni      € 60   a notte                                       Hotel Garibaldi            1,42 km dall’hotel       4,0       1.547 recensioni      € 80   a notte                                       Hotel Ambasciatori            0,41 km dall’hotel       4,0       1.530 recensioni      € 94   a notte                                       Hotel Plaza Opera            1,56 km dall’hotel       4,0       624 recensioni      € 98   a notte",
Ospitalità Del Conte Hotel e SPA | Prezzi aggiornati 2024 | Hotel | Skyscanner,Olbia,Ospitalità Del Conte Hotel e SPA,231.0,"Via Acquedotto Romano, 2, 07026, Olbia, Italia",147 recensioni,"'cordialità dello staff, pulizia e disponibilità vi faranno innamorare di questo hotel senza rivali a olbia'",,30.0,"0,02 km da Sardinia Magic Travel",,,"nel raggio di 3,15 km",Olbia,"3,15 km",,,,"Al check-in gli ospiti devono esibire un documento d'identità con foto e una carta di credito. Siete pregati di notare che le Richieste Speciali sono soggette a disponibilità, e potrebbero comportare l'addebito di un supplemento. Siete pregati di comunicare in anticipo a Tramas - Ospitalita' del Conte Hotel & Spa l'orario in cui prevedete di arrivare. Potrete inserire questa informazione nella sezione Richieste Speciali al momento della prenotazione, o contattare la struttura utilizzando i recapiti riportati nella conferma della prenotazione. In risposta al Coronavirus (COVID-19) questa struttura ha adottato misure extra di sicurezza e igiene. I servizi di ristorazione e somministrazione di bevande in questa struttura potrebbero essere limitati o sospesi a causa del Coronavirus (COVID-19). A causa del Coronavirus (COVID-19) questa struttura sta adottando misure per proteggere la salute degli ospiti e dello staff. Pertanto, alcuni servizi potrebbero essere ridotti o non disponibili, così come le dotazioni. Siete pregati di informare l'hotel se prevedete di arrivare al di fuori dell'orario di check-in. Siete pregati di notare che una seduta di 2 ore nel centro benessere comporta un supplemento di 30 EUR a persona.","Tramas - Ospitalità del Conte Hotel & SPA si trova nel centro di Olbia, a 2 minuti a piedi da Chiesa di San Paolo e 11 minuti da Basilica di San Simplicio.

Questo hotel a 4 stelle si trova a 2 km da Porto di Olbia e 5 km da Pozzo Sacro di Sa Testa.
Lasciati coccolare presso la spa, dove ti attendono massaggi, trattamenti per il corpo e trattamenti per il viso.

Scegli dall'ampia selezione di servizi ricreativi, che includono un centro fitness, una piscina coperta e una sauna.

Questo hotel dispone, inoltre, di il Wi-Fi gratuito, servizi di concierge e un servizio babysitter a pagamento.
Presso questo hotel è disponibile il servizio in camera con orario limitato.

Dissetati con il tuo drink preferito! Presso questa struttura troverai un bar/lounge. La colazione a buffet è disponibile a pagamento tutti i giorni dalle ore 08:00 alle ore 10:00.
Potrai usufruire di un pratico servizio di lavanderia e lavaggio a secco, deposito bagagli e un servizio lavanderia.

Potrai usufruire di una navetta da e per l'aeroporto 24 ore su 24 a pagamento; inoltre, in loco troverai il un parcheggio (a pagamento).
Rilassati in una delle 20 camere con stile personalizzato della struttura, complete di minibar e TV LCD.

L'Wi-Fi gratuito ti consente di restare connesso con il mondo, mentre la TV con canali via satellite è l'ideale per concedersi un po' di svago.

I bagni dispongono di doccia, set di cortesia gratuiti e bidet. I comfort includono telefoni, casseforti e scrivanie.","La Locanda del Conte Mameli - Hotel di Charme Olbia            0,02 km dall’hotel       4,5       312 recensioni      € 88   a notte                                       Hotel Panorama Olbia            0,24 km dall’hotel       4,5       952 recensioni      € 87   a notte                                       Grand Hotel President Olbia            0,28 km dall’hotel       4,5       559 recensioni      € 75   a notte                                       Felix Hotel Olbia            1,92 km dall’hotel       4,5       254 recensioni      € 99   a notte                                       Hotel Regina Elena            0,32 km dall’hotel       4,5       34 recensioni      € 89   a notte                                       Hotel Martini Olbia            0,45 km dall’hotel       3,5       253 recensioni      € 92   a notte                                       Colonna Palace Hotel Mediterraneo            0,70 km dall’hotel       3,0       150 recensioni      € 91   a notte                                       L' Essenza Hotel - Olbia            0,23 km dall’hotel       5,0       95 recensioni      € 93   a notte                                       Olbia City Hotel            3,32 km dall’hotel       3,5       295 recensioni      € 45   a notte",Olbia
City Fair | Prezzi aggiornati 2024 | Hotel | Skyscanner,Catania,City Fair,47.0,"Via Costarelli, 23, 95131, Catania, Italia",13 recensioni,"'Abbiamo regalato a mia suocera un soggiorno presso il B&B Ciry Fair e appena rientrata, essendosi trovata molto bene,  mi ha pregato di fare la seguente recensione:
‘Molto accogliente e pulito
Zona  centrale con i mezzi pubblici vicini
Host Ivan molto gentile e disponibile con le persone
Prima colazione ottima’
Bravo Ivan, continua così!'",Recensioni con foto (2)     Camera (8)     Cucina (5)     Posizione (5)     Bagno (5)     Pulizia (3)     Servizio (2)     Ristorante (1)     Tranquillità (1)     Panorama (1),,"1,18 km da Stazione Catania Centrale","nel raggio di 0,67 km","nel raggio di 1,18 km","nel raggio di 4,96 km",Catania Fontanarossa,"4,96 km",11:00,,,,"City Fair di Catania (Centro città di Catania) si trova letteralmente a pochi passi da Via Etnea e 3 minuti a piedi da La Fiera.

Questo bed and breakfast si trova a 17,6 km da Etna e 1,4 km da Porto di Catania.
Le opportunità di svago non mancano: avrai a disposizione un servizio di noleggio biciclette, oltre a il Wi-Fi gratuito e servizi di concierge.

In questo bed and breakfast potrai inoltre contare su un salone di parrucchiere, una TV nelle aree comuni e l’accesso a prezzo ridotto a una palestra nelle vicinanze.
Questo bed and breakfast dispone di un ristorante e di un'ampia scelta di snack al bar/caffetteria.

Potrai anche scegliere di restare nella tua stanza e richiedere il servizio in camera con orario limitato.

Concludi la giornata in bellezza con il tuo drink preferito! Presso questa struttura troverai un bar/lounge davvero fantastico.

La colazione continentale viene servita gratuitamente tutti i giorni dalle ore 07:00 alle ore 11:00.
Potrai usufruire di un business center, quotidiani gratuiti nella hall e un pratico servizio di lavanderia e lavaggio a secco.

Una navetta da e per l'aeroporto è disponibile a pagamento.
Rilassati in una delle 5 camere della struttura, complete di minibar e TV a schermo piatto.

L'Wi-Fi gratuito ti consente di restare connesso con il mondo, mentre la TV con canali in digitale è l'ideale per concedersi un po' di svago.

Il bagno in camera dispone di doccia, soffione a pioggia e set di cortesia gratuiti. I comfort includono casseforti, quotidiani gratuiti e telefoni con chiamate urbane gratuite.","Umberto House Catania            0,29 km dall’hotel       4,0       44 recensioni      € 81   a notte                                   Manganelli Palace - Hotel            0,36 km dall’hotel       4,0       590 recensioni      € 103   a notte                                   Best Western Hotel Mediterraneo            0,77 km dall’hotel       4,0       1.140 recensioni      € 149   a notte                                   Hotel Catania Town            0,11 km dall’hotel       4,0       223 recensioni      € 59   a notte                                   B&B Palazzo Bruca            0,69 km dall’hotel       4,0       358 recensioni      € 49   a notte                                   B&B Stesicoro InHabit Catania - GuestHouse City Center Catania- Centro Storico - Via Etnea - Piazza Stesicoro            0,16 km dall’hotel       4,5       431 recensioni      € 68   a notte                                   San Demetrio            0,36 km dall’hotel       4,0       104 recensioni      € 64   a notte                                   B&B ANTICA DIMORA            0,96 km dall’hotel       4,0       106 recensioni      € 76   a notte                                   Hotel Gresi S. N. C. di Virgillito Salvatore            0,12 km dall’hotel       3,5       113 recensioni      € 73   a notte",Catania
55 Aira | Prezzi aggiornati 2024 | Hotel | Skyscanner,,55 Aira,114.0,"Piazza Giulio Cesare, 32, 90123, Palermo, Italia",104 recensioni,"'Accoglienza, cordialità e disponibilità....
Attenti ad ogni richiesta,anche personale del cliente... Camere pulite e conformi alle foto, direzione professionale e staff disponibile e sorridente..la struttura é posta in un luogo strategico, treno,bus e metro a portata di metri...noi ci ritorneremo'",Recensioni con foto (3)     Cucina (6)     Servizio (6)     Posizione (5)     Camera (5)     Bagno (4)     Trasporti (4)     Pulizia (3)     Servizi per viaggi d'affari (1)     Ristorante (1)     Tranquillità (1),5.0,"0,14 km da Stazione Centrale - Pensilina Interna","nel raggio di 1,27 km","nel raggio di 0,14 km","nel raggio di 24,24 km",,"24,24 km",,,"Se hai bisogno di informazioni sui prezzi, contatta l’hotel",Il letto matrimoniale è composto da 2 letti singoli uniti.,"Se vuoi alloggiare nel cuore di Palermo, 55 Aira ti permetterà di raggiungere a piedi Via Roma e Via Lincoln.

Questo inn si trova a 5,4 km da Porto di Palermo e 11,6 km da Spiaggia di Mondello.
Questo inn per non fumatori dispone di un parcheggio a tariffe agevolate nelle vicinanze.
55 Aira include un ristorante e uno snack bar.

Dissetati con il tuo drink preferito! Presso questa struttura troverai un bar/lounge. La colazione a buffet viene servita gratuitamente tutti i giorni dalle ore 07:00 alle ore 10:00.
Potrai usufruire di una reception aperta 24 ore su 24, deposito bagagli e un servizio lavanderia.
Rilassati in una delle 55 camere della struttura, complete di aria condizionata e TV a schermo piatto.

Le camere sono dotate di balcone. L'Wi-Fi gratuito ti consentirà di restare connesso con il mondo. I bagni dispongono di doccia, set di cortesia gratuiti e bidet.",,
Hotel Del Centro | Prezzi aggiornati 2024 | Hotel | Skyscanner,,Hotel Del Centro,129.0,"Via Roma, 72, 90133, Palermo, Italia",672 recensioni,"'Hotel 3 stelle in posizione ideale per visitare Palermo; buona accoglienza (tutti gli addetti alla reception cordiali, simpatici e professionali); personalmente ho soggiornato nella stanza n. 5 (Junior suite) e mi sono trovato bene : ampi spazi, pulizia. Colazione adeguata alla categoria con brioches veramente ottime.'",Recensioni con foto (10)     Camera (44)     Cucina (44)     Posizione (44)     Servizio (33)     Trasporti (29)     Bagno (23)     Pulizia (20)     Tranquillità (6)     Parcheggio (4)     Ristorante (4)     Wi-Fi (1)     Panorama (1)     Famiglia (1),42.0,"0,30 km da Stazione Centrale - Pensilina Interna","nel raggio di 0,99 km","nel raggio di 0,37 km","nel raggio di 23,99 km",,"23,99 km",11:00,"Letti extra      Gratis     Gratis   fino a 1 anni     I bambini possono utilizzare letti extra gratis.           Costi     Costi   fino a 11 anni     I bambini possono utilizzare letti extra a un costo aggiuntivo di EUR 15.           Costi     Costi   a partire da 12 anni     I bambini possono utilizzare letti extra a un costo aggiuntivo di EUR 20.                                    Letti disponibili      Costi     Costi   fino a 11 anni     Per ogni stanza, Un bambino può utilizzare i letti presenti a un costo aggiuntivo di EUR 15.","Se hai bisogno di informazioni sui prezzi, contatta l’hotel","In risposta al Coronavirus (COVID-19) questa struttura ha adottato misure extra di sicurezza e igiene. Siete pregati di comunicare in anticipo a Hotel del Centro l'orario in cui prevedete di arrivare. Potrete inserire questa informazione nella sezione Richieste Speciali al momento della prenotazione, o contattare la struttura utilizzando i recapiti riportati nella conferma della prenotazione. A causa del Coronavirus (COVID-19) è obbligatorio indossare la mascherina in tutte le aree comuni interne. Siete pregati di notare che l'hotel si trova in una zona a traffico limitato, ma accessibile in auto per scaricare/caricare i bagagli. Per registrare la vostra auto siete invitati a contattare la struttura in anticipo.","Ubicato nel centro storico di Palermo, a 150 metri dalla stazione ferroviaria centrale e dal capolinea degli autobus da/per l'aeroporto, l'Hotel del Centro è dotato di postazione internet con WiFi gratuito.","Art Lincoln Palermo            0,31 km dall’hotel       4,0       175 recensioni      € 48   a notte                                   Hotel Posta            0,93 km dall’hotel       4,0       612 recensioni      € 79   a notte                                   Hotel d'Orleans            1,13 km dall’hotel       4,0       123 recensioni      € 71   a notte                                   Hotel Joli            1,38 km dall’hotel       4,0       848 recensioni      € 55   a notte                                   B&B Hotels - Hotel Palermo Quattro Canti            0,46 km dall’hotel       4,5       690 recensioni      € 47   a notte                                   Camelot B&B Palermo            1,42 km dall’hotel       4,0       147 recensioni      € 58   a notte                                   Vado Al Massimo            0,87 km dall’hotel       4,0       205 recensioni      € 59   a notte                                   Bio Hotel Palermo            1,30 km dall’hotel       4,0       154 recensioni      € 67   a notte                                   Hotel Tonic            1,30 km dall’hotel       4,0       951 recensioni      € 54   a notte",
Artemisia Palace Hotel | Prezzi aggiornati 2024 | Hotel | Skyscanner,,Artemisia Palace Hotel,123.0,"Via Roma, 499, 90139, Palermo, Italia",1.013 recensioni,"'Gentilezza, pulizia, disponibilità, accoge di grlienza, colazione ottima e di grande varietà. Una menzione particolare per il Direttore, le Signorine della reception e Giovanna e Kelly, regine della cucina e del sorriso.'",Recensioni con foto (4)     Servizio (38)     Camera (36)     Cucina (35)     Posizione (35)     Pulizia (25)     Bagno (13)     Tranquillità (10)     Parcheggio (8)     Ristorante (5)     Trasporti (5)     Area shopping (3)     Famiglia (3)     Wi-Fi (1),32.0,"1,78 km da Stazione Centrale - Pensilina Interna","nel raggio di 1,25 km","nel raggio di 1,78 km","nel raggio di 23,13 km",,"23,13 km",10:30,,,"Al check-in gli ospiti devono esibire un documento d'identità con foto e una carta di credito. Siete pregati di notare che le Richieste Speciali sono soggette a disponibilità, e potrebbero comportare l'addebito di un supplemento. Siete pregati di comunicare in anticipo a Artemisia Palace Hotel l'orario in cui prevedete di arrivare. Potrete inserire questa informazione nella sezione Richieste Speciali al momento della prenotazione, o contattare la struttura utilizzando i recapiti riportati nella conferma della prenotazione. A causa del Coronavirus (COVID-19), la struttura applica rigide misure di distanziamento fisico. A causa del Coronavirus (COVID-19) è obbligatorio indossare la mascherina in tutte le aree comuni interne. Se effettuate una prenotazione con pagamento anticipato e desiderate la fattura, dovrete inserire i vostri dati di fatturazione nella sezione Richieste Speciali al momento della prenotazione. Gli animali domestici sono ammessi previo pagamento di un supplemento pari a 10 EUR, a notte per animale.","Artemisia Palace Hotel ti permetterà di alloggiare in una zona centralissima di Palermo, vicino a Via Roma e a 3 minuti a piedi da Teatro Politeama.

Questo hotel a 4 stelle si trova a 4,4 km da Porto di Palermo e 10,5 km da Spiaggia di Mondello.
Le opportunità di svago non mancano: avrai a disposizione un servizio di noleggio biciclette, oltre a il Wi-Fi gratuito e servizi di concierge.
Presso questo hotel è disponibile il servizio in camera.

Concludi la giornata in bellezza con il tuo drink preferito! Presso questa struttura troverai un bar/lounge davvero fantastico.

La colazione a buffet è disponibile a pagamento tutti i giorni dalle ore 07:00 alle ore 10:00.
Potrai usufruire di check-in veloce, check-out veloce e un pratico servizio di lavanderia e lavaggio a secco.

È possibile usufruire di una navetta da e per l'aeroporto 24 ore su 24 a pagamento.
Rilassati in una delle 19 camere con aria condizionata della struttura, complete di minibar e TV LED.

L'Wi-Fi gratuito ti consente di restare connesso con il mondo, mentre la TV con canali via satellite è l'ideale per concedersi un po' di svago.

Il bagno in camera è dotato di set di cortesia firmati e bidet. I comfort includono cassaforte (adatta a contenere un laptop), scrivanie e telefoni con chiamate urbane gratuite.",,
Ospitalità Del Conte Hotel e SPA | Prezzi aggiornati 2024 | Hotel | Skyscanner,Olbia,Ospitalità Del Conte Hotel e SPA,231.0,"Via Acquedotto Romano, 2, 07026, Olbia, Italia",147 recensioni,"'cordialità dello staff, pulizia e disponibilità vi faranno innamorare di questo hotel senza rivali a olbia'",,30.0,"0,02 km da Sardinia Magic Travel",,,"nel raggio di 3,15 km",Olbia,"3,15 km",,,,"Al check-in gli ospiti devono esibire un documento d'identità con foto e una carta di credito. Siete pregati di notare che le Richieste Speciali sono soggette a disponibilità, e potrebbero comportare l'addebito di un supplemento. Siete pregati di comunicare in anticipo a Tramas - Ospitalita' del Conte Hotel & Spa l'orario in cui prevedete di arrivare. Potrete inserire questa informazione nella sezione Richieste Speciali al momento della prenotazione, o contattare la struttura utilizzando i recapiti riportati nella conferma della prenotazione. In risposta al Coronavirus (COVID-19) questa struttura ha adottato misure extra di sicurezza e igiene. I servizi di ristorazione e somministrazione di bevande in questa struttura potrebbero essere limitati o sospesi a causa del Coronavirus (COVID-19). A causa del Coronavirus (COVID-19) questa struttura sta adottando misure per proteggere la salute degli ospiti e dello staff. Pertanto, alcuni servizi potrebbero essere ridotti o non disponibili, così come le dotazioni. Siete pregati di informare l'hotel se prevedete di arrivare al di fuori dell'orario di check-in. Siete pregati di notare che una seduta di 2 ore nel centro benessere comporta un supplemento di 30 EUR a persona.","Tramas - Ospitalità del Conte Hotel & SPA si trova nel centro di Olbia, a 2 minuti a piedi da Chiesa di San Paolo e 11 minuti da Basilica di San Simplicio.

Questo hotel a 4 stelle si trova a 2 km da Porto di Olbia e 5 km da Pozzo Sacro di Sa Testa.
Lasciati coccolare presso la spa, dove ti attendono massaggi, trattamenti per il corpo e trattamenti per il viso.

Scegli dall'ampia selezione di servizi ricreativi, che includono un centro fitness, una piscina coperta e una sauna.

Questo hotel dispone, inoltre, di il Wi-Fi gratuito, servizi di concierge e un servizio babysitter a pagamento.
Presso questo hotel è disponibile il servizio in camera con orario limitato.

Dissetati con il tuo drink preferito! Presso questa struttura troverai un bar/lounge. La colazione a buffet è disponibile a pagamento tutti i giorni dalle ore 08:00 alle ore 10:00.
Potrai usufruire di un pratico servizio di lavanderia e lavaggio a secco, deposito bagagli e un servizio lavanderia.

Potrai usufruire di una navetta da e per l'aeroporto 24 ore su 24 a pagamento; inoltre, in loco troverai il un parcheggio (a pagamento).
Rilassati in una delle 20 camere con stile personalizzato della struttura, complete di minibar e TV LCD.

L'Wi-Fi gratuito ti consente di restare connesso con il mondo, mentre la TV con canali via satellite è l'ideale per concedersi un po' di svago.

I bagni dispongono di doccia, set di cortesia gratuiti e bidet. I comfort includono telefoni, casseforti e scrivanie.","La Locanda del Conte Mameli - Hotel di Charme Olbia            0,02 km dall’hotel       4,5       312 recensioni      € 88   a notte                                       Hotel Panorama Olbia            0,24 km dall’hotel       4,5       952 recensioni      € 87   a notte                                       Grand Hotel President Olbia            0,28 km dall’hotel       4,5       559 recensioni      € 75   a notte                                       Felix Hotel Olbia            1,92 km dall’hotel       4,5       254 recensioni      € 99   a notte                                       Hotel Regina Elena            0,32 km dall’hotel       4,5       34 recensioni      € 89   a notte                                       Hotel Martini Olbia            0,45 km dall’hotel       3,5       253 recensioni      € 92   a notte                                       Colonna Palace Hotel Mediterraneo            0,70 km dall’hotel       3,0       150 recensioni      € 91   a notte                                       L' Essenza Hotel - Olbia            0,23 km dall’hotel       5,0       95 recensioni      € 93   a notte                                       Olbia City Hotel            3,32 km dall’hotel       3,5       295 recensioni      € 45   a notte",Olbia
Hotel Colombia | Prezzi aggiornati 2024 | Hotel | Skyscanner,Milano,Hotel Colombia,76.0,"Via Roberto Lepetit, 15, Municipio 2, Milano, 20124, Italia",341 recensioni,"'Colazione a 5 stelle

Pulitissimo

Professionali

Accanto alla Stazione Centrale

Ottima qualità prezzo

Design

Zona ristoranti, supermercatini, Mercato Centrale, shopping e mezzi pubblici

Tornerò sicuramente'",Recensioni con foto (6)     Camera (46)     Posizione (45)     Trasporti (41)     Servizio (41)     Cucina (39)     Pulizia (22)     Bagno (9)     Tranquillità (6)     Ristorante (4)     Wi-Fi (3)     Parcheggio (1)     Area shopping (1)     Palestra (1),44.0,"2,31 km da Duomo di Milano","nel raggio di 0,26 km","nel raggio di 2,55 km","nel raggio di 8,78 km",Milano Linate,"7,36 km",11:00,"Letti extra      Costi     Costi   fino a 2 anni     I bambini possono utilizzare letti extra a un costo aggiuntivo di EUR 20.           Costi     Costi   fino a 12 anni     I bambini possono utilizzare letti extra a un costo aggiuntivo di EUR 30.           Costi     Costi   a partire da 13 anni     I bambini possono utilizzare letti extra a un costo aggiuntivo di EUR 40.                                    Letti disponibili      Costi     Costi   fino a 2 anni     Per ogni stanza, Un bambino può utilizzare i letti presenti a un costo aggiuntivo di EUR 20.",€ 15 a persona,"Al check-in gli ospiti devono esibire un documento d'identità con foto e una carta di credito. Siete pregati di notare che le Richieste Speciali sono soggette a disponibilità, e potrebbero comportare l'addebito di un supplemento. In risposta al Coronavirus (COVID-19) questa struttura ha adottato misure extra di sicurezza e igiene. A causa del Coronavirus (COVID-19) è obbligatorio indossare la mascherina in tutte le aree comuni interne. In conformità con le indicazioni del governo per ridurre la diffusione del Coronavirus (COVID-19), questa struttura non accetta ospiti da specifici Paesi durante il periodo di validità di tali direttive. A causa del Coronavirus (COVID-19), la struttura applica rigide misure di distanziamento fisico.","Situato a soli 5 minuti a piedi dalla Stazione Centrale di Milano, l'Hotel Colombia offre un tranquillo giardino dove gustare un drink del bar e camere climatizzate in stile minimalista.","Mediolanum Milano Hotel            0,18 km dall’hotel       4,0       1.088 recensioni      € 117   a notte                                       Hotel Bristol            0,25 km dall’hotel       4,0       477 recensioni      € 136   a notte                                       Andreola Central Hotel            0,29 km dall’hotel       4,0       1.158 recensioni      € 140   a notte                                       Starhotels Anderson            0,33 km dall’hotel       4,0       1.653 recensioni      € 202   a notte                                       Hotel Glam Milano            0,11 km dall’hotel       4,2  /5     Molto buono   202 recensioni      € 116   a notte                                       UNAHOTELS Century Milano            0,44 km dall’hotel       4,0       1.703 recensioni      € 191   a notte                                       Worldhotel Casati 18            0,49 km dall’hotel       4,0       1.263 recensioni      € 152   a notte                                       Hotel Sanpi            0,59 km dall’hotel       4,0       1.602 recensioni      € 133   a notte                                       Best Western Hotel Madison            0,61 km dall’hotel       4,0       1.345 recensioni      € 127   a notte",Milano         Municipio 2
Hotel Villa Romeo | Prezzi aggiornati 2024 | Hotel | Skyscanner,Catania,Hotel Villa Romeo,185.0,"Via Platamone 8, 95131, Catania, Italia",750 recensioni,"'Dopo una pessima esperienza all'aeroporto FONTANAROSSA di Catania,dove ho trovato poca organizzazione,educazione zero e pure arroganza,nonostante il mio volo spostato e poi cancellato e senza nessun aiuto dalla biglietteria,sono giunta in questo suggestivo hotel a 3 stelle ma se ne merita 5 per la disponibilita',professionalita',cortesia e pulizia,nel trovarmi la sera tardi una quadrupla per me e la mia famiglua,con due genitori invalidi con protesi e stampella...grazie all'albergo Villa Romeo,avete cancellato la mia amarezza e stanchezza di soldi e giornata persa.Consiglio vivamente ai turisti questo albergo molto pratico(davanti alla stazione centrale dei treni di Catania centrale)con colazione dolce e salata a buffet e caffetteria espressa da bar,tutto ottimo!e riposatevi nei balconcini della corte interna stile Liberty davvero romantico questo hotel!grazie per tutto!'",Recensioni con foto (9)     Cucina (48)     Posizione (43)     Trasporti (39)     Servizio (37)     Camera (32)     Pulizia (18)     Bagno (9)     Tranquillità (5)     Parcheggio (4)     Ristorante (4)     Wi-Fi (2)     Area shopping (1)     Panorama (1)     Famiglia (1),43.0,"0,20 km da Stazione Catania Centrale","nel raggio di 1,22 km","nel raggio di 0,20 km","nel raggio di 5,19 km",Catania Fontanarossa,"5,19 km",12:00,"Letti extra      Gratis     Gratis   fino a 2 anni     I bambini possono utilizzare letti extra gratis.           Costi     Costi   da 2 a 7 anni     I bambini possono utilizzare letti extra a un costo aggiuntivo di EUR 25.                                    Letti disponibili      Gratis     Gratis   fino a 5 anni     Per ogni stanza, Un bambino può utilizzare i letti presenti gratis.           Costi     Costi   da 6 a 17 anni     Per ogni stanza, Un bambino può utilizzare i letti presenti a un costo aggiuntivo di EUR 20.",€ 5 a persona,In risposta al Coronavirus (COVID-19) questa struttura ha adottato misure extra di sicurezza e igiene.,"Hotel Villa Romeo di Catania (Centro città di Catania) si trova letteralmente a pochi passi da Ionian Sea e 4 minuti a piedi da Porto di Catania.

Questo hotel si trova a 18,1 km da Etna e 1,1 km da Via Etnea.
Avrai a disposizione una terrazza e un giardino da dove ammirare il paesaggio e potrai utilizzare servizi come il Wi-Fi gratuito.

Questo hotel propone, inoltre, un servizio babysitter a pagamento, una TV nelle aree comuni e l'assistenza per la prenotazione di tour e biglietti.
Presso questo hotel è disponibile il servizio in camera con orario limitato.

Dissetati con il tuo drink preferito! Presso questa struttura troverai un bar/lounge. La colazione a buffet è disponibile a pagamento tutti i giorni dalle ore 07:00 alle ore 10:00.
Potrai usufruire di un business center, check-in veloce e check-out veloce.

Potrai usufruire di una navetta da e per l'aeroporto con orario limitato a pagamento; inoltre, in loco troverai il un parcheggio (a pagamento).
Rilassati in una delle 25 camere della struttura, complete di minibar e TV LCD.

Le camere sono dotate di balcone. L'Wi-Fi gratuito ti consente di restare connesso con il mondo, mentre la TV con canali via satellite è l'ideale per concedersi un po' di svago.

Il bagno in camera dispone di doccia, set di cortesia gratuiti e bidet.",,Catania
Hotel Berna | Prezzi aggiornati 2024 | Hotel | Skyscanner,Milano,Hotel Berna,171.0,"Via Napo Torriani, 18, Municipio 2, Milano, 20124, Italia",8.139 recensioni,'E stato tutto top il peronale la stanza. Sono rimasta molto contenta. Il posto e vicino la Stszione Centrale si arriva benisdimo a piedi. E poi trovi tutto vicino Ristorante locale bar. Otimo posto. Ci andrei dinuovo se ce un oferta per notte.',Recensioni con foto (7)     Servizio (137)     Cucina (116)     Camera (100)     Posizione (100)     Trasporti (91)     Pulizia (53)     Ristorante (30)     Bagno (28)     Tranquillità (13)     Area shopping (5)     Famiglia (3)     Panorama (2)     Wi-Fi (1)     Servizi per viaggi d'affari (1)     Spa (1),83.0,"2,26 km da Duomo di Milano","nel raggio di 0,24 km","nel raggio di 2,52 km","nel raggio di 8,84 km",Milano Linate,"7,39 km",11:00,"Letti disponibili      Gratis     Gratis   fino a 12 anni     Per ogni stanza, Un bambino può utilizzare i letti presenti gratis.","Se hai bisogno di informazioni sui prezzi, contatta l’hotel","Se prenotate una tariffa che prevede il pagamento anticipato e avete bisogno della fattura, richiedetela nella sezione Fai una domanda, indicando i dati di fatturazione dell'azienda. Siete pregati di comunicare in anticipo a Hotel Berna l'orario in cui prevedete di arrivare. Potrete inserire questa informazione nella sezione Richieste Speciali al momento della prenotazione, o contattare la struttura utilizzando i recapiti riportati nella conferma della prenotazione. Al check-in gli ospiti devono esibire un documento d'identità con foto e una carta di credito. Siete pregati di notare che le Richieste Speciali sono soggette a disponibilità, e potrebbero comportare l'addebito di un supplemento. In risposta al Coronavirus (COVID-19) questa struttura ha adottato misure extra di sicurezza e igiene. Non è possibile soggiornare presso questa struttura a scopo di quarantena per Coronavirus (COVID-19). Gli ospiti di età inferiore ai 18 anni possono effettuare il check-in solo se accompagnati da un genitore o da un tutore legale. In caso di partenza anticipata, l'hotel vi addebiterà l'intero importo del soggiorno prenotato. Le prenotazioni di oltre 5 camere potrebbero essere soggette a costi aggiuntivi e a condizioni differenti. La maggior parte delle sistemazioni si trova nell'edificio principale, mentre 16 alloggi occupano la dependance a 3 stelle Berna Tower, situata sul lato opposto della strada.","Situato a 200 metri dalla stazione ferroviaria e della metropolitana di Milano Centrale, l'Hotel Berna offre tè, caffè e spuntini gratuiti durante tutta la giornata e camere climatizzate e insonorizzate con WiFi gratuito e TV satellitare LCD.","Mediolanum Milano Hotel            0,16 km dall’hotel       4,0       1.088 recensioni      € 117   a notte                                       Hotel Bristol            0,31 km dall’hotel       4,0       477 recensioni      € 136   a notte                                       Andreola Central Hotel            0,36 km dall’hotel       4,0       1.158 recensioni      € 140   a notte                                       Starhotels Anderson            0,39 km dall’hotel       4,0       1.653 recensioni      € 202   a notte                                       UNAHOTELS Century Milano            0,41 km dall’hotel       4,0       1.703 recensioni      € 191   a notte                                       Hotel Glam Milano            0,11 km dall’hotel       4,2  /5     Molto buono   202 recensioni      € 116   a notte                                       Worldhotel Casati 18            0,46 km dall’hotel       4,0       1.263 recensioni      € 152   a notte                                       Hotel Sanpi            0,56 km dall’hotel       4,0       1.602 recensioni      € 133   a notte                                       Hotel NH Milano Machiavelli            0,59 km dall’hotel       4,0       1.476 recensioni      € 176   a notte",Milano         Municipio 2
L' Essenza Hotel - Olbia | Prezzi aggiornati 2024 | Hotel | Skyscanner,Olbia,L' Essenza Hotel - Olbia,83.0,"Via Amerigo Vespucci, 5, 07026, Olbia, Italia",95 recensioni,"'Hotel fantastico! personale altrettanto gentile premuroso! le camere sono pulitissime ce tutto... letto confortevole morbido ...
Bagno grande e pulito...
Colazione ottima e variegata di tutto.... 
La pisizione e' strategica al centro puoi muoverti tranquillamente a piedi senza l utilizzo della macchina... il parcheggio e' facile da trovare ma ce la pissibilita anche di averlo ovviam pagando
Ci ritorneremo al cento per cento..'",Recensioni con foto (1)     Cucina (23)     Servizio (22)     Camera (19)     Posizione (14)     Pulizia (12)     Ristorante (8)     Tranquillità (8)     Parcheggio (5)     Bagno (5)     Area shopping (2)     Panorama (2)     Trasporti (2)     Famiglia (2)     Wi-Fi (1),9.0,"2,95 km da Olbia",,,"nel raggio di 2,95 km",Olbia,"2,95 km",10:30,"Letti extra      Costi     Costi   fino a 2 anni     I bambini possono utilizzare letti extra a un costo aggiuntivo di EUR 20.                                    Letti disponibili      Gratis     Gratis   fino a 2 anni     Per ogni stanza, Un bambino può utilizzare i letti presenti gratis.","Se hai bisogno di informazioni sui prezzi, contatta l’hotel","Siete pregati di comunicare in anticipo a L'Essenza Hotel l'orario in cui prevedete di arrivare. Potrete inserire questa informazione nella sezione Richieste Speciali al momento della prenotazione, o contattare la struttura utilizzando i recapiti riportati nella conferma della prenotazione. Al check-in gli ospiti devono esibire un documento d'identità con foto e una carta di credito. Siete pregati di notare che le Richieste Speciali sono soggette a disponibilità, e potrebbero comportare l'addebito di un supplemento. In risposta al Coronavirus (COVID-19) questa struttura ha adottato misure extra di sicurezza e igiene. Non è possibile soggiornare presso questa struttura a scopo di quarantena per Coronavirus (COVID-19).","Essenza Hotel di Olbia si trova in una posizione molto centrale, a meno di 5 minuti d'auto da Porto di Olbia e Gulf of Olbia.

Questo inn sulla spiaggia dista 8,7 km da Spiaggia di Pittulongu e 13,9 km da Spiaggia La Marinella.
Scopri i molti servizi ricreativi a disposizione, tra cui un servizio di noleggio biciclette e una terrazza panoramica da dove ammirare il paesaggio.

Questo inn dispone, inoltre, di il Wi-Fi gratuito, servizi di concierge e una TV nelle aree comuni.
La colazione continentale è disponibile a pagamento tutti i giorni dalle ore 08:00 alle ore 10:00.
Potrai usufruire di un pratico servizio di lavanderia e lavaggio a secco, personale poliglotta e deposito bagagli.
Rilassati in una delle 34 camere della struttura, complete di aria condizionata e Smart TV.

Riposati su un comodo letto con materasso memory foam e copriletto in piuma. L'Wi-Fi gratuito ti consente di restare connesso con il mondo, mentre la TV con canali in digitale è l'ideale per concedersi un po' di svago.

Il bagno in camera dispone di doccia, set di cortesia gratuiti e bidet.","Ospitalità Del Conte Hotel e SPA            0,23 km dall’hotel       4,0       147 recensioni      € 83   a notte                                       Hotel Panorama Olbia            0,14 km dall’hotel       4,5       952 recensioni      € 87   a notte                                       La Locanda del Conte Mameli - Hotel di Charme Olbia            0,22 km dall’hotel       4,5       312 recensioni      € 88   a notte                                       Grand Hotel President Olbia            0,40 km dall’hotel       4,5       559 recensioni      € 75   a notte                                       Hotel Regina Elena            0,23 km dall’hotel       4,5       34 recensioni      € 89   a notte                                       Felix Hotel Olbia            2,14 km dall’hotel       4,5       254 recensioni      € 99   a notte                                       Colonna Palace Hotel Mediterraneo            0,66 km dall’hotel       3,0       150 recensioni      € 91   a notte                                       Hotel Martini Olbia            0,67 km dall’hotel       3,5       253 recensioni      € 92   a notte                                       Olbia City Hotel            3,54 km dall’hotel       3,5       295 recensioni      € 45   a notte",Olbia
Rooms alCentro | Prezzi aggiornati 2024 | Hotel | Skyscanner,Catania,Rooms alCentro,70.0,"Via Passo di Aci, 30, 95128, Catania, Italia",4 recensioni,"'La struttura è molto bella appena ristrutturata, le ragazze della colazione bravissime , Recepionist inesistente, la abbiamo trovato solo oggi per pagare. 
Dintorni della struttura  no ben tenuti peccato , i trasporti sono limitati , dovresti far indicazioni ai clienti del albergo.'",Recensioni con foto (2)     Pulizia (7)     Camera (7)     Cucina (6)     Servizio (4)     Bagno (2)     Wi-Fi (1)     Posizione (1),,"1,93 km da Stazione Catania Centrale","nel raggio di 1,91 km","nel raggio di 1,94 km","nel raggio di 6,09 km",Catania Fontanarossa,"6,09 km",,"Letti disponibili      Gratis     Gratis   fino a 3 anni     Per ogni stanza, Un bambino può utilizzare i letti presenti gratis.           Costi     Costi   da 4 a 12 anni     Per ogni stanza, Un bambino può utilizzare i letti presenti a un costo aggiuntivo di EUR 20.","Se hai bisogno di informazioni sui prezzi, contatta l’hotel","Siete pregati di comunicare in anticipo a ROOMS alCentro l'orario in cui prevedete di arrivare. Potrete inserire questa informazione nella sezione Richieste Speciali al momento della prenotazione, o contattare la struttura utilizzando i recapiti riportati nella conferma della prenotazione. Al check-in gli ospiti devono esibire un documento d'identità con foto e una carta di credito. Siete pregati di notare che le Richieste Speciali sono soggette a disponibilità, e potrebbero comportare l'addebito di un supplemento. In risposta al Coronavirus (COVID-19) questa struttura ha adottato misure extra di sicurezza e igiene. Gli ospiti di età inferiore ai 18 anni possono effettuare il check-in solo se accompagnati da un genitore o da un tutore legale. In caso di arrivo tardivo dalle 20:00 alle 07:00 è previsto un supplemento di 30 EUR. Tutte le richieste di arrivo tardivo sono soggette a conferma da parte della struttura. Il check-in dalle 13:30 alle 20:00 può avvenire in totale autonomia tramite l'utilizzo di un codice inviato a ciascun cliente la mattina del check-in.","Situato a Catania, a 3,3 km da Piazza Duomo, il 3 stelle ROOMS alCentro offre un giardino. La struttura dista 49 km dalla funivia di Taormina-Stazione Mazzarò, 50 km dall'Isola Bella e 2,6 km dall'Anfiteatro di Catania.","Umberto House Catania            0,96 km dall’hotel       4,0       44 recensioni      € 81   a notte                                   Best Western Hotel Mediterraneo            1,26 km dall’hotel       4,0       1.140 recensioni      € 149   a notte                                   Manganelli Palace - Hotel            1,59 km dall’hotel       4,0       590 recensioni      € 103   a notte                                   Hotel Catania Town            1,32 km dall’hotel       4,0       223 recensioni      € 59   a notte                                   B&B Palazzo Bruca            1,91 km dall’hotel       4,0       358 recensioni      € 49   a notte                                   B&B Stesicoro InHabit Catania - GuestHouse City Center Catania- Centro Storico - Via Etnea - Piazza Stesicoro            1,39 km dall’hotel       4,5       431 recensioni      € 68   a notte                                   City Hall            0,86 km dall’hotel       4,5       53 recensioni      € 85   a notte                                   Hotel Gresi S. N. C. di Virgillito Salvatore            1,14 km dall’hotel       3,5       113 recensioni      € 73   a notte                                   San Demetrio            1,60 km dall’hotel       4,0       104 recensioni      € 64   a notte",Catania
Umberto House Catania | Prezzi aggiornati 2024 | Hotel | Skyscanner,Catania,Umberto House Catania,118.0,"Via Umberto I 36, 95129, Catania, Italia",44 recensioni,"'Sono stata in questa struttura una settimana fa e c'è da dire che siamo rimasti molto soddisfatti. Stanza pulita, ordinata. Ingresso confortevole e personale gentile e disponibile.
Colazione veramente eccellente!! Ricca di tutto, dal salato al dolce. Taglieri di salumi, frutta fresca di stagione,formaggi, cornetti cotti al punto giusto. È raro trovare una prima colazione di questo livello. Il ragazzo al banco bravo, cordiale e gentile.
Punto perfetto, a pochissimi metri dal centro della città. Torneremo l'anno prossimo per le vacanze!!
Unica pecca (se così si può dire)... La ragazza della reception un po' sgarbata e scortese nei modi.

A presto.'",,,"1,26 km da Stazione Catania Centrale","nel raggio di 0,95 km","nel raggio di 1,26 km","nel raggio di 5,23 km",Catania Fontanarossa,"5,23 km",11:00,,€ 8 a persona,"Siete pregati di comunicare in anticipo a Umberto House Catania l'orario in cui prevedete di arrivare. Potrete inserire questa informazione nella sezione Richieste Speciali al momento della prenotazione, o contattare la struttura utilizzando i recapiti riportati nella conferma della prenotazione. Il trattamento di mezza pensione non include le bevande. Le prenotazioni per 4 o più camere potrebbero comportare condizioni differenti e costi aggiuntivi.","Scegliendo di alloggiare in Umberto House Catania in Catania (Centro città di Catania), sarai vicinissimo a Villa Bellini e ad appena 3 minuti a piedi da Santuario della Madonna del Carmine.

Questo inn si trova a 1,4 km da Monastero benedettino di San Nicolò l'Arena e 1,6 km da Teatro Massimo Bellini.
Avrai a disposizione una terrazza da dove ammirare il paesaggio, nonché il Wi-Fi gratuito e servizi di concierge.
Questo inn dispone di un ristorante e di un'ampia scelta di snack al bar/caffetteria.

Potrai anche scegliere di restare nella tua stanza e richiedere il servizio in camera 24 ore su 24. Concludi la giornata in bellezza con il tuo drink preferito! Presso questa struttura troverai un bar/lounge davvero fantastico.

La colazione a buffet è disponibile a pagamento tutti i giorni dalle ore 07:30 alle ore 10:30.
Potrai usufruire di un pratico servizio di lavanderia e lavaggio a secco, una reception aperta 24 ore su 24 e deposito bagagli.

È possibile usufruire di una navetta da e per l'aeroporto con orario limitato a pagamento.
Soggiorna in una delle 12 camere della struttura, complete di TV LCD.

L'Wi-Fi gratuito ti consente di restare connesso con il mondo, mentre la TV con canali in digitale è l'ideale per concedersi un po' di svago.

Il bagno in camera dispone di doccia, set di cortesia gratuiti e asciugacapelli. I comfort includono casseforti e scrivanie, mentre le pulizie sono eseguite tutti i giorni.",,Catania
Hotel Regina Elena | Prezzi aggiornati 2024 | Hotel | Skyscanner,Olbia,Hotel Regina Elena,70.0,"Via Regina Elena 5, 07026, Olbia, Italia",34 recensioni,"'La posizione dell'hotel è ottima, le camere sono come in foto ed il personale è attento, qualificato e disponibile. Il livello della colazione è buono, ma da un 4 stelle forse ci si può aspettare un pochino di più. Nel complesso esperienza positiva da consigliare.'",Recensioni con foto (5)     Servizio (22)     Camera (18)     Posizione (18)     Pulizia (10)     Parcheggio (8)     Cucina (8)     Area shopping (6)     Ristorante (5)     Panorama (4)     Bagno (4)     Tranquillità (3)     Trasporti (1)     Famiglia (1),11.0,"0,30 km da Sardinia Magic Travel",,,"nel raggio di 3,09 km",Olbia,"3,09 km",11:00,"Letti extra      Costi     Costi   fino a 3 anni     I bambini possono utilizzare letti extra a un costo aggiuntivo di EUR 15.           Costi     Costi   a partire da 12 anni     I bambini possono utilizzare letti extra a un costo aggiuntivo di EUR 40.                                    Letti disponibili      Gratis     Gratis   fino a 2 anni     Per ogni stanza, Un bambino può utilizzare i letti presenti gratis.           Costi     Costi   da 3 a 11 anni     Per ogni stanza, Un bambino può utilizzare i letti presenti a un costo aggiuntivo di EUR 30.","Se hai bisogno di informazioni sui prezzi, contatta l’hotel","Al check-in gli ospiti devono esibire un documento d'identità con foto e una carta di credito. Siete pregati di notare che le Richieste Speciali sono soggette a disponibilità, e potrebbero comportare l'addebito di un supplemento. Siete pregati di comunicare in anticipo a Hotel Regina Elena l'orario in cui prevedete di arrivare. Potrete inserire questa informazione nella sezione Richieste Speciali al momento della prenotazione, o contattare la struttura utilizzando i recapiti riportati nella conferma della prenotazione. In risposta al Coronavirus (COVID-19) questa struttura ha adottato misure extra di sicurezza e igiene. I servizi di ristorazione e somministrazione di bevande in questa struttura potrebbero essere limitati o sospesi a causa del Coronavirus (COVID-19). A causa del Coronavirus (COVID-19) è obbligatorio indossare la mascherina in tutte le aree comuni interne. È necessario pagare prima dell'arrivo tramite bonifico bancario. Dopo aver prenotato, la struttura vi contatterà per fornirvi le relative istruzioni. Gli ospiti di età inferiore ai 18 anni possono effettuare il check-in solo se accompagnati da un genitore o da un tutore legale. Il nome riportato sulla carta di credito utilizzata per la prenotazione deve corrispondere a quello della persona che soggiornerà presso la struttura. In caso di prenotazione per conto terzi, dovrete pertanto compilare un modulo di autorizzazione e fornire una copia della carta di credito e di un documento d’identità del titolare.","Hotel Regina Elena di Olbia si trova in una posizione molto centrale, a meno di 5 minuti d'auto da Porto di Olbia e Piazza Matteotti.

Questo hotel a 4 stelle si trova a 7,6 km da Spiaggia di Pittulongu e 13,6 km da Spiaggia La Marinella.
Le opportunità di svago non mancano: avrai a disposizione una palestra, oltre a il Wi-Fi gratuito e una TV nelle aree comuni.
Dissetati con il tuo drink preferito! Presso questa struttura troverai un bar/lounge.

La colazione continentale è disponibile a pagamento tutti i giorni dalle ore 07:30 alle ore 10:00.
Potrai usufruire di un pratico servizio di lavanderia e lavaggio a secco, personale poliglotta e deposito bagagli.

Il un parcheggio gratuito è disponibile in loco.
Rilassati in una delle 20 camere della struttura, complete di aria condizionata e TV LCD.

L'Wi-Fi gratuito ti consente di restare connesso con il mondo, mentre la TV con canali in digitale è l'ideale per concedersi un po' di svago.

Il bagno in camera dispone di doccia, set di cortesia gratuiti e bidet. I comfort includono telefoni e casseforti.","Ospitalità Del Conte Hotel e SPA            0,32 km dall’hotel       4,0       147 recensioni      € 83   a notte                                       Hotel Panorama Olbia            0,10 km dall’hotel       4,5       952 recensioni      € 87   a notte                                       La Locanda del Conte Mameli - Hotel di Charme Olbia            0,30 km dall’hotel       4,5       312 recensioni      € 88   a notte                                       Grand Hotel President Olbia            0,58 km dall’hotel       4,5       559 recensioni      € 75   a notte                                       Felix Hotel Olbia            2,07 km dall’hotel       4,5       254 recensioni      € 99   a notte                                       Colonna Palace Hotel Mediterraneo            0,43 km dall’hotel       3,0       150 recensioni      € 91   a notte                                       Hotel Martini Olbia            0,64 km dall’hotel       3,5       253 recensioni      € 92   a notte                                       L' Essenza Hotel - Olbia            0,23 km dall’hotel       5,0       95 recensioni      € 93   a notte                                       Kkult Boutique Hotel & Spa            0,04 km dall’hotel       3,5       38 recensioni      € 127   a notte",Olbia
iH Hotels Milano Centrale | Prezzi aggiornati 2024 | Hotel | Skyscanner,Milano,iH Hotels Milano Centrale,106.0,"Via Antonio da Recanate, 4, Municipio 2, Milano, 20124, Italia",1 recensione,"'Siamo stati bene, ci sono semplicemente alcune attenzioni che vi consiglio di fare una piccola manutenzione nel bagno e nella stanza. Ma veramente piccola che difficile di non vedere. Poi la luce sia telefono in camera che del pannello area condizionata/calda e fredda sono fortissime. È anche buffa come cosa ho coperto con delle asciugamani'",,,"2,33 km da Duomo di Milano",,,,,,11:00,,€ 5 a persona,"Please note, hotel's reception is located at the 7th floor of the building.","Ben posizionato nel quartiere Stazione Centrale di Milano, l'IH Hotels Milano Centrale si trova a 1,2 km da Bosco Verticale, a 1,6 km da GAM Milano e a 2,2 km dalla Pinacoteca di Brera.",,Milano         Municipio 2
Napoli City Center - Appartamenti e Camere | Prezzi aggiornati 2024 | Hotel | Skyscanner,Napoli,Napoli City Center - Appartamenti e Camere,37.0,"Via Miguel Cervantes de Saavedra, 55/14, 80133, Napoli, Italia",1 recensione,"'Titolare disponibile alle ns esigenze, struttura moderna pulita e centrale, la consiglio'",Recensioni con foto (1)     Posizione (17)     Pulizia (15)     Camera (9)     Servizio (8)     Cucina (4)     Area shopping (3)     Ristorante (3)     Famiglia (3)     Parcheggio (2)     Panorama (2)     Piscina (1)     Trasporti (1)     Tranquillità (1)     Bagno (1),7.0,"2,35 km da Naples Central Train Station","nel raggio di 0,97 km","nel raggio di 2,09 km","nel raggio di 5,76 km",Napoli International,"5,76 km",,"Letti extra      Gratis     Gratis   da 1 a 2 anni     I bambini possono utilizzare letti extra gratis.                                    Letti disponibili      Gratis     Gratis   da 1 a 10 anni     Per ogni stanza, Un bambino può utilizzare i letti presenti gratis.           Costi     Costi   da 11 a 17 anni     Per ogni stanza, Un bambino può utilizzare i letti presenti a un costo aggiuntivo di EUR 20.","Se hai bisogno di informazioni sui prezzi, contatta l’hotel","La struttura non è disponibile per feste di addio al nubilato/celibato o simili. Siete pregati di comunicare in anticipo a Napoli City Center - Appartamenti e Camere l'orario in cui prevedete di arrivare. Potrete inserire questa informazione nella sezione Richieste Speciali al momento della prenotazione, o contattare la struttura utilizzando i recapiti riportati nella conferma della prenotazione. Struttura gestita da un host privato","Napoli City Center - Appartamenti e Camere ti permette di soggiornare nel centro di Napoli e di raggiungere a piedi Molo Beverello e Porto di Napoli in meno di un quarto d'ora.

Questa guest house si trova a 2 km da Piazza del Plebiscito e 16 km da Vesuvio.
La colazione a buffet viene servita gratuitamente tutti i giorni dalle ore 08:00 alle ore 10:00.
Potrai usufruire di deposito bagagli e ascensore.

È possibile usufruire di una navetta da e per l'aeroporto su richiesta a pagamento.
Rilassati in una delle 5 camere con aria condizionata della struttura, complete di minibar e TV a schermo piatto.

L'Wi-Fi gratuito ti consentirà di restare connesso con il mondo. Il bagno in camera dispone di doccia, bidet e asciugacapelli.

I comfort includono scrivanie e acqua minerale gratuita, mentre le pulizie sono eseguite solo nei giorni feriali.",,Napoli
