Target products,Home,target_com,other,review_rating,other
Shaped Woven Gingham Heart Throw Pillow With Ruffled Trim Red/ivory - Threshold™ : Target,Holiday Shop     Valentine’s Day,Threshold,Shaped Woven Gingham Heart Throw Pillow with Ruffled Trim Red/Ivory - Threshold™,4.7 out of 5 stars with 14 reviews,14
Lunar New Year Toddler Short Sleeve 'year Of The Dragon' T-shirt - Red : Target,,,Lunar New Year Toddler Short Sleeve 'Year of the Dragon' T-Shirt - Red,undefined out of 5 stars with 0 reviews,be the first!
Men's Heavy Puffer Jacket - All In Motion™ : Target,,All in Motion,Men's Heavy Puffer Jacket - All in Motion™,4.6 out of 5 stars with 42 reviews,42
Owala Freesip 24oz Stainless Steel Water Bottle - Tangy Tango : Target,Sports & Outdoors     Water Bottles,Owala,Owala FreeSip 24oz Stainless Steel Water Bottle,4.8 out of 5 stars with 10653 reviews,10653
Sling Crossbody Bag - All In Motion™ Orange : Target,,All in Motion,Sling Crossbody Bag - All in Motion™,4.7 out of 5 stars with 29 reviews,29
Make-your-own Lunar New Year Lantern Art Kit - Mondo Llama™ : Target,"Home     Arts, Crafts & Sewing     Craft Kits",Mondo Llama,Make-Your-Own Lunar New Year Lantern Art Kit - Mondo Llama™,undefined out of 5 stars with 0 reviews,be the first!
Men's Crewneck T-shirt - Goodfellow & Co™ : Target,,,Men's Crewneck T-Shirt - Goodfellow & Co™,4.3 out of 5 stars with 8 reviews,8
Men's Speckle Rib-knit Beanie - Goodfellow & Co™ : Target,,,Men's Speckle Rib-Knit Beanie - Goodfellow & Co™,4.7 out of 5 stars with 20 reviews,20
Oversized Primalush Throw Blanket - Threshold™ : Target,Home     Home Decor     Throw Blankets,Threshold,Oversized Primalush Throw Blanket - Threshold™,4.3 out of 5 stars with 1311 reviews,1311
Embroidered Floral Square Throw Pillow - Threshold™ : Target,Home     Bedding,Threshold,Embroidered Floral Square Throw Pillow - Threshold™,4.7 out of 5 stars with 108 reviews,108
Lunar New Year Baby Short Sleeve 'year Of The Dragon' Bodysuit - Red : Target,,,Lunar New Year Baby Short Sleeve 'Year of the Dragon' Bodysuit - Red,undefined out of 5 stars with 0 reviews,be the first!
Liquid I.v. Hydration Multiplier Vegan Powder Electrolyte Supplements - Lemon Lime - 0.56oz Each/10ct : Target,Health     Vitamins & Supplements,Liquid I.V.,Liquid I.V. Hydration Multiplier Vegan Powder Electrolyte Supplements - Lemon Lime - 0.56oz each/10ct,4.6 out of 5 stars with 796 reviews,796
Men's Cuff Knit Beanie - Goodfellow & Co™ : Target,,,Men's Cuff Knit Beanie - Goodfellow & Co™,4.8 out of 5 stars with 146 reviews,146
Eccolo '7x9' Self Care Journal Blue : Target,School & Office Supplies     Journals,Eccolo,Eccolo '7x9' Self Care Journal Blue,4.6 out of 5 stars with 140 reviews,140
Dumbbell 15lbs Blue - All In Motion™ : Target,Sports & Outdoors     Exercise & Fitness     Strength Training,All in Motion,Dumbbell - All in Motion™,4.8 out of 5 stars with 3501 reviews,3501
2pk Chenille Square Throw Pillows - Threshold™ : Target,Home     Bedding,Threshold,2pk Chenille Square Throw Pillows - Threshold™,4.6 out of 5 stars with 943 reviews,943
Organic Olive Oil & Himalayan Salt Popcorn - Good & Gather™ : Target,Grocery     Snacks     Popcorn,Good & Gather,Organic Olive Oil & Himalayan Salt Popcorn - Good & Gather™,4.5 out of 5 stars with 1460 reviews,1460
Heart Healthy Trail Mix - 10ct - Good & Gather™ : Target,Grocery     Snacks     Trail & Snack Mixes,Good & Gather,Heart Healthy Trail Mix - 10ct - Good & Gather™,4.6 out of 5 stars with 247 reviews,247
Men's Abstract Print Midweight Puffer Jacket - Goodfellow & Co™ Tan : Target,,,Men's Abstract Print Midweight Puffer Jacket - Goodfellow & Co™ Tan,4.7 out of 5 stars with 6 reviews,6
Heart Printed Plush Valentine's Day Throw Blanket Pink/red - Room Essentials™ : Target,Holiday Shop     Valentine’s Day,Room Essentials,Heart Printed Plush Valentine's Day Throw Blanket Pink/Red - Room Essentials™,4.5 out of 5 stars with 34 reviews,34
Men's Relaxed Fit Long Sleeve Thermal Undershirt - Goodfellow & Co™ : Target,,,Men's Relaxed Fit Long Sleeve Thermal Undershirt - Goodfellow & Co™,4.9 out of 5 stars with 68 reviews,68
Men's Faux Shearling Lined Pig Suede Gloves - Goodfellow & Co™ Brown : Target,,,Men's Faux Shearling Lined Pig Suede Gloves - Goodfellow & Co™ Brown,4.6 out of 5 stars with 21 reviews,21
Tree Hut Moonlight Glow Shea Sugar Body Scrub - 18 Oz : Target,Beauty     Bath & Body     Scrubs & Exfoliants,Tree Hut,Tree Hut Moonlight Glow Shea Sugar Body Scrub - 18 oz,4.9 out of 5 stars with 238 reviews,238
Valentine's Day Dog Shaped Throw Pillow White/pink - Room Essentials™ : Target,Holiday Shop     Valentine’s Day,Room Essentials,Valentine's Day Dog Shaped Throw Pillow White/Pink - Room Essentials™,4.3 out of 5 stars with 11 reviews,11
Heart Printed Plush Valentine's Day Throw Blanket Pink/red - Room Essentials™ : Target,Holiday Shop     Valentine’s Day,Room Essentials,Heart Printed Plush Valentine's Day Throw Blanket Pink/Red - Room Essentials™,4.5 out of 5 stars with 34 reviews,34
Olly Women's Multivitamin Gummies - Berry - 90ct : Target,Health     Vitamins & Supplements     Multivitamins,OLLY,OLLY Women's Multivitamin Gummies - Berry,4.4 out of 5 stars with 6197 reviews,6197
E.l.f. Skin Blemish Breakthrough Stick It To Zits Pimple Patches - 36ct : Target,Beauty     Skin Care     Serums & Treatments     Acne Treatments,e.l.f.,e.l.f. SKIN Blemish Breakthrough Stick It to Zits Pimple Patches - 36ct,4.4 out of 5 stars with 17 reviews,17
Saltair Santal Bloom Serum Body Wash - 17 Fl Oz : Target,Beauty     Bath & Body     Body Wash & Shower Gel,Saltair,Saltair Santal Bloom Serum Body Wash - 17 fl oz,4.3 out of 5 stars with 624 reviews,624
Poly-filled Throw Pillow Insert White - Threshold™ : Target,Home     Bedding,Threshold,Poly-Filled Throw Pillow Insert White - Threshold™,4.5 out of 5 stars with 63 reviews,63
Loop Band Kit Blue - All In Motion™ : Target,Sports & Outdoors     Exercise & Fitness     Home Gym Equipment,All in Motion,Loop Band Kit Blue - All in Motion™,3.2 out of 5 stars with 283 reviews,283
Ghost Whey Protein Powder - Chips Ahoy - 22oz : Target,Health     Vitamins & Supplements,GHOST,GHOST Whey Protein Powder - Chips Ahoy - 22oz,4.3 out of 5 stars with 50 reviews,50
